srno,Production
32,199.836446825648
35,310.47188031962395
42,51807247.83082776
43,142.58513706579427
47,614.6886031169923
51,67.48111298451603
52,465.3466765785799
71,1.0578651490672653
74,1.1657228032642795
76,72633160.50384347
88,4741.878660919663
92,32.13590595278414
104,953.4396455740412
110,20185.012702488402
119,97.30167906657776
120,585.162879561453
121,1.9605823751399367
122,479.00130676038947
123,823.3138303329187
124,464.8630566265091
128,29462.471688487964
133,24806467.794533983
140,11799.299858918126
145,1232.6404690925042
150,17298.59420410993
155,1462.1206594836676
159,3094.829012670503
165,1845.7021415531844
173,4084.0859387521587
175,25.548818485948047
178,875.4700609208393
180,1022.7081983733567
181,218.4993165330285
186,1703.641934634398
197,102.89206685059449
202,2532.3323765018295
209,10508.501433528378
216,67600.67205733129
221,20668.88116570684
222,187.7721485041344
225,2476.928579339855
231,1964.2140490246938
248,495.32270307207284
262,12998.588747996298
275,0.9449865587929335
284,5913.105685309713
289,2805.0515728765013
291,9716.442899576938
301,218.9557181038301
303,122388.39820496169
322,136.66488869518605
336,497.3012934939635
345,7128.237403538796
347,18904.632024407725
359,225.31789656930582
363,12.717421259733982
364,8978.847070244605
371,225.39928239601397
372,429.8862434852324
374,3273405.717521409
377,418.60408290173035
379,41.7866935970158
387,4657.705737557943
389,3247.037256543146
405,2.0183533804206517
417,4.711431986851911
421,3894281.076236371
428,1517.9646699319514
430,476913.4617867299
431,62234.09606178293
443,56.23258476619388
452,79.46779108645602
453,285.0839257764828
457,18.638112928028605
460,18501.228311783045
469,27077.410884345547
476,19635.39753918316
483,211642.72900522212
507,705.2772722571318
509,36.56512346304285
528,270.0969420659078
529,19.523231471719274
533,37.93460621722639
545,324.61169395567896
548,449.3565076324964
550,24.410167286136698
564,7.13397991603536
570,19165.93596928116
572,128.41336980968254
573,0.9882796558081002
575,3661.098632255015
585,8816.61674710471
590,25.887654564038428
596,34801.47336916091
601,464.125913659707
604,18.999507427235088
613,8.667625798689697
614,17643.548842140535
617,2050.6373436756344
625,10620.842871054636
627,29171.07734234894
629,50001.38467462942
631,19960.67616624959
633,986.2995033717863
636,5400.544064669022
643,26.839603147190477
644,3641.5839434692166
671,1257.603593379941
677,118.45614709917871
689,3253.557271518
700,261144.59917668128
708,1531.257279929285
709,3741.39277504705
722,2700.3308009973402
724,4.118831163033846
727,770.7953403283351
730,29.16492595818016
731,8449.347956723586
732,801.027430942559
733,67601.66403986176
737,189.24941821807724
753,663.152115430315
762,98736.31788271412
773,3887.2859122588466
796,8208.317487590803
798,1.6461638784164987
804,618.5133535487696
819,6505.01006541751
831,155.34815217066335
835,3120.849872768728
839,574.2162983865093
860,4256.239142261502
869,563.7880091836944
872,8853.753826199385
898,62082.99413198806
901,6.22296984775498
904,39.88127018387421
909,83462.93255037312
913,3.0071211113165455
918,1112.6767642214695
920,8.956940857730649
923,1107.603416392051
926,7.13299723927518
930,383.2825043241707
936,3805.3061306255872
955,112213.50698782108
956,202.84184719953709
964,261.3039738128005
965,412.85788997769345
984,5941062.5701351855
991,1394.6787725065274
994,278.7221319311846
999,3059721.469574452
1000,586.335533459316
1002,71826.01182327852
1012,1677.7799220156364
1021,95.93922422592279
1036,79242.90367490302
1049,64740.27767083491
1057,134.34383069531148
1069,231798.20293856016
1072,9.187307608723126
1079,12469.278736906284
1086,560.6531950504595
1095,1.9324419013454655
1111,13.182780227994751
1112,659.4935494022611
1120,1166.530617532442
1122,10.289053415803785
1124,41.915449327137395
1132,524.7016896582784
1134,53.0061037324232
1154,2444.088774840663
1167,2429.899935919098
1183,1953.746853444898
1185,4873.711317760102
1186,0.9743868660202476
1192,17.40618346024379
1208,5236.262541522587
1210,8259.542568960545
1226,15.701129307348227
1228,3933.011975608147
1230,8539.39181379331
1232,714.2057565642751
1234,756.7526466917983
1242,7.138675084460312
1244,2151.2577966577996
1251,87.99146683841123
1254,6143.157370146429
1276,1516.6516448124585
1282,1764.5230355066153
1296,11454.05308091061
1315,19594.002393140352
1322,266.6297169960741
1323,3.9142657292690357
1324,895.8830632688166
1335,31.690993074243337
1338,73.08814576744376
1346,16625.0881842061
1350,239.53532876235545
1352,23271.454357385133
1354,14376744.168477563
1359,1152.7909755834714
1379,0.9892136627064942
1384,36.60547596277706
1390,1292.1467535799259
1408,254456.09048992183
1417,1010.8815616527187
1421,6741.135765006939
1422,2832249.6862983215
1431,3860.7671604211987
1441,5254.269032588983
1444,1109.758313136935
1455,38.569310404065824
1461,387.0004877921273
1463,1450.9305415150543
1466,91.84981616637172
1467,1438.772434145747
1468,69313.76097181825
1475,12062.97417993824
1476,60822.622617882735
1478,275.2622066203025
1480,57.766536672636356
1483,2.0797938855547757
1489,1847.276831011086
1497,11615.294662164868
1516,9503.329997078421
1517,56582.76006750407
1526,4943.59620348864
1528,5110.899532145231
1536,75.55467245896115
1537,10694.401813311151
1541,99.19917321849208
1543,368.990708526292
1555,599.9799680218291
1559,133.60648863213598
1572,5.004944329635851
1576,1777.3528552607304
1579,28452769.640264213
1587,260.7909994770275
1588,1229.5540823690988
1605,61977.368127703645
1617,128135.23834170925
1632,155.3398657481427
1645,2007.2829630369831
1652,382.6032665149328
1657,9.431123809192222
1663,486.79377619666144
1679,344.5777215658685
1701,108392.1011154434
1703,48316.41318125013
1706,19344104.614696667
1711,4766.195245513412
1712,66015.15337158019
1737,96.90523515798756
1742,545.9362631133426
1743,1.9896473407738386
1748,11.90149912344939
1764,119975.38504075397
1768,295.9458604206542
1784,2862.283818788399
1786,189.24938781270123
1794,2123.8848328859162
1795,7078.787252561294
1804,402392.3587026184
1822,15878.395130663974
1829,4341.4246899799
1833,423.62255063818316
1839,1609.9049797684725
1852,1418421.1992273831
1857,10654.792560531205
1866,109.8944257398371
1867,533.3648115247166
1871,514.9542401393962
1888,47.89895692632073
1889,646933.5173553905
1902,834.4418483585457
1903,2084.8534800097473
1912,61.71853541977712
1916,311.80709532435344
1917,553304.4130543027
1920,918.2341353890249
1923,5788.910786779199
1945,141420.03955133673
1950,9.036429967651138
1953,49.67283329545263
1955,176.7720909538663
1960,1669.7817261243936
1961,422.6662291508363
1977,498769.9120343873
1984,0.0
1990,18.48209428077672
1995,0.0
2008,120.00117258998993
2009,2094.0759734295143
2014,64.64958981648188
2017,656.0770875416323
2037,1732.529213075055
2041,0.0
2043,4647.97302170007
2049,1089.6429169826947
2054,375.2543115449714
2056,20957.434864804243
2061,48371.71917601612
2068,23.84050664797107
2079,985.8813470921577
2082,41943.78341150494
2085,124.18875104789824
2087,752887.0100623115
2090,11490.815094939619
2096,562.0107205059999
2100,607.6947740579524
2106,34.03413259522705
2111,38.67239338366711
2114,589583.3973377305
2127,1513.7990133789808
2140,642.6140253927936
2144,2454.0803193939523
2147,20267.69322232507
2149,114.11009865923256
2151,448.3332954203614
2155,27.043258045638964
2169,58560.501210471746
2170,15944.00676636376
2177,12.770617541460364
2186,206739.36943198604
2189,1063.8988095702032
2193,1029.6226356467955
2200,1019.1724717622761
2222,123.84860234310186
2235,176.85790993463257
2246,32800.005080858165
2250,27.854416151754535
2252,1421.4241084017353
2264,23.33139297103623
2283,8.006035446502558
2289,1101.5666109120266
2291,84.2261715769004
2295,83.06632180668426
2297,1455.8241846933045
2298,76.38855898170007
2318,6592.433377021286
2331,956.2619422370958
2335,128682.05287408117
2341,4145.8647737595975
2342,13.815656895874556
2345,782.9674521545285
2362,442.2106523118567
2363,122664.798183126
2367,247.70553496867575
2373,32862.422507232455
2378,1787.7615270929434
2385,4827.2384664549
2386,27.06511802381639
2387,133.2132559339775
2390,230008.88107853415
2393,1141.7177548370855
2399,218.39251923510048
2403,68744.23164784643
2422,2.9939156150173334
2447,5846.210449944133
2450,513.749712055486
2456,478.2034312963458
2459,847089.4740051912
2465,2513.751911303088
2476,25.661833237589203
2488,23417.773362607582
2494,267.9935324532529
2509,1224.5253276498738
2512,6103.153957294205
2528,99731.18360276741
2538,12893.20367710823
2541,1249.6418877463734
2545,20500.521497797665
2549,73358.72153454808
2553,190.66724999234583
2559,7011.632226294635
2560,891319.4395143683
2574,98.83305871026408
2579,250404.40696500853
2580,529.8868577808705
2588,3663.295915861267
2595,18.449374945934686
2598,367.9770190316516
2601,24566.303544456452
2604,17422.91661611588
2613,5594.450298108446
2634,134270.339625107
2636,5551766.814830823
2643,1518.9978255340457
2644,362564.1520266385
2653,3489.007970801592
2657,5069.841936749039
2661,1489.230204113898
2664,331.5866907876346
2666,25.989353059382385
2667,11.302308064321123
2674,138633.89831316806
2683,136.1836641272933
2684,27.021405892101658
2699,7167.167495781023
2709,116807.17983300019
2714,23862.65733950908
2715,0.0
2723,0.0
2731,7574.102969304374
2732,30919.874472011383
2734,21507.089521942606
2749,397.7713517222036
2753,10734.355194072657
2759,16970.290341555203
2768,0.0
2790,1704736.2902052302
2796,2985.4493186385484
2798,814144.0344131553
2800,686.2394247062972
2805,661.3924434356046
2807,11388.098380713569
2818,48558.63135477829
2823,156530.83196307704
2825,34.39471525963809
2828,29512.745281614458
2830,3718.3870028586657
2840,762.8248308924567
2841,434.5671104392203
2843,10134.06817579021
2845,11361.884623877086
2846,238594.4532326306
2858,389.04579513935994
2864,434075.2580745412
2871,599.7126307195956
2875,36.22394816173667
2879,4350.7624086064625
2886,106048.48201369625
2891,38.09195118675599
2893,5471.7742916351135
2894,35613.2365246738
2895,18649.519032517484
2905,3101.5338973933162
2910,1037.3630422836604
2912,29403.927243357408
2924,965121.0738831279
2925,168.7122773879919
2929,23729.83350105871
2931,37723.51328135519
2938,22719.653675023445
2939,163212.1786418158
2940,43.2719678985851
2951,339162.0817821809
2953,194.23805914500818
2960,2394.3546533861136
2961,19340.878948437396
2968,1116.48957174087
2970,375390.8850921911
2978,37359.54608066665
2983,28515.79745325809
2994,626147.3722072535
2996,12.745285283888826
2999,198.66299740808392
3001,16243.18186940509
3002,14106.199021014576
3003,23819.967143328973
3011,39543.112856354055
3012,59.97360088866385
3019,10652.68920133511
3022,20.732236978353495
3023,2616.002149814411
3027,2765.7066773613433
3029,13788.22415464607
3031,1122181.094026989
3048,211779.14212759
3067,4354.525453293254
3071,32910.54272254218
3093,25571.726830899745
3104,2083725.0196510127
3118,5676.751136208535
3130,18635.178633920976
3133,341.04198748314525
3134,3316.713794764447
3144,497.36581929376655
3145,137.50479560499662
3162,989.9013279449482
3166,1426.6928258661019
3169,1216.0757549677649
3175,1000421.0822562085
3185,11592.085860160207
3192,160549.90998164425
3193,629868.3372401819
3194,62286.17666604629
3196,573.3047932699674
3200,12.643985695789553
3202,110.39961714139008
3210,108.92528568482767
3222,18463.736589903077
3232,672.7237344853627
3247,167254.425838822
3254,201.65769972695472
3258,93.76998045636576
3266,35375.54708732845
3269,281.9324060293385
3276,32.402536822873195
3279,40026.26608846669
3283,26.481524417427096
3298,7110.269783001486
3310,182551.90847839485
3313,167.84463012466966
3314,30033.880644075973
3321,75.93172238451955
3322,3775.5525779877303
3323,52.786604581105784
3327,1373.9099824508908
3328,5818.450441704548
3330,0.9830572899161257
3340,552.0367219736146
3354,68.76015601296042
3358,98055.29134387987
3367,51558.68187292168
3381,1114.1914336027594
3382,26.753111356399856
3385,527591.2784268197
3391,2563.992055862806
3392,2793.4406216861007
3395,5700.779156773531
3400,121.63253086642851
3401,96.43261006936235
3404,58962.21586086846
3405,17.14144170946533
3408,10.51440843466308
3411,696.2059782788488
3412,28075.783119924614
3413,25564.68234397528
3423,436.82069962066424
3426,231.48234751182963
3429,7276.608511859154
3431,29933.32115167289
3432,658526.6363984966
3434,0.0
3437,475.0587793203702
3452,66.52024801482757
3464,24.15381917860357
3470,3582.0609881687333
3481,2048.29759627434
3491,0.0
3493,6483.279513990941
3501,1357.5858206703188
3518,5893.147893459293
3529,0.9172666838932562
3534,1.9647118460897244
3550,739.78370527831
3561,862.1608570824268
3562,48571.385686223395
3564,96.3088747382963
3578,4819.048315455675
3582,190.40407777433197
3584,1603.9654524831935
3589,12078.262436075527
3590,3.0662643261618063
3600,0.9162087340550369
3610,15.589216528122298
3617,271366.6020939834
3621,206009.21538056407
3623,128.12143324861384
3627,5860.588832955227
3638,36296.029433728756
3641,935.0572730944831
3642,73933.67570577771
3650,12.797725105304078
3656,19.678155438966503
3671,3736.313721840723
3678,216722.50786661325
3680,1049611.9500856325
3681,5050.35347473494
3684,177.4076201868193
3690,18418.247249921566
3694,13618.28112590505
3698,11.393948558483451
3709,60555.17810037794
3715,419.95542199422084
3719,15.593513546919954
3722,384086.00436068623
3733,884.3295726856807
3734,41302.31764549111
3738,1908.888396200089
3745,5.48329330959259
3754,188.99927612385216
3759,14707.537295835215
3761,192.56136173505524
3763,82.75082484002904
3767,26.411128743026573
3781,51291.66077158869
3782,116.50104758630832
3788,36.10038254527705
3798,4519.95301156217
3800,23.587119771727323
3804,2673.0324011264174
3828,2.0151960472485277
3835,182.2542074069733
3848,5758.953314884813
3866,7.917869399972519
3901,44306.895170922544
3903,10935.316543282508
3907,169201.2081427473
3913,780.931130748227
3915,160868.92967517392
3924,129748.58840815593
3926,61.44101694239999
3942,105.85630376092169
3948,620.5748002864419
3949,38.954652298035995
3957,587180.9916331115
3964,12012.51229877168
3965,2.006367781501913
3970,23.01378472177684
3980,138.89434588130746
3984,149277.26098644722
3992,27078.400846689347
3993,611.9973030284186
3995,5234.619088530063
3997,15.253187300605983
4004,1472.1267871734863
4007,3959.7881917054556
4016,188.75444481289992
4046,302.64751773005605
4050,30425.62935379003
4060,106.00434458923998
4076,873573.4592778852
4078,1539.4616626379784
4081,225.26042690875124
4083,11487.855144417175
4084,1066.1320809245133
4085,1.898494914385837
4088,3.111818603145296
4092,1777.6355329503515
4098,66451.50179557377
4110,4087.847042268639
4111,9.421587956680613
4131,6939.615107629261
4133,4900.405384683237
4146,52.04642370895959
4151,556.5490739281634
4174,31107.621163618976
4190,29707.895755970956
4191,2839.7745651407045
4199,21248.44816197308
4204,0.0
4220,11.563590031664006
4227,99020.15890696681
4240,2883.762443918011
4262,7.866436015449445
4272,166.1142960931724
4279,6012.416828945771
4284,767911.9763743908
4296,4859.237334385033
4299,42.30060698693767
4302,146.84072992879413
4304,19437.17755313332
4316,5933.313615078091
4329,533.4143335588276
4332,2013.2230784555557
4335,398998.942976355
4340,13207608.249669574
4344,173.8012771280316
4358,2291.0335244676194
4367,28.649660801777458
4374,1967713.5598796757
4384,995256.2428330346
4388,15641.582634101122
4391,358840.9097373262
4393,1611405.5761434126
4395,2235.613894392418
4398,11669.09653848752
4400,24031.57117229821
4404,38.1785635396412
4405,867.8288658194309
4411,2.8808291018467744
4414,568.4343153934559
4417,88676.59041397444
4419,77.66396037273223
4422,1072108.6267852834
4425,19508.201890733242
4426,2261.3161007101644
4428,134518.54461883559
4440,1446.0211820363993
4449,131280.97046522834
4473,82.82643621722612
4478,205.5186692774394
4485,42.774870498833494
4486,400.62268892146045
4492,18704.136307449266
4496,3420.896249504171
4507,5614.928449356276
4519,27393782.802242696
4523,140.43431264526163
4527,5409.158408360982
4532,409.84139399155947
4539,9023.804336898553
4556,157246.70868960136
4558,45.65771432173091
4561,131.3577009926272
4568,539.9960931337688
4580,1530.3856208459629
4585,96.67071504949124
4592,14.836227160622718
4597,638.6562646136802
4613,357.9811418558255
4622,2887.682387807052
4624,19763.190738224286
4632,20.935407765005735
4638,239.05338349755755
4642,341.5701111899581
4654,147901.29459833555
4669,99872.04205616357
4674,24515.967388048834
4677,106415.71795878708
4682,866.5587196071483
4692,1482.4634807185569
4693,3008.3709404806705
4695,47564.336257645366
4697,214.09257444520685
4703,98552.1508230856
4711,406.25911617670386
4712,14909.743858468708
4713,18598.370061394016
4714,9265.155922170086
4715,327.1394948969158
4726,910.9828846456131
4729,57247.708080768454
4730,511.76331987811506
4739,82.033128508921
4742,18929.109092773928
4755,6437.692587340709
4760,17.166196700548504
4762,308263.9754584164
4769,423.82795157197995
4771,55644.34688688115
4775,26.568442889832053
4804,6909.75075261056
4811,40.117283824294056
4821,117554.62533432081
4823,970.3980767172164
4827,128.37572697884008
4837,28681.84021729214
4852,8909.181472004713
4868,453.65312290663525
4870,0.9930350348929836
4884,0.0
4892,6269.579583441055
4897,4.853070791769859
4898,5919.629137937587
4899,176.5631608326004
4906,43713.07824010735
4913,5858.096150673955
4920,140580.96914329607
4922,72.18919601627047
4925,103390.5676528414
4926,33563.13965560363
4928,139444.98754661364
4934,51.954472118615875
4939,389.09453664948603
4946,0.0
4948,362166.0414388819
4953,15030.742303049306
4959,108.06464420119713
4963,14157.854712197775
4966,65511.777641867026
4967,32171.91933756045
4968,157693.9933933213
4974,20.491916140857988
4979,463.48830568314315
4980,136.8007940933416
4985,123.50697314244293
4996,7.16436110825725
5000,35087.96097326086
5002,2579.0935022889603
5009,13247.311154942163
5010,15474.665126970547
5011,22179.298171045208
5017,3540.497106401472
5025,465.8031374647101
5029,56752.644139795084
5030,479.33562949522513
5032,1.8644643512482144
5041,86.59417490823311
5055,5553.357745027355
5078,11193.203884960581
5080,30625.86165915099
5084,305.51834884327565
5086,44.95838019054677
5087,2444.0939356061194
5093,209772.1224983855
5094,129348.76442563784
5112,1999.9686265157152
5119,47748.04994499674
5122,141541.6405314098
5123,9728.766884758574
5129,125502.30731066276
5143,336961.7911486354
5148,23.39505104961456
5152,145.05292553903908
5153,134.1109694246281
5159,4517.333005909027
5161,100986.58047037224
5162,114708.505546194
5163,40.03079096637144
5164,17224.310272282906
5166,15495.989179077056
5177,8.016440842726336
5181,1663.5715446185184
5208,10423.341971715146
5220,9042.899518664932
5223,868.7283586150024
5224,1038.9625336654303
5261,2.009539967445166
5262,331509.72708713514
5265,156.0063062222716
5269,9.781042709751663
5273,344.9421634801612
5280,104.38807402227384
5306,388.70069811183015
5312,11831.61816535115
5316,3.239244136732104
5318,131.1802246089697
5324,3311.620452917966
5325,308.7093277650829
5349,12289.997399755397
5356,38.15888175379622
5358,338.866812373474
5387,6493.549329929863
5388,673.8700972450523
5389,18.678559306683493
5390,955.8643381176662
5391,600.9342420300554
5401,1768.0982621977992
5404,518.8172847960219
5425,787320.1576431042
5446,41645.463843453574
5454,3589.7662719670875
5459,185896.80003004847
5461,185.27701926839214
5481,2293.773357231577
5482,12500.006957812471
5489,8034.372296096493
5491,120421.45495441032
5495,63179.0249201232
5498,7542.656084306598
5502,18326.473437296205
5503,1833.8110441713152
5509,1314.8346810971034
5515,5123.586623586334
5520,218846.94816465842
5526,466.5664754613802
5535,238596.62677038065
5541,86803.4792374752
5553,224.5528988137947
5559,461.7063299257255
5586,2606.047956408729
5592,1442.8827240592568
5597,2630.798788043155
5609,317245.9162165341
5611,465.8099206260009
5612,1231.219820585385
5615,11267.400003248313
5618,2172.8411327643735
5622,1126.9038087734461
5627,31491.070166783313
5629,960.1112627134451
5630,994.8064776642447
5631,24797.747361815225
5636,137667.38304701232
5644,8751.624628690955
5646,8707.030916933136
5649,20.834135956638793
5656,3.670913584356763
5662,8257.386905356881
5664,2123210.5890704864
5685,469.6506288194459
5710,3808.2230976393416
5716,2137.1328260504947
5737,700.6662099585909
5738,13136.800655917488
5740,26.148134902141432
5741,566.3818223306117
5769,2654.607104704463
5778,15549.358567808178
5780,12196.21142798127
5781,0.0
5794,2094.228143691774
5796,8060.2654002367435
5820,8.363329719043948
5821,225.13402179785146
5828,10966.306507963956
5830,78350.2608929946
5835,33666.010028221186
5839,9429.375778125332
5849,6787.800786472008
5851,17594.614142881648
5853,2865.7657965481967
5858,5479.251142768036
5864,1485.599231126446
5874,11865.904044259163
5875,2633.1977067377024
5878,886.0660955860545
5886,7014.701931005806
5889,631.886343624231
5890,20.624727216850424
5895,276.6756112368631
5897,17862.52108794267
5906,11755.003633245948
5910,633.9588965516258
5911,10269.030411650549
5919,68278.80486019173
5935,1078.4819203483805
5939,10028.597584629231
5948,6223.181083081067
5960,166690.3427276295
5970,56.636856246240676
5975,2767.25771493895
5981,27020.54861874025
5984,96350.05669014007
5985,32370.99667059232
5987,957.7346221577749
5994,62.45582109979939
5995,837.7961578049492
5996,97.50857169707709
6006,2999.662787360726
6007,356025.74190083204
6022,2676.6403730209754
6024,37460.77715607133
6029,6213.133215720544
6031,3984.795499004162
6037,127645.46025375926
6054,22339.618962932607
6072,47.26941479608985
6077,52118.119639324184
6079,12279.598488328655
6080,142.52539691509438
6082,102916.29696314459
6093,686215.269728254
6095,35410.210961995675
6100,37488.20872831046
6103,790.0229302085115
6111,1358.253218028311
6113,9031.596739625398
6114,46936.838439409774
6127,14752.470956120742
6140,13110.066829085317
6142,38529.15695725474
6154,10795.97692805533
6164,279738.87451354315
6167,6577.367825025903
6168,4.08759610682747
6171,13131.668408196214
6176,123830.11742151676
6184,380.2383959533674
6210,11109.795230092337
6212,154715.83804283373
6213,14015.326475029357
6220,96.74098152085806
6233,10810.035876456579
6246,63894.78850052062
6247,109.56075555313038
6257,794.2965630472901
6263,140.34557742437323
6264,20914.013355274208
6266,1866.710899667901
6283,97.08976721758933
6285,20672.944627640332
6292,197.99931711912973
6295,11685.811569188316
6300,205.30629935977456
6306,2568.6559405733083
6309,5769.680901488149
6322,313.20019763065466
6324,108.65451587117845
6333,3728.3974203319844
6367,13.82115714194831
6369,129.86825999225903
6374,218.82303499033182
6377,2708.0271345342376
6392,98.80685413123126
6398,630808.7209157377
6399,7283.9944315563025
6404,1306.5493057766587
6408,3716.167838820844
6412,187.86780962913804
6424,4386.026249921529
6427,260.15064308513644
6431,7850.624738450762
6432,191.1234993728185
6438,11382.810109454076
6447,13.837940337812414
6451,904.5060530650103
6454,260.73919490373936
6466,13.440570135784947
6467,1148.5082163700179
6478,97.57050806346923
6480,7214362.560913221
6481,17.45790876532146
6486,0.0
6489,3083.1095754488983
6510,20.64213452674252
6513,18257.474934573493
6515,209.21594817575968
6541,786.472804687355
6546,3543.0099250929816
6551,10.295803296399155
6555,115.07161754136852
6564,116.29406985350442
6584,1117.9107009701027
6593,62.111489051489215
6599,18380.30848483111
6614,741379.5925981831
6618,1076.472260654817
6620,1079.1554179951324
6621,11810.80914624463
6623,12336.474501261182
6637,282.03237810200386
6638,957.5642673820521
6644,41.12321072028209
6650,6114.908929364858
6654,971.2208021526078
6657,2038.0960208683189
6660,1047.646249516386
6670,854873.4825419388
6673,913.6586446741679
6694,4681.881930909362
6696,304.80106484477466
6705,531.5958832535172
6706,222.64157965886417
6709,1199.1591115851072
6710,1905.5834029901646
6721,58.53766269106538
6729,1460.4207296821214
6734,26970.100395781392
6739,358.32759325711953
6746,12352.936733297402
6747,165.65931009765754
6761,4575.376172173358
6765,97.56159178445256
6768,115.0673350696656
6775,302.28485918229705
6777,54.46628387482201
6785,14813.465094301637
6786,18.60059481020588
6792,76.75402703525823
6812,2265.2135424029275
6813,823.8903203204267
6815,2521.9922261949564
6820,71182.84149400555
6826,72.27968116906895
6838,10.022846254136873
6842,12972.934935147907
6845,12099.47387376033
6853,1368.8101361848587
6867,99439.71316099195
6868,900.7935885072576
6870,81.47585543675757
6871,1096.4009907534032
6874,83.1199066452187
6875,55.91884360199481
6878,134.7760357930491
6890,84.75203814260722
6901,9.42734980123587
6908,131.17092102318324
6909,14.955295169440484
6913,438.77073991536446
6916,76.5187128425202
6921,65717.75194284681
6926,15492.57434854424
6958,14212.143011083752
6965,215.55907338365907
6973,528.3466102096738
6974,1680.0164072234747
6976,5882.416939111109
6979,209.70371177256925
6993,149733.6331052693
6995,4409.910766490559
6997,100.84914466542972
7004,103.20232755678241
7008,447.7126205055655
7016,849.5038083765396
7018,3119.3927679219755
7019,304244.4507816944
7028,2882.4654567755015
7073,206877.25255208093
7074,688.5306223667884
7076,96.89198404164408
7087,85.94909665872612
7091,406846.6954967511
7098,6599.87414975135
7110,128318165.18029638
7113,515293.94141304557
7116,56.60522571545475
7117,1006.0484223410554
7122,22552.83267637882
7130,1790.4029089756868
7161,195797.1525920265
7162,559.2887183792758
7163,1427.8421281449755
7170,203.6673080645748
7171,24371.44459244429
7184,115.86703693817984
7188,10861.974159147527
7192,14874.527574706688
7199,1685.118001054279
7209,0.0
7211,517948.7869363374
7217,965.3044501858603
7247,17170.72386490466
7248,9348.056898345367
7250,404.6347032134629
7257,4534.331172404006
7258,6080.01021718923
7282,9355.354521719866
7284,13747.105571435904
7290,2325.141599654637
7291,380.7048008370836
7300,220.23093660536298
7302,91155.83117844898
7304,709.6917132247111
7305,7.401529776169027
7319,2494.022274906385
7330,2100.445718302326
7332,1480.1142720518626
7338,101677.66665968696
7339,1043.803925485247
7365,413361.44580216944
7367,106.54237134599532
7377,6369.775032708381
7382,106253405.29122077
7387,1400.650936979184
7391,706.0042980063773
7402,360716.6103865471
7404,56.58277380935235
7420,156.20262961275998
7427,827.0618120342289
7429,6886.479343224405
7434,44853.327439395034
7439,286.528316492062
7445,3606.7739603342807
7449,16191.371047771097
7452,972.2127655245572
7461,381.80482528281414
7463,1134.8745008460212
7485,40431.07455553772
7492,57734.81351616993
7493,8554.011284677706
7494,172850817.76097894
7496,2.028299678121873
7499,777.453180871265
7505,4272.296541742881
7507,8504.487742542287
7523,496916.7244193043
7528,222.847889339894
7529,1063.1043761988344
7531,1460.41980940512
7537,4328.3440327650205
7541,858.4333431884845
7542,7764.37184017448
7553,1724.5791362766179
7577,1432.4643841279533
7578,384.14296795357666
7582,9681.929516873932
7583,9170.85081163919
7584,2760.7735277093598
7586,37776.24993961272
7597,249484261.67218152
7601,513.4640355950916
7603,1068.1588192783474
7609,68.27339502688713
7612,59493.1527235145
7613,16235.466023100269
7614,414.261032227739
7616,9735.437523592613
7621,198.88901562862173
7623,469369.5376400528
7633,1805.657690371642
7636,10423.267751877218
7637,1213.302535191387
7638,13477.581807620689
7641,6372.785889490423
7658,83135.51956044832
7679,4134.95290808626
7683,304.27355471137156
7686,1895.7062630494522
7690,12012.695287285966
7692,2045.0551166579723
7698,1365.9144689006716
7702,1947.7407152454298
7711,543.6547131499187
7715,6163.484569707692
7727,10482.630212702968
7738,2285.768247775835
7745,2963.960584599176
7750,652.8742425716413
7751,31075.820474412143
7758,8153.666113927909
7760,3571.327741466636
7767,0.0
7775,58627748.862060435
7778,2598328.1782187875
7797,1731.7526506855072
7804,14.50745899206961
7813,259.40192269350075
7818,18866.666825583347
7819,14429.392189118727
7834,61.33437529158708
7836,12758.116428991027
7841,409.4395586961443
7843,61507.255828131456
7850,4218.148013064827
7864,0.0
7865,13464.323350803628
7867,3768.1544751551487
7880,2091.613321608439
7885,43114.856829758835
7892,264.13068410887354
7895,1528.581145463772
7905,2080.9017975251695
7914,4692.847445561114
7923,3666.7846014571805
7925,19177.33304993763
7928,161.06439067236897
7961,8846.548188367533
7965,5996.41307626767
7973,189.42295228251774
7980,5446.878513852452
7987,3030.7354115317494
8019,681.7754414112713
8021,20699.95751898327
8023,62097301.53091349
8030,3600.696483593388
8037,5956.183801539003
8041,769.8025692957775
8047,175487.98529876702
8052,61.9586006115573
8054,2199.506394817862
8056,11134.084053591418
8059,319.5891873038793
8080,9419.948544197816
8103,716.0617292577527
8108,9633.1774858568
8112,1356.5146506206004
8113,280.484810730482
8118,905.4330367383831
8126,1389.896308618482
8139,346.90545866773294
8158,20966.644894003413
8164,2421.9392793240177
8170,780.6236308133222
8174,4600.429661876128
8179,87242792.59338269
8180,836.7693980862558
8194,1390.137093288681
8215,3399.5131530828726
8219,2848.892529706119
8220,18185.55491880895
8229,1247.3460354375106
8235,102.50538883343162
8249,812.4962700470066
8251,625.5583132335493
8253,364.01562948330036
8255,266.8824854130325
8268,23782.07772592484
8276,2458.5025418738533
8279,606.6292746236226
8285,119.04242132300551
8289,59.8976120369702
8298,469.5552605250469
8303,7672.887519342868
8307,868.6324868306025
8314,467.10670776812816
8324,7973.501704444604
8336,5145.7288404881365
8343,2032.7631975414904
8361,3.2571880837230505
8374,2226.7264315243638
8393,712.7408669174664
8400,5670.797542761314
8401,2.075800032310381
8403,113.63275288026983
8413,2656.3823105398947
8431,254.59652771634097
8445,655.793626567761
8450,8.441254870071045
8457,837.3708858903855
8463,201.95747816198372
8465,184506.72646895153
8466,1205.0384116089106
8467,1747.5017971824038
8468,93.42614638223101
8476,286.0842092551664
8511,3542.9632369558653
8530,6332.32281951802
8536,8222.595620954235
8539,761.6469651885419
8543,872.2108099050786
8545,188.55454729844024
8557,19.30309847165718
8562,14.047969090169412
8575,741.9015770256995
8578,155.45383125034215
8582,819.1070341561827
8585,534.4099023322412
8591,6471.44726914339
8593,1733.5614764928298
8596,121.18459390808026
8606,10283.195625577124
8609,82067.10776987167
8622,124.24645652815006
8625,506556.5570264403
8629,13154.28693523252
8634,2354.2212728386285
8656,38005453.88043141
8657,0.0
8667,3616.356632149412
8675,1066.278712137151
8691,343.88780487772493
8711,37293583.18571359
8713,22.21753355315632
8732,149.55058397431108
8744,3608.7307061646334
8745,154.37977400792653
8752,1502.3438498318185
8761,977735.3988500221
8762,292.81359654034236
8766,890.486486151055
8768,2.802154796410513
8770,1199.225643579827
8773,14907.177471923233
8774,388543.11558393127
8776,680.177345737658
8786,5728.905629201401
8793,1330.1398468067873
8801,2.1392383586430315
8805,689.1131281859879
8810,1076.9968704579458
8815,330.1164429627586
8823,3246.3959002982797
8828,32477.95871315589
8832,1810.3217801196079
8838,40827805.23542708
8845,906.8074299538381
8856,2172.921509643953
8858,873.2800300950581
8862,29046.671844846212
8865,7270.648224210511
8870,869.5809856418247
8872,1.0384934928245024
8874,1344.5556327375507
8888,362.19841398184235
8889,14808.799195989239
8893,4495.432436265438
8923,248186.59982061022
8924,2754.5299074068485
8931,6777.6357124927645
8947,542407.830360848
8949,65.6332271507569
8950,4359.1265715841155
8967,1394.1563035345082
8969,1135.399514077462
8973,45444.17666326994
8979,1875.81940796083
8980,7358.74562520892
8990,2946.594687102639
8991,1449.6804228508267
8992,765.6564500375468
8995,14357.39202492468
9022,7105.509361789315
9026,45.94726416051019
9027,1108345.2769734706
9028,61.69152997848225
9029,340.02717865453417
9035,279.8233721990475
9041,739.3642198609359
9043,1607.5728744318408
9044,206.42709710042064
9051,70.86921728761985
9054,1648.4236765416138
9060,7401.844999296074
9062,611.4069336201047
9084,189.2059234292069
9098,1740.961010762909
9102,1825.6076599448231
9122,2773.218671492767
9123,722.8568149175165
9134,43538113.63905769
9141,1.054856926548367
9151,356.68622426275186
9152,1485.3157079924133
9159,3432.546850694973
9165,548.6039545833294
9170,410.1725584424837
9172,1539.3001098745835
9182,5.455915072783114
9187,14387754.732376784
9202,485.8592335822364
9217,6235.93675629845
9222,803247.5970625004
9227,873.5143547728893
9256,112.19791567619758
9258,47.01399499246409
9260,835650.8530872965
9278,2308.8118524345705
9282,2502616.117562062
9292,178.37534989937396
9293,2130.3461226779013
9294,50.88666237164182
9315,98865.87855726297
9321,1126.6256341012022
9327,1297.6532086883851
9332,94.69538470152713
9340,1726.7233168841337
9344,171.8219532900534
9346,119418.53497621707
9348,1498.9030504077157
9351,0.0
9360,2148.250071135507
9365,29276.186309354875
9369,102.42118828326393
9375,451.29126182456616
9386,6839.407443188482
9392,5.549189296276675
9395,1706.280022340306
9396,0.0
9397,17347.472591602094
9403,63677.4357528254
9411,30671.229714396755
9420,6478.727245937337
9424,2251.9067422075345
9427,4666.500566699302
9428,7005.6201755813245
9429,192.8084858743746
9438,162509.27032205948
9441,3281510.625505468
9447,27154.532962520243
9453,277.709917262424
9459,12113.880850677027
9470,13530.99733112811
9484,120.78245951588852
9488,654889.6530169768
9495,191976.92497222408
9518,211834.24350819972
9530,115.79284897080781
9531,814845.2136325643
9533,437.0319024870197
9536,185.8325575953258
9544,142764.96415112994
9548,2193.2268095546606
9550,664.831857460176
9551,56751.071728273855
9552,724.1709634904485
9554,8335.979120186768
9564,3072.8200852821547
9569,316104.29139577615
9576,229559.62815823153
9577,5594.947176922859
9578,318793687.9668982
9580,4098.399806518744
9588,8.476221240015558
9598,114.21156673327722
9600,1398.1537489984275
9605,210820.4092805615
9630,351.118795441777
9631,268222.57685331296
9644,47670.61112873145
9645,6715.2196946491
9655,89879.77587140656
9658,465317.4097618832
9660,2151788.557032236
9662,4061.6233487464324
9665,45.330371400903715
9666,8502.441222151245
9669,3487.902109629628
9671,81.22296708880812
9677,18.527729329998422
9688,5.7219187172461705
9690,27111.60783799251
9691,11956.517877128896
9693,198.72832794277937
9722,6259.42613877884
9723,456219982.43192685
9725,9080.206871444867
9733,98038.56597703669
9738,3922.6474803210626
9744,3141.4382754292474
9751,14.160863641587403
9756,148.42210267678954
9761,682832284.1570902
9765,477.33106259747177
9768,464.60548034318447
9769,631.96274185289
9781,3604.3811983585924
9789,6.491619426705564
9793,531.853162655176
9800,87.04065355378825
9807,83.22606578741905
9836,153.6144388523481
9837,1084.1798492756
9849,2451.8143745583898
9850,1108.8364228985633
9862,247.46551441353697
9867,303.5844730002891
9868,1404.6871316983625
9874,274.9584184176461
9890,508.76267426420463
9899,788.3123784294488
9901,1260.520914581635
9912,480.97880281305885
9914,16347.31393250169
9938,407.8694202894345
9948,1664.8005668185592
9957,1620.0678171332318
9979,944.2877502728412
10000,3543.5164902477077
10002,393.8575946095874
10005,1199.4763249282905
10019,1395.301579534473
10022,748.3321338129966
10025,982.1617002037675
10026,19316.02139924764
10028,617.8427719283478
10032,728.9676556892103
10057,776.7132935019953
10058,677.9419905487807
10069,28.77046816070465
10071,143.330839136028
10073,16816.96712223153
10074,4219.6807642583835
10081,20176.21562020243
10082,3858.486908506377
10088,267.3122293616393
10095,392.34870445535466
10097,3848.9547348630945
10099,25.32531481324809
10104,898.8443064774979
10112,54.93013031729697
10115,1098.435770765616
10117,197.22838959004363
10137,1774.2549805847368
10143,338.30478159720076
10147,32.61461201556892
10152,807.4658281937687
10155,132.90227950985056
10163,316.5205985653099
10189,935.9329639234968
10197,74.03449512704172
10207,57.33641305181477
10223,280.6235634201327
10247,100.81656116165257
10263,423.83148858283806
10264,28.949038185686604
10270,3561.5248934206984
10273,33.947400123599536
10285,3500.9314631552115
10292,600.919665629126
10302,6219.823853377338
10305,133.95368438086294
10307,1140.0242642887576
10308,628.097898766032
10320,7235.972812144318
10332,230.81822335779657
10337,691.6865929230762
10340,252.57300068786742
10346,80.75718512947235
10356,576.5385045210936
10363,214.2180120031275
10364,15.40220619356916
10367,5007.4478101868735
10370,4931.692528092428
10373,2491.7103937933416
10391,4718.218121800159
10397,18264.130515453013
10399,644.6737652063814
10407,1072.383186339252
10412,4327.7180479502495
10413,4206.891634937592
10423,4268.081521869446
10432,151.66016341042854
10433,4801.489901711005
10434,3797.1727752871234
10441,2685.9810722693
10443,85.86988578593191
10447,159.36230067734456
10472,68.06707071462434
10476,4833.388359412624
10481,2767.7521279705443
10486,5770.160922644784
10492,106.22824399790332
10496,5697.909901317131
10497,9994.800246549234
10503,209.01912810736795
10504,8737.907753479243
10505,4383.823780433529
10520,26116.87337609863
10523,218.61409425392634
10526,5584.894098969815
10527,930.9473555566748
10530,26206.17614775008
10532,18.676353134550105
10534,9538.58353869428
10536,5564.740535971266
10537,10458.458709668203
10542,357.1845817193533
10563,76.23118947328607
10568,266.8317219217652
10584,154.45754704227224
10597,14.806936418044966
10611,871.7850827805818
10615,511.1343143046408
10616,678.5291455081526
10619,311.42031014557233
10633,361.5120271953109
10637,74.54071781308691
10640,64.65898693162119
10649,21376.4014572782
10652,404.31359275828027
10657,291.4421475016993
10668,171.5526453343293
10669,8690.3470636335
10674,8390.00683222396
10686,12009.986539176012
10693,1523.5921344109242
10709,667.8364931762911
10726,1714.487177763033
10735,139.00412388865786
10740,12279.117644728623
10764,7137.642520168943
10773,193.75906405396347
10778,411.07778291159053
10781,69.9431500028539
10801,100.49084956011797
10809,11646.55758855178
10814,9882.2142278335
10818,13070.06193599458
10819,22982.146994722123
10821,805.1691216496417
10825,8060.665840012906
10829,24108.83416901437
10837,741.9048830263935
10839,2334.8026837055118
10842,139.111133052751
10845,3864.8814346588247
10847,3333.126078082479
10853,1012.3196318370658
10880,1013.4311964047715
10885,316.7120463964395
10894,1026.305233806623
10920,859.11217820307
10940,998.9203342991655
10949,2808.6221518884086
10958,5044.6996397898165
10965,267.1637037864147
10978,2694.6276453673217
10980,849.0528065470336
10988,966.8581303118525
10990,58.780098846428146
10991,1120.5282775630894
11001,178.89606812685076
11002,1982.6435836043295
11008,11477.749040042272
11015,381.2553454045588
11028,1855.7356926574091
11030,1113.4305669376554
11035,1459.3664009861684
11045,379.6194595971083
11049,252.54230340842705
11053,228.27716008066477
11055,875.7651037308641
11060,11484.427307830356
11061,3465.29917867937
11062,108.5387678668323
11068,2268.546821567857
11073,984.7913897206749
11083,3803.410598520393
11085,1065.4396436537895
11097,11.05721467757573
11105,1489.3755762346884
11109,3954.6029162479367
11119,1358.7742783026183
11120,1197.8627212045983
11135,1405.4920882389797
11143,1895.7489449365528
11152,2229.4093696461496
11157,23.275446658297376
11162,670.9327216307084
11163,1942.2307344468034
11176,1045.4504020996167
11187,2357.5627252502477
11195,188.52767855245156
11196,1682.2662276400624
11213,1560.5325729844742
11214,581.1901962351593
11222,463.6383575255241
11229,743.7481773180295
11234,4556.3464219005655
11239,869.6795021023506
11259,76.33376484118332
11268,337.01307599696435
11281,21963.587334941265
11289,383.73285352431594
11297,896.4328035503484
11302,2227.193430836402
11307,904.6646938696151
11310,1115.1972373321646
11316,21802.505796277703
11323,3968.628085763762
11330,1573.1839386424854
11332,3078.51065442085
11358,383.5205619288721
11365,365.6841900525844
11376,1313.3742668446173
11377,917.2831966530567
11379,133.90344230576417
11403,27.12927368843205
11414,1054.3778893475042
11415,1025.5150958582872
11420,3117.367692711101
11440,1487.6611370164521
11444,162.13481579900625
11445,35.66392193869265
11450,802.5758778304873
11471,189.05294399566188
11472,49.12777057166164
11490,330.2409246966518
11502,15.278923928235464
11510,118.61435076215139
11527,231.61585066294475
11533,139.88533695874582
11540,2699.9001374911404
11541,10816.288424289472
11543,24.907182326051487
11553,3113.20501868046
11575,1543.8866423681
11577,316.17497877280647
11578,241.29268629766602
11579,145.0940164302601
11595,3126.6678441008585
11596,4074.4522751569016
11624,3608.951429292724
11625,4293.063785913191
11635,169.96503700291635
11637,105.15054433307425
11640,1964.7590656936732
11658,12.90084315776742
11664,1232.773556490963
11666,2.679048231230793
11668,16.59469139962789
11671,13.03367829239619
11673,37.24077363316554
11686,113.74846184193888
11687,40.427436217357524
11695,68.23775704598603
11700,1207.2489791894668
11705,1020.4049981683353
11722,1080.912399692129
11730,1097.8195534982658
11735,517.7734716644376
11739,114.32250320287982
11746,574.4407084838964
11762,637.0734446009014
11772,1275.5163314118627
11778,745.8236253170016
11782,1018.7483599574049
11784,1936.4600020644189
11786,838.8208806389231
11799,2098.154017120114
11804,165.32824969476175
11807,47.468629051688005
11815,185.016748772754
11820,82.5076737985383
11845,16474.545079968124
11858,22.109170449792288
11859,96.44989583659401
11864,156.8341066107766
11865,13.61677819757051
11880,28.694516756760493
11893,126.43794602437639
11898,43.99498621771865
11901,2016.9796327415295
11912,1038.050462285058
11913,1249.3912584459968
11916,532.0088786188909
11933,1295.259107980455
11934,295.83313433318887
11944,815.5519513347137
11954,18072.865320462104
11960,1055.1989810225416
11961,1632.391694598537
11964,365.76356892685055
11994,40.99139894906904
11997,3011.3997414104383
12016,207.1986886622293
12020,382.76607717758395
12023,173.06408652780246
12029,774.1584154749577
12036,678.8675069102716
12042,2797.332172418247
12053,957.5440284419731
12056,23.32233958176135
12071,209.61111360573653
12073,160.62882239654456
12074,2126.5169869574393
12077,940.8340545998484
12084,814.2948404219409
12090,3403.1384831061455
12093,988.6946205629922
12124,50.432693659707766
12125,2839.9540362573734
12130,2243.3164888072674
12139,10.959428772473741
12140,1063.878466470891
12144,1344.4031834280174
12153,406.67851257519675
12169,153.8461302408653
12172,2058.5466912482098
12190,2507.0507611652015
12198,1899.6691066005124
12202,155.73552530718771
12208,601.2292893138069
12210,1733.4673232952687
12213,23115.20482129878
12222,19547.504110108894
12225,246.01037570525108
12243,2157.585244862051
12257,30889.7639297112
12258,2068.582962589308
12262,23372.92781852327
12265,255.81374136603657
12276,7013.516641989061
12283,1688.5187846472813
12288,1472.977779545442
12289,324.4983755828475
12292,1965.9391346600019
12296,2727.2742256854353
12308,16631.12289807393
12316,274.1215173549407
12331,17617.31416543075
12339,117.99651575134911
12341,2.723536127702593
12348,54.64713415891519
12351,140.89084441576793
12366,1318.884400998959
12367,3.994730199939763
12373,2.801838041896462
12375,145.2624686518415
12385,863.0621586382148
12391,31675.460923282506
12396,236.79426801430623
12403,70807.46055730959
12408,8592.687232445849
12415,30.16204144614559
12426,154.10868803894274
12428,560.5505923759556
12429,2684.4122965178003
12432,18053.68397207199
12443,152.1209244727432
12451,580.3792071964308
12457,15452.372139403155
12464,232.43858477748844
12486,517.3690769507982
12496,400.2444651980486
12500,9182.867889094425
12504,661.0657696065301
12524,3063.5294249191797
12533,1157.8997859155286
12552,741.317853617276
12554,2981.4232021415833
12564,38.837569387008806
12571,765.9600084928782
12574,6014.995091946155
12586,13.67658790724208
12612,6494.22034239683
12617,19412.902701071598
12632,6661.145713821005
12636,2.939411981356895
12637,150.5600107902961
12639,5193.891322717547
12640,47.78431330659234
12644,1655.5510821605228
12648,1135.9811861736944
12649,514.290617809451
12654,23592.95834867553
12664,26.66640175892181
12685,42193.658386640214
12693,934.3527732866595
12710,36.69702141484444
12714,493.43639780385365
12715,15.196046234939082
12722,1314.6061491717578
12727,10856.246465496375
12729,5728.3209291040885
12732,1304.1789262160019
12733,1114.9285570955249
12734,128125.50523532256
12736,1765.683832575458
12737,199.29640051461809
12738,32.30938801017762
12741,59936.83096102514
12742,230.1593843688195
12743,5.972361152307027
12748,495.7860785474546
12749,503.3702071465485
12750,1288.5229760847237
12754,16772.499996499857
12760,1356.8680412527929
12761,1216.6541985861509
12767,773.9601661217343
12783,7424.185963036992
12788,36145.00778713902
12792,1538.566951468246
12798,28.353509278756878
12811,86.68697816244942
12814,532.9026503484403
12816,1689.6221843143994
12834,793.139604843584
12856,7851.648951547934
12857,50047.765898948084
12864,81580.71117044223
12875,5085.913757133085
12890,4409252.960858224
12894,7902.9598024428915
12898,72478.28418478204
12900,105.63047425294194
12906,311.5433473564378
12912,342.6731436426373
12939,425.8804494381172
12940,73.06391104747821
12955,37113.625692525304
12956,14028.836280790534
12959,13.402920012387867
12961,49509.71530171173
12963,128.404197099237
12964,9.735053484072294
12972,72.77955115850922
12974,1484.3817292682352
12979,3066.8302744129505
12994,707.6700544315806
13017,36940.089630185736
13018,43.8936229273316
13021,3171.5128996680255
13038,459.8847545984292
13043,2352.965794017756
13060,65.79293279237147
13062,778.0096656826161
13064,34790.28638387337
13071,913.1295530203079
13093,1576.3453471337734
13096,1051.3079434842082
13097,149427.82680137412
13117,49.9584056924389
13123,11488.338733709266
13125,2403.0623082451275
13126,7380.577119888908
13128,171619.31418732015
13139,215.4018152148415
13150,173.31705513482083
13168,8955.448050695371
13169,6847.758548143191
13175,16893.762648498123
13179,4.046182678792988
13181,136.12750929423106
13183,900.5224199955538
13197,180.97433064714565
13202,5732.565750670933
13205,164651.46347140064
13220,236.58405391966087
13221,963.1965290028975
13222,826.8668316593291
13223,532.9583922191881
13228,3.7686953032799804
13236,1666.0734748020936
13237,2294.9351560711016
13241,6709.138160233201
13253,4.058330125902305
13265,3580.4218363245845
13270,22330.774394326832
13284,532.5981160104254
13286,23.124725479601864
13287,337.1514028979234
13291,9622.022645435873
13301,29.52707983131547
13305,172.39495407610255
13307,5.066727013161362
13310,4009.9370064411005
13325,19030.6497208309
13327,1053.974685380169
13336,44114.82639917561
13338,3643.1025407061707
13343,306.8537821826136
13347,14250.225206682026
13350,3567120.857115645
13351,460.28605042227724
13354,7372.015595128374
13360,29447.488031589284
13368,355.7008523371555
13369,491.05291487428354
13373,128.55549151231133
13388,612.3640267609395
13413,10480.320808724873
13417,1031.8971685783984
13432,190.90471849907195
13439,1381.4166357776069
13444,1138.0981708921236
13460,413.02450383517163
13467,3161.132832062381
13471,19.661917127632382
13475,4033.0963982789954
13480,12663.656209350134
13482,549.6201951552267
13486,915.7889934866358
13497,439.80748352950366
13498,271.27717984653543
13500,154.1231934401473
13504,184.12178483246447
13511,335.2606780395427
13521,99.94196696355424
13526,2577.393308419148
13541,20243.704510470292
13543,358.6048944125919
13545,15897.62046319513
13557,100.83744761090615
13560,200.05573480459447
13567,227.05367919725177
13574,32.70892773041014
13578,498.8492563509919
13599,651.0754218779493
13604,6581.879798980285
13606,1983.5377251207265
13621,84.02386448009766
13633,716.9856097815469
13634,83.50986657225549
13647,20636.54681302655
13661,172.7394637655583
13665,8019.033572192487
13668,751.5590487643361
13677,3652707.725476487
13679,3212.1781930932248
13686,126.36806916156779
13691,4.008434444834601
13697,4204.969520706154
13700,710.3748296064799
13701,4.07682640340847
13729,2.8939906993120523
13733,107.02496848478197
13736,126.06576008779206
13746,904.2277529674258
13756,4462.30417791166
13766,2.736668586009948
13769,1648.935411289916
13773,4569.063064098128
13787,4636.928080542677
13789,1046.3662530365264
13798,240.1805778092805
13802,6984.980091262437
13814,700.7747215583349
13825,572.588974654606
13826,1146.1417702397114
13828,39128.19080680656
13830,10723.726397054088
13832,22635.589540740886
13833,7647.334620515107
13841,32.94278781471935
13850,7817.505914603587
13860,4.825052614570474
13866,542.1832350432121
13876,35.02409069359596
13877,10530.963867150585
13891,72.57246929966354
13898,8.407072126534173
13905,850.3040341192509
13907,2963242.9356971546
13912,793.7340536102336
13919,43.00032204657932
13921,31.781663206623385
13926,20.587225143299182
13928,614.4253481014117
13932,2899.6880632104735
13939,815.3632264986064
13943,191167.7953355163
13949,66.40457220861917
13960,398.0122632082738
13962,12218.137385740603
13963,2051.1423752689807
13965,2431704.3020202145
13967,446.38543493451635
13978,696.794765834443
13982,56.51756566002056
13999,283.21887782401683
14005,128.31929990426244
14007,237.44872340085413
14008,182764.4249253246
14016,64.60900378403919
14035,25782.774806942773
14051,27.069966912224004
14056,342.298040898107
14064,9859.632639026911
14065,10417.192162206444
14070,19555.5658366949
14072,35.94727103806505
14080,19.43611691366556
14111,19.927493451555506
14112,20.614659533249544
14121,2835579.353699925
14129,611.5592697122393
14133,35.339781503643025
14142,14.046460818983627
14146,1004.3457291047728
14147,534.9600624456606
14150,1779.466201888265
14151,39699.32783929021
14157,7237.506547281772
14159,843.3733268078214
14168,53.144366656019024
14171,102.09084955184741
14173,523.136125443234
14176,10.416295669131907
14177,15.518594858788584
14179,1297.505367416192
14181,126.33806142544167
14183,2838.826763201412
14191,6730.322725892158
14205,15.856195535118099
14208,14.386606249776744
14211,250.1298578809153
14217,37553.41008344814
14228,536.7609435065415
14244,17.70733740201454
14252,9950679.55205437
14256,13698.919760374081
14261,660.4101963147668
14285,229.84775613832218
14304,38.2759746963967
14329,16249.524999576208
14336,206378.3436671485
14339,10485.208191410955
14343,308.74467564585103
14348,125.76759875421516
14354,725.4700567098847
14355,1565.570841685477
14357,13.0344630173396
14361,23870.80634598912
14366,14263.608518531126
14373,720.4393845242076
14378,145.97682247825585
14381,234.3840168655478
14383,9.722992743354157
14384,980.0011249813007
14402,72.16545647900183
14409,793.1647323100082
14413,134.77039627159778
14422,10.176613507455432
14425,65.39839766220999
14431,5906.0256969520915
14447,255.735309825323
14449,138.37074598558584
14454,706.9128831960008
14467,15263.341474223651
14475,100.9902895233505
14476,6.9662183511194335
14484,7.328376489495245
14485,99.54240118072039
14494,1743.0491901302757
14504,1291.9027722802732
14516,201.4458584865884
14519,6.543292647105238
14522,49.73629965403587
14546,9741.03294401914
14549,250.02481078916648
14553,8.10462837240088
14561,4748.778366619434
14563,7292.09787651073
14582,193.26970534479756
14585,2754.889679288864
14589,755.0144235870026
14593,385.1264435585876
14605,3159.263989361486
14606,24.844706251886546
14613,2.780172944794554
14625,23.270891745658762
14637,866.0043373232133
14640,7378.984803629348
14652,14.66952293344193
14655,1822.161624178423
14666,1689.0340644490548
14682,7123.989165528939
14683,295.8587408467723
14692,749.251697943336
14694,122.66791301401247
14718,3976.9734135724784
14722,258.9123660974125
14724,54570.2153651362
14729,9475.796818464954
14739,22.968760873485802
14743,101.99607908176907
14747,13941.30084824009
14749,881.340078971972
14753,8273.87677452788
14756,30238.49460821101
14758,383.0757451263517
14761,40134.06228002229
14764,87979.47252696098
14785,77740.43362130251
14797,315.7589364841976
14799,9952.137171983377
14805,931.7388792591589
14809,1222.1321392195775
14823,171.40198244146274
14824,169.7124064245017
14833,969.5482125079368
14841,116690.66395744414
14843,285.12183714516436
14847,481.89091371751397
14858,2988.43618776239
14872,24.927121870458965
14887,2619.212281849627
14897,1106.9214492655187
14898,1772.8015011939813
14901,160333.28055238488
14904,20.849636032144602
14919,2177.5799029605973
14929,7762.1287708746395
14949,748.9882251334329
14954,2355.03930588927
14958,23044.421944323098
14974,3.0744922915577284
14977,3074.986298388706
14980,88.99179540812219
14997,5.3038747067679175
14999,108498.16760604433
15001,138.48379094520192
15007,91.29318480574464
15008,221.11299034146518
15010,77.17001424977366
15011,144.53655259653718
15020,3547.0529929698314
15022,473.4603668527719
15026,573.3149865496046
15028,2.938453481376841
15044,126.1118173302949
15046,283.145691357648
15049,1784.8743452416281
15060,131.51019933973961
15066,170.02026546691587
15069,237.9235364033396
15079,1906.1599861247066
15083,53.82483859617651
15114,664.376747542387
15120,678.9836852180322
15133,143.85827387711038
15139,692.6209807863556
15140,79.88069341900447
15144,2972.368241495538
15147,21615.555206560068
15163,21758.93319616822
15178,5278.198008152426
15188,474.31796762155057
15193,19261.481168048987
15207,643.0729598543553
15209,27.97392458943611
15213,1556.9092116772754
15217,679.4507201155407
15223,2187.1513889577127
15224,42228.162671102815
15227,102196.49157005225
15228,112295.49729769187
15230,11235.656418181781
15231,118.07652376618626
15235,1975.8562855979847
15249,1730.0604443780032
15254,448.26657431746884
15258,23465.285428560823
15264,101344.50478154806
15268,383.5352475309563
15274,569.6737477086606
15275,396.32084462711924
15276,2989.058666324956
15277,774.3352532409885
15291,407.42863729293555
15293,1485.0770972523765
15295,66201.068749282
15297,4630.797077126812
15299,45318.46244326181
15305,4948.199383599295
15309,52158.96053521551
15339,97038.78348984741
15356,244.59595444082845
15369,1600.8242635577776
15371,35.19133261926298
15381,918.54435197013
15391,185.20419299935298
15396,5.089387725961762
15415,3066.5270069785984
15416,578.1138270700884
15417,115.01395708753827
15437,1105.2428352779054
15439,647232.3885667439
15446,16.16819307222026
15447,191.21659494894513
15448,89612.17076336266
15451,47.51019558277568
15459,3.1386869117515035
15463,594.45003864716
15466,328.7857201119894
15467,1664.9027961592406
15471,530037.6371953811
15490,18.393410750655224
15502,16306.655718809428
15509,13820.49808799568
15513,5.653711430459586
15529,39.025465518073275
15540,406.66700988793383
15542,430.48991650572793
15543,3531.9121915008927
15551,5376.205079274806
15564,141.57725945165478
15570,139.56430799152298
15573,1274.789290136703
15575,3.8776371683315882
15593,189.1116986255616
15597,3054.4950260864753
15600,137.252060274822
15603,3445.6199737504157
15605,113.08576525105791
15607,168.28459356598714
15611,38.477407019365295
15614,448.2109783398148
15618,18.097219213735695
15619,4.404166734628305
15621,151.1528822247841
15640,79871.80764102281
15662,14763.058337651963
15695,456.9575908196646
15700,3328.2931948333066
15706,11.37719187195684
15714,185.78919313597245
15717,60.41047700736438
15718,7.073386553249811
15722,37.62641929305354
15729,732.2752360912673
15750,24.9418861607236
15755,1.9087133118201203
15771,3740.262984542802
15772,340.0424849027353
15773,83.59620665644738
15777,6960.373375426275
15786,306.3122053998643
15790,166.91752605530652
15797,11.18554474328634
15801,2583.1160483983067
15808,10488.136595599011
15809,558.6072428034214
15811,22627.291733103804
15818,27.29740485155449
15832,33.23536849253445
15846,13782.394277190597
15850,3534.3587372767993
15877,1636.1711790799607
15878,2567.9071671850966
15885,22660.951976984787
15891,107070.76702299956
15893,12731.695455500385
15902,293.23518432840905
15903,3321.390111786176
15904,225.69560902864765
15907,1.9458967875866582
15916,2783.025401451706
15933,188986.54257789152
15939,655.9052883571593
15956,302.6728087917275
15957,8.333762558600977
15958,2.600738187782639
15965,247.0444885340213
15968,9828.182619024807
15972,25447.25341669139
15975,2816.4816872189126
15985,8.8366118375179
16001,2955892.052191158
16008,25.67810789393866
16011,21785.29556357826
16013,8.765629647905339
16021,221.8466872930909
16022,641.2193922573545
16032,57057.35433068583
16033,11754.338746725929
16036,9.327846707907714
16046,909.5544235507607
16056,3620.244430574075
16068,4.999873657328936
16070,48426.322391570815
16077,5755.367859753745
16078,954.5554188811394
16079,858.0567460693264
16081,210.39310811811742
16084,286.8909712834704
16086,371.7677545602222
16093,2194437.971797419
16094,1362.7108407622447
16098,1575.3627821728737
16102,392.63367394718966
16106,18270.096828445123
16107,273.92285354017554
16109,0.9788125053308367
16115,1875.7298701645602
16126,1427.3417561159367
16127,19856.490742189988
16141,17312.483546443706
16149,4622.128700687877
16163,44235.331989761304
16183,255.83267943616332
16187,78953.65244426967
16190,1012.7063457906661
16199,8253.933302907793
16216,9709.679082308061
16233,108479.59217588874
16242,86.77141144645242
16250,14075.000714161915
16254,1004.0816273163144
16272,2359.138474894274
16277,324.9648579402339
16278,6412.715258427321
16280,8322.06725408409
16282,1302.1744135803183
16287,1654.465986468352
16293,250.6118200313282
16294,39665.92412676192
16300,3846.446756333422
16303,1566.376776684775
16317,4936413.857351205
16320,1667.5413629564134
16329,73.36504227515883
16343,351.2772830294395
16344,9769.32601250631
16350,5198387.137598851
16367,243.41834401157726
16372,855.812365216669
16378,1141.319609129231
16395,54536.92120146227
16400,115328.56110076455
16406,419.8091719207067
16410,1605.6862891261515
16413,196.8320856915089
16417,427.93822146899566
16421,4077.8241015491817
16423,18032.65017934327
16431,5549.94414657515
16433,68.74814829715825
16437,3023.5402843409497
16440,517.4862814826454
16451,287.46594771255803
16463,5910.547771820187
16466,61305.56505713204
16478,141.5044910389735
16489,3044.227320694372
16493,180625.4202791855
16507,10631.396138480079
16510,1856.5131606160624
16526,16139.276765237786
16528,10.33387954736694
16541,2817.188428425706
16544,182.99248382398684
16549,89.66579098821732
16554,54.316816146996686
16556,13.29042838005378
16559,52.387541540200125
16560,142.44194220721778
16561,30.37229093099611
16572,72.75912808399669
16590,1.0951754528781197
16594,923.1003096764229
16601,5181.2413569169785
16607,8948.712790683145
16622,6439.32674346689
16629,195.5385234744786
16640,8.266438850548846
16643,237.25072685738323
16645,219.2797897782608
16647,44.01132616839794
16654,466.4922100532433
16658,17059.505966325534
16667,225.90620164397768
16669,2.0205715703304783
16678,9.955046164378995
16686,466.3334443735373
16696,3575.6035700065795
16701,232.44586431578404
16705,135002.07483965752
16712,93.6940187671492
16714,12.770160085375059
16726,14861.195682951053
16730,300.8439867573392
16731,142239.5598056477
16739,11.813764842766668
16743,6.196198606070993
16747,233.1872441463815
16749,332.7821552803541
16757,57.37282720465264
16764,2.020526912298039
16801,23.31408376370065
16803,466.82404669440217
16823,28.441685613586895
16828,0.9914709310425668
16852,65.06278196530188
16865,1610.0788921965454
16874,255.61989164806062
16880,2.1190795596379712
16888,3.1563396167091966
16891,162.45973703407492
16915,843.1383116354127
16917,25.969490484012802
16921,162.65559015278006
16923,3.01009177335646
16928,2131.2970513046785
16934,9581.991488214335
16936,164.34084774164114
16940,109557.4087218314
16946,61.30029842221258
16966,10.683523264526439
16986,1261.523729916064
17015,36.35744424139759
17016,907.7707452856386
17019,81.36487485737537
17022,1329.742946918448
17044,1002.3846688723698
17049,4.112988141503684
17050,194.077078116984
17061,349.8161861165538
17068,1178.0379198585285
17091,6744.491883997921
17098,1.0032392831253376
17101,2.071367512169488
17105,70.67174461099069
17106,74.90244302358107
17118,15357.386013847057
17119,6746.025811383396
17122,151.58755191860305
17131,241.49452419482068
17153,9.303151894173189
17171,28.32523077045113
17188,10.252593279429421
17199,234.75980114879263
17209,210.5623391258207
17215,159.160692209266
17225,1.914804531702644
17226,1.08832442576128
17228,19.195909470286615
17245,335.48882576507305
17256,384.9890589229233
17264,150.09053925190466
17276,8497.96952168969
17305,138.161646944861
17322,125.69842283204747
17325,50.99763425128271
17338,10659.789267087828
17367,61436.9700160804
17369,420.340212313107
17371,154.93946134132165
17372,44902.31321142705
17377,535.9831310343116
17383,2.1640527255713966
17385,0.9677170080343702
17393,9839.396717801972
17400,67809.5373086673
17411,1259.8461545589957
17415,4.979049121826508
17420,44.20547664591434
17426,172.98287904950982
17434,65405.04242401627
17436,3015.2996580785875
17443,100.48210751305058
17449,4.761714846506775
17452,1.9629921313308667
17460,38.595853447963044
17466,48.39428374906816
17468,121471.03268499684
17473,11312.370442383619
17482,1.0350115265629118
17491,219.697639768371
17519,2.004690763449961
17522,581.9665722955901
17534,218.77489772972464
17535,34169.99126000071
17550,30.726779580002265
17558,567.623376332699
17560,14.975615183180645
17572,75.3170418164889
17584,410.01712272556136
17587,300.03660662765316
17590,37.15762486064463
17592,11255.307057125148
17593,828.5250034085335
17606,11.951621484141388
17613,25010.633194977443
17615,330.41828356919217
17624,2408.7323165316484
17634,225.62481512282463
17636,795.7552458575308
17638,36280.36245264054
17645,1142.3009405231828
17661,3606.754696108867
17671,19441.345864715204
17673,1068.6398527293723
17682,29708.638925677038
17687,551.5732649638186
17709,31130.906039798927
17719,29.84102368716301
17721,63931.03319030479
17722,18956.771926375986
17728,1421.0833100672014
17730,351.8366650270647
17736,2413.0433703925305
17739,1505.8817331570824
17750,656.80786009207
17753,79941.91390693391
17754,18765.366507127666
17755,223.4083831251111
17756,12.161168809473342
17761,451.5455350466818
17769,133.02040873699443
17808,29471.125756522757
17810,26791.940402336433
17811,5662611.345433254
17819,873.7526847841726
17832,178.936788077771
17836,52.139297762960425
17845,447.59444572750044
17847,4315.1881898343645
17855,3.1394125543019724
17859,417.0934131916396
17871,33172.3162975953
17886,3.1179069446799437
17896,66.68851465324852
17897,354.8706366178759
17899,1550.4706772475897
17900,987.5020459511273
17905,2908360.4747261927
17925,49.486316704415366
17930,103.97675991500749
17933,3976.2787178339618
17951,7.987532309398572
17968,56894.00575209032
17971,68.0753252673604
17978,1300.5136602045357
17982,74469.60575016872
17993,40382.84893801257
17996,623.2958315916467
18005,126.29951291125083
18006,3256286.64342371
18008,2591.3942639856173
18010,9141.445533966835
18012,1346.7961434752503
18017,12669.44631208504
18029,57.91019647690867
18034,2003.3019081396299
18038,46513.49693686127
18047,941.8362216423715
18051,11201.887665713486
18066,2882.3504021174767
18067,186.59363395202246
18073,114.19225396288222
18076,2013.8260241746566
18096,42.09196214176991
18099,4810.816847724761
18103,1512.5260977367648
18116,2637.7295269787915
18141,1826.0612439385736
18142,4.420504177099816
18149,1563.9170379375464
18154,2653.3227276378298
18157,80935.15280922168
18160,4414.096842045545
18172,49563.46889722728
18184,3797.380781252326
18190,8245.429360939073
18192,2973.9318059750503
18209,42.73349346629552
18215,5611.94800079398
18216,681.9389503386009
18226,18.90704352046373
18231,1.0558317937048942
18234,130.4761892285632
18241,3696.177820292796
18242,4173.809950144922
18243,1013.5245041932416
18248,114.00674750017471
18254,14.008847628084967
18266,16.084305930869682
18275,5586377.489510813
18283,82.2778449667193
18285,10538.407671649295
18302,27710.733438336083
18315,4.595709660921884
18318,168.06116376167105
18340,274.3193097136763
18344,145160.34222536426
18347,4.768178381876424
18348,4.69109801194806
18366,29666.608365861448
18367,20987905.84808385
18369,535.4376410297693
18380,9143.925180865956
18386,22.385281865747857
18391,6.261649174209358
18394,98.52787298970816
18396,1991.7991227120697
18399,6300.046495067739
18401,28317.90784018563
18409,128004.9895597866
18412,13.606055687567018
18422,59.50531145038377
18429,1379.2401986199093
18434,142.89865255329386
18443,182.61696652032452
18450,59.89479394546182
18460,1216.1504299860517
18465,472.09790211244723
18466,36729.20541633388
18471,114.7434747938752
18477,3388.699794744014
18478,114.68575140001963
18481,61.33091090690878
18484,7.392959380212658
18487,93.31931527029204
18492,7722.29770941403
18496,178.86631745387797
18501,35.33978997605921
18512,3.8231423525206454
18517,559.4201322197587
18518,67.02970384328496
18519,91.58314663478227
18521,2309.886815358386
18524,6934.774129107819
18528,13698532.486590624
18531,468.41379781853544
18543,2852.1847032493924
18548,42.314352184453085
18550,6.12529512580857
18552,399.0696493995405
18553,58.09224063192824
18559,4913.832582713413
18564,7913.773193526968
18602,43.5154587517268
18603,10.301603866908241
18608,14.10068963171898
18615,5372.844117658611
18622,516.1193494020115
18627,17651761.163875584
18628,483.9617194214466
18633,189.39135975452461
18637,246606.1468305519
18641,24.60369861854717
18644,56.1005260749677
18657,224.68001027107283
18660,3778.6812677411867
18669,291.95153896558384
18671,81516.21823622714
18674,204706.73736180415
18677,123.06616013158835
18701,627.150688586883
18712,4518.853307836765
18720,1030.0619137225847
18722,161.15105002501124
18743,509.990500468513
18745,67870.87546927287
18747,294906.15071333863
18751,131.7540567318106
18755,666.6974565215032
18758,4732.103383175253
18771,4537.098467705259
18777,70651.19742684372
18786,23.726862215166612
18800,3448.0928877742404
18808,1.9589468264422216
18815,10.808772560719897
18816,740.0752788176449
18824,101.55554866851956
18827,338.9257572607208
18848,126.9816173229634
18853,21.965072254211574
18861,288.9229326734338
18862,14.819983069941557
18865,1.9727853411793095
18866,4.823393202702009
18875,110.32320689018111
18890,2.7098869290543575
18913,49.68378753829427
18924,232.34231093028936
18931,430125.1218734302
18936,3935.08477686281
18944,10744.596676088117
18969,4548.856463260179
18971,222.10314421848767
18983,1.9258414598992004
18984,1.9723824568595587
18986,1105.4012901009305
18988,374.3738352629202
19006,1.0220279611311438
19009,1.9474538983244025
19027,74631.28836592812
19031,21.77743488261144
19041,353.10459572122363
19046,17617.7701913724
19060,19.433441036320925
19063,3.806240057538566
19064,25.88502058890674
19080,1513.283771778943
19092,399.2644234556845
19101,189.0471496807219
19105,1385.0538358969054
19109,126.92256693494313
19112,3442.250473286896
19118,90614.57521129702
19119,12025.761132511629
19130,6.116774878432883
19140,69.98245947698265
19146,8927.739604314562
19147,160.0247104273476
19150,102.34451307497214
19155,19.332919127368115
19156,399.4201380907385
19162,21539.318365871863
19175,962.9415394752351
19177,3307.196783919962
19181,0.9386356386835785
19183,95003.84194788066
19184,13657.686540699586
19190,510.61789544884107
19202,13944.16838634624
19216,6462.403620533638
19225,18.189150813968357
19239,188.53649344777716
19241,20039.558197441438
19245,6352.057843173117
19250,3462.6528837842707
19253,522.641087045869
19259,16.34320496706311
19263,67.27319892444862
19273,343.4393523902518
19284,4778.659207620864
19302,5.0820490616208325
19313,6365.480922589248
19328,2709.991979457675
19339,166.56487817114515
19340,82468.01018596887
19347,42.33602012925792
19350,1922.2913224300112
19356,5968778.738043571
19358,602.3866434785485
19360,20790.897504594843
19361,211.97504043210208
19362,24.249649988229006
19366,11784.090769866396
19368,5.495627922393821
19369,1.0220434099597717
19373,68.62984544823045
19377,1644.174583189496
19381,4323654.360543738
19384,34881.312961982185
19387,19.771613412451575
19389,166.86247380194408
19390,159203.72044920898
19405,29709.145298220563
19410,14428.437595588544
19422,49.184922065782324
19428,312.0949275879616
19429,6370.4318566053025
19430,1603.6959407179627
19433,2323.574070310657
19435,5861805.524996054
19436,72.88998656151881
19455,120.82119258058802
19459,6018.016356001031
19489,390.532409384761
19496,1054.9607025798634
19500,393.81993166158014
19503,3031.1272985369283
19511,2354.126623103658
19515,1786.962355426766
19517,10.924442189232167
19525,688.7216713329749
19534,123009.66625404089
19544,323.14240764466626
19557,154.7532659083304
19560,99.73072856387454
19578,467.8553580967631
19592,4312.317721015788
19598,5.138310378717193
19609,1712.542376223107
19616,5875.032530671546
19635,49.26762721615711
19637,645.8472771445762
19639,795.1071743759445
19652,52.546143884811585
19655,137345.12764868332
19671,7075.619611969084
19672,2204.0966130730653
19678,3030820.966267059
19682,7415.458421916187
19688,171912.68260957088
19709,30494.36940255977
19710,149.86807319123184
19713,2117.9455089933967
19718,15.033661375893422
19725,5.657062253747804
19726,3.0964739737066935
19730,2168.7835098329315
19769,17.348358569662803
19777,3.292253989601142
19785,53.90728699248566
19788,4395.836174910252
19799,4.114698409994836
19801,124.54510888482511
19802,16.711773940690772
19803,936.2355250057228
19805,39.301713624217484
19815,103.20612826046244
19818,1612.2746065832466
19822,51.09151733853379
19823,6974.61749586193
19838,485.09345339006063
19841,893.4194142991763
19846,2.0562512083822098
19849,1912.4948382741911
19850,5.753588749931005
19857,188.19874724968673
19863,425.89869403627324
19876,95.09825893626721
19877,340.00508786312577
19884,413.2833170361809
19901,422.283457808608
19903,13.735373024590448
19904,95.10557169422215
19906,5945.660439877564
19910,3254.1564285265094
19916,27233.266452553973
19926,27162.636505900828
19930,742.493290524229
19932,93.91240465454716
19944,27215.14042885255
19958,745.9486201981949
19964,6521.200094948771
19968,16210317.517903708
19971,57899.874457312275
20003,53944.26095933519
20007,94.46640390482092
20013,43.50510232648115
20029,77027.48193840917
20045,26945.610503693482
20053,652.6614673069475
20055,68.49078127986141
20058,256.3623953639986
20062,4398.691572165247
20069,1556.2977771456624
20088,11.155828825543058
20107,153845.30070930623
20110,6.034525260511023
20114,890.8976753091445
20121,119.76555454982993
20133,35262.312383835524
20136,3.822418939213997
20151,642.0347530226869
20160,32216.36271556382
20170,56131.12231776086
20173,3.9591973693424034
20179,187.12487063683182
20182,132.48669843217138
20188,672.2460608175556
20202,1.0595516873292419
20206,106.64645313348402
20217,355.83884842321413
20236,1.0288906203985069
20237,623.054320773056
20238,116617.11687070501
20243,40942.037780697225
20248,86.94661169694272
20250,77.14915954206862
20254,1206.1432599379666
20261,147.95076092441838
20267,32219.324048108443
20268,384.76460819229067
20269,292.92810807943334
20270,1.0305201039563372
20276,1.0528136639634582
20294,33144.32395717349
20299,1744.9439517332132
20301,39049.05977048751
20307,18876.05346949426
20308,17266.298394392124
20322,4939.349085374115
20339,8619.639570282216
20343,670.3513393987698
20348,167.66695649810674
20349,3.8634654249302174
20362,213.8122561105512
20373,699.1936415356682
20381,692.4846768130741
20388,1.018490571499015
20391,329.1604145144033
20396,75.12577407122151
20402,3088.8691660982017
20414,106479.1179256162
20416,12425.881765152062
20422,151418.89095540403
20423,27830.76674956234
20424,13329.663992154263
20425,165.07297993448873
20430,391.07471389607025
20432,28824.239819669525
20461,10.974433034598569
20471,6.2507299158002745
20480,152.63568544521283
20481,2387.250028349602
20491,690.1732097292074
20495,36.136105911741694
20499,94.26884396228019
20501,129.38905971731933
20508,6207.479969371585
20512,4441.0698665441705
20515,37.563835782114964
20521,0.9888822294334358
20522,0.9890832215764606
20535,631.33198318233
20539,457.187553102186
20550,1.02436016533213
20551,147.52677711693428
20573,828.7072598436538
20579,180.01705707164925
20583,44.93412265102605
20584,0.9684589529166149
20606,16188.507361599173
20609,64.0763176131507
20612,646.2111553163718
20644,1205268.2636906723
20654,48298.64355196058
20657,32.18276864598564
20658,1.007844825361245
20659,1.0601014513852347
20669,0.9452355223436724
20671,83.36336904019454
20675,21.871859701549504
20701,57.430183116463034
20702,13.781760196207678
20720,89.0356106134769
20724,9909.82912745749
20733,1244.678438212411
20740,15.20041047227645
20743,48.74329489194639
20754,30.04651719729219
20756,4736.819056922777
20757,826.0556754833293
20763,8899.681900017404
20767,3872.136648699447
20768,238.79516417035865
20771,1157.848084328785
20772,1153.835640989277
20774,0.9650298569424935
20775,2.113227881671394
20778,51.22277059248627
20782,58.42602648558332
20798,23859.314420978964
20799,25229.104695683312
20809,2.2137839909584573
20814,70.64469360076933
20829,798.3509423459885
20830,1530.267054606274
20846,6769.103666015697
20850,22626.451317631458
20852,156.12994876859366
20861,14457.601503815302
20864,281.5232266491009
20865,23433.031291439365
20875,1993.0587299164322
20877,709.020982025211
20886,36.0837901053624
20892,326.2020011453331
20897,1704.002624865251
20898,64.14941171571894
20901,1603.8018737392304
20903,2135.7996755586096
20905,761.617477112332
20910,6540.2305471617055
20912,819.3893055713871
20918,670.0056548831026
20922,7874.037388693242
20931,1214.6410884648276
20934,386.61864320996443
20949,12155.534275077658
20957,1539.8377000730852
20958,60.78975874839737
20962,260.7295920227004
20964,340.8326444869239
20965,8408.516968995498
20974,8646.75033326655
20983,170314.41170424293
20985,773.8353851720607
20993,68.84398187313198
21001,1698.060735247552
21003,1449.3796874799166
21018,11208.04748199617
21021,351.63277509682524
21023,515.1100955241737
21029,95.13664200958313
21032,7226.6945440615855
21052,163.03497812311196
21065,685.1604908668324
21073,37.997385541878046
21081,8738.637751934744
21085,76.41708746206594
21089,237.29585634790195
21098,249.49671951253595
21099,1417.1205119330486
21100,7664.582313476196
21113,759.1848466196637
21116,73.82572178400794
21140,14560.927806386879
21148,1931.5806802552
21150,417.4058894569067
21154,269.86529530982097
21159,2347.992588063197
21163,1396776.177837493
21174,14402.15814989813
21176,235.40310838331655
21178,17134.70266102368
21197,3175429.95076609
21203,992.0716173682517
21215,92.08077807994549
21220,231.46692816395552
21224,413.60576437183056
21225,10277.63026027898
21235,9884.991269466193
21240,613.3817069887839
21241,227497.52313059237
21243,14718.303012543374
21244,818.0883406001229
21253,2474.602717708513
21262,29.988807544500414
21279,148511.90203852
21284,212.40291022893928
21288,1477.6941551729394
21289,58.894931175364626
21294,3535.971708573675
21299,18167.24185750096
21300,257.5654682666373
21301,36.666518294017116
21310,10277.58546225985
21321,926.9072637398727
21322,157.34607248316962
21347,1662.5752923818034
21355,1223.0154764186684
21377,38.475495520103614
21384,837.4154427426638
21399,2.8650419405059764
21406,1401.8749887165507
21408,103.60099187900875
21415,67676.8123007793
21418,5.788787173623809
21424,15.17432559727088
21433,7511.021523629127
21436,30.495660579836304
21437,1.091304163560031
21441,43.24102847200123
21443,564.3986232439335
21458,8566.770837683627
21460,242.0550854218322
21466,39.1039122046847
21474,114.96731610688957
21475,9168.3213017526
21489,86.55634133396623
21505,1492753.1543271707
21509,38088.31540568406
21525,33.93932867505542
21565,3123.350859178523
21567,24114.195547337305
21569,1.9656419468677373
21574,20.22941521662685
21587,9193.737401439645
21594,2.999657448161329
21595,172.1157246513273
21596,131022.45855407164
21597,10486.131848779565
21604,1.0537077057386248
21607,407.4887197476775
21618,491.3045580235355
21623,8680.58400262404
21630,12.133450758758883
21648,132230.99620120766
21661,21.031022011557877
21663,10126.974608463957
21682,4.760545941286321
21684,17.78899315565706
21689,66.01794938629443
21707,37.84507161879065
21713,15205.981494454669
21714,1.8288580684505231
21724,13504.410890979585
21726,10248115.328924451
21744,0.9700736194528278
21747,2.12830038389395
21752,134.76580532970058
21758,10225512.004305689
21761,98.7028221185479
21769,4509.685462471213
21772,556.5916135171076
21777,7.091889971278254
21779,2.9762526975957493
21780,815.7236065724311
21781,478.1710859470265
21782,101.07097137975211
21785,11.722037979399566
21787,68.71445278607555
21797,78.64894553868
21799,9693.591515185803
21803,4276.3500751242755
21808,527.6233542989937
21818,507.7308452132618
21822,12.472776402386396
21825,4860.235585947054
21839,1527.8612762830442
21841,56.60160112646147
21861,213.08990036766758
21872,168.0222984905793
21880,587.6441132199471
21898,570.9991539999723
21899,34.87766684018904
21900,6.68938152737371
21903,17531.58089980093
21906,5735.793689855435
21909,128583.14851244129
21910,15027.330264496126
21911,245.0527668845298
21920,875.6966612391855
21922,2200.600830168902
21937,26.945951121106148
21940,471.2942640389029
21942,371.1478984810663
21945,12.346183743727613
21947,860.3826508406127
21948,8441.928395253615
21949,2001.1382958607135
21951,1813.1691301066137
21965,34.01218128626824
21975,1076.3941683145604
21976,8189.195963833374
21978,16855.135046760108
21996,568.8453851246574
22030,197.36024752352316
22055,24761.471047944382
22058,593.8896038322846
22068,411.46907928930875
22075,1031.192682721614
22085,72100.62621661816
22088,37.04502591546409
22093,498.24085822268376
22102,8970.683435280554
22106,2760.8843769692494
22107,12922.191737257388
22108,1992798.649736682
22112,5981.482858146487
22114,30644.58922711534
22125,20286.66350621757
22131,217.09333657660758
22156,415.3093964173865
22164,217.84490736525203
22172,741.4455129406448
22173,17837.792355823643
22178,314.10086879194586
22180,24843.089566997514
22181,491.4715741868003
22187,627.7432199919526
22200,2261.2772933998963
22203,792.4649023433542
22211,111518.40463423221
22218,6953.121300752784
22219,346.3874223214342
22221,260.7734862060005
22224,347.99887106277384
22233,19920.556963374576
22238,977.2461988735145
22247,166.53519547115513
22253,383.7390760062873
22256,1649.9591799374023
22259,260.71187278015026
22269,2372632.776125592
22270,423.3720181214881
22282,31.32182415446325
22285,553.8984465117624
22286,7632.753203378796
22288,184.78103723623187
22303,4158904.5317368275
22311,52.972025707727354
22312,416.7782046722713
22315,330.8355332249839
22330,324.24973664113594
22336,430.3073457717914
22343,1897.2331982399382
22356,520.3543193883054
22359,194.96207782082556
22366,2451.8431076004013
22373,16108.184893364885
22381,992.657831454729
22385,104555.84300801558
22392,33638.34041752098
22403,429.30078854987875
22415,4432.280772451248
22425,24401.729290731368
22427,391.32085588899247
22429,9.77123196426405
22430,58563.29413841857
22431,2861.774710710593
22436,390.982642717202
22438,7150.232758079965
22455,71181.16314495758
22458,1462.3516697817638
22460,9443.188725847951
22469,47937.93139899358
22473,4827.43495967313
22478,8.01518586091286
22497,10306.717229603384
22501,11687.315993454871
22516,1440.617083528579
22517,2071.87901602277
22527,58.41814763545345
22534,124.79033196715085
22536,2.9857898469046935
22556,100.29235940614764
22559,161.18961481845042
22569,16458.251128418957
22581,103228.30203686461
22605,1097.4675277621743
22607,119.88857716303583
22617,5.949924244377094
22627,582.3394157095688
22634,583.5502372511608
22641,91058.07599142696
22651,28.62529363477204
22652,6.189871175774426
22655,269.76878316636953
22657,147.6331823791395
22676,86941.30407098305
22677,9987.974358597827
22680,13.735300125767267
22687,7.3167435009124615
22700,323.5405183476769
22716,2887.940272703151
22725,168.46368644500637
22729,16363.193699548216
22732,615.8475847405585
22766,137.2621905741196
22768,326.6467463448149
22774,2021.4743128911184
22778,132.5846363355462
22793,327.7430051155729
22798,137.01280237440682
22808,66.64861094043634
22817,1233.7760469549835
22830,10814.183041647442
22862,593.1369076002677
22867,12.233180385576595
22877,2.8761123374883484
22891,23530.49150967243
22895,3065.273654548102
22902,558.4818396990621
22905,149.10659674172823
22929,3268.6442815952473
22935,5.16317340581938
22937,206430.7463964217
22949,115.57424454881385
22954,873.4245838900903
22962,4823.988329491715
22965,1211.1046243582464
22974,610.8690130475657
22981,8.944797806234089
22985,5.321658277238481
22989,48.32702179102621
22994,433.96519483189434
23028,361.28546852873916
23043,12.045242867942447
23050,14288.410026916004
23058,3.0929345166928925
23067,187.48764721523898
23070,345.7735878179097
23073,13.017910968486591
23088,710.6419396569223
23090,235081.65724190287
23095,62117.19196842522
23096,32.41775850884475
23097,1107.683060625285
23105,47545.3068428466
23112,462.46770886991396
23123,31.667114998892643
23124,915.6101629349922
23129,321.4150253459183
23132,10940.462420142576
23133,99955.84271045485
23138,1641.7523254536377
23142,45.08736390030466
23148,4.104233434594742
23152,985.4955258020635
23161,140868.3088877803
23167,3169.3616762761917
23188,5829.746633956836
23211,147.16483503851435
23221,90486.2939121699
23222,1146.77349873062
23225,346.8183538205348
23229,756.454822492178
23230,49.77445749559766
23237,5.954898290888352
23239,31.531432329280467
23241,63.77348573116685
23249,644.337616468064
23251,268.67110162642246
23257,323.01421304584807
23263,29905.41174982225
23265,78.06376622712446
23266,1.8195375752105258
23274,31.182730866189733
23277,121.31988897100247
23280,96.81900697778214
23289,1435.4107682931742
23301,1.0532422081505155
23302,215.16077693225736
23316,29.63133522001706
23330,198.73625616673002
23339,63.363141815589486
23340,186.8547951054066
23346,1452.1593674261599
23354,233.94510962130312
23358,1308.264781230836
23386,238.2942136976882
23389,22642.08152217057
23394,17639.53599276986
23397,2.0382309608830664
23407,381.67666175160946
23408,46.14533660661563
23413,4346.50980335544
23428,25262.710167830126
23432,3.8922234701624503
23439,329.3544176548682
23441,277.72026415412006
23450,11419.129061062804
23451,150.36401979753248
23455,846.8691297139268
23458,716.8994161151575
23461,279.6344066309194
23465,1.0120053264454927
23472,110.06007923787489
23476,421.2807499632314
23485,191.30419214647986
23488,1898.1070939376903
23501,29852.129002738762
23513,58.29420574891255
23515,379.77969088829036
23516,4715.437235627129
23526,673.9594196882096
23533,72.79942127112169
23542,261.3891839267314
23546,146.3708901986676
23547,258.4536423967087
23549,35.55927236429858
23550,202.68150050370255
23556,683.1754293182457
23560,124820.81386085053
23571,96.32861160366927
23575,104.04280809592416
23579,2361.2244140249577
23589,226.88532892139824
23591,142.25466258863725
23596,516.4654387295619
23603,46576.87951609706
23617,2193.839085459427
23622,1182.6642289171746
23623,170.94124857934344
23637,130792.58594422489
23650,2.0273701495856953
23661,121.37947815213269
23662,330.68775831304134
23668,1035.48346850956
23674,132462.4016454863
23680,350.44681510414864
23711,25.63645725880613
23717,57.48933920263029
23729,67256.1152827986
23732,70.6054034257974
23749,13007.645185611591
23750,6744.381599953745
23753,66812.6295793602
23758,345046.4357776019
23766,16.629581068608505
23767,19.945654113961325
23769,345.519123180953
23776,3735.2033855305385
23779,132938.34415594843
23783,842.1022379788548
23784,2217.890060204226
23786,305075.6123115169
23787,1644.8441255807245
23788,71.15083532449185
23789,21.037138229864414
23809,2105.7259515016985
23814,36389561.32424523
23817,57078.34338755148
23819,1639.1268851293667
23822,918.7975611092413
23824,44666.592293931506
23829,330.58758460747003
23830,620.0795275238645
23839,1229.3320292531348
23842,5434.556547475468
23845,72804.27843019311
23850,23154.946135511993
23853,280571.42665606603
23854,1647.0645501959386
23859,45193.571634085274
23860,1030.2844349241773
23862,16.636926501830423
23864,393.3848408672593
23868,44.77168869408284
23878,127057.18152360342
23888,300631.0627033677
23897,6.101437468728285
23899,297.9394576369245
23900,86.61218544676866
23906,350.7423655910117
23911,4925.251122646726
23915,2327.7431796722944
23920,911.1610430692937
23921,229663.41424752577
23938,8130.051148189877
23939,857.5918389187602
23944,824.549608144139
23945,1943.9635660916558
23951,785.8880177172722
23959,244.3860488758603
23969,10290.190836433658
23985,25492.47510307693
23988,5.9894912206130275
23993,472.772435836304
23994,98.9022209226911
24004,104674.44154321452
24005,4868.212376230536
24006,46538.48991713682
24009,888.4678303145563
24010,6686.544274383727
24016,9.508193000126331
24018,176195.9223815816
24020,302.64775449555947
24029,1250.4500560438682
24034,517.9914997039815
24038,83724.17443701274
24039,7867.052197878543
24041,391.7370929618797
24047,278248.9012336521
24048,1211.6288040822303
24051,1229.1782284138435
24057,143907.91471135488
24070,1580.379247929306
24072,114304.64030497463
24076,39855913.522368684
24078,4699.927687184767
24080,27522.42169824117
24088,700.1971306249033
24090,7.1171098476070505
24092,278.2062717488854
24093,249.57724670151433
24102,306.58644695866536
24103,508.1265277834372
24113,1414.6692157175528
24126,97404.75698852884
24131,16238.312513434903
24133,106.00394749845469
24150,93848.17266219907
24151,99573.40821334573
24153,23235.299361488844
24161,20679.353565282538
24175,4885.510370402748
24176,403.23396141216665
24181,588.3584085830305
24184,6224.616622639288
24186,1492.2624531925285
24199,18512.3700600716
24204,1979.7962248278193
24207,503.53840635453383
24223,9853.131308189422
24231,2650.697814330014
24233,214861.60459931847
24234,1615.4490378004245
24244,585.1890885062975
24248,695.5984025757031
24249,338.5249156533104
24266,118644.51389571589
24270,204448.95343766478
24278,249.63345289683224
24298,87881.97936032714
24304,386.2432441264451
24316,29586.43222635231
24325,531.2353835328589
24334,849.1477588861787
24342,6067.387890696692
24343,1416.3588491306398
24348,40000.74462469563
24353,610.8345726465402
24354,132382.10132506583
24358,8.037625335496065
24367,4097.942502099554
24368,5662.581538432951
24371,4627.492621325785
24389,533.9982624894812
24394,1069.4893558833776
24404,30950.545588336096
24408,30132.157275965303
24411,2123.7047680874034
24418,8.038273865543145
24438,522.9843391692629
24454,11056.893472350659
24455,248.9722298636583
24465,1989.6930383054696
24469,23438.953505368096
24473,510.03462135552206
24477,3922.7139347268894
24479,7122.382583444574
24489,3957.835193762593
24490,555.269979826668
24495,1088.2527976259762
24498,4061.1143779150075
24507,32419.085810934896
24510,4.902053217233843
24512,137323.34115478524
24515,9.571625923496093
24518,123.33497414525979
24522,27.300248310387126
24525,848.4376798922334
24527,2172.2509580469405
24531,976.9081402835103
24534,20918.09752297927
24535,286.9408902494998
24542,386.99881823453416
24544,5684.180099375713
24552,229.88097351871872
24559,803.4508408993281
24571,431.56985552632136
24573,1.020780635424391
24574,378.52607190753395
24578,3.036380191781705
24580,8845.711490557915
24585,31.994968243873153
24594,1030.2105558852231
24595,13886.525316262148
24608,383.68297178198867
24609,101045.9807095274
24619,31.279246434724485
24621,5.662911007437344
24629,22407.812381780488
24645,60.71047776641472
24664,2028.0445800015316
24665,19578.262329714806
24666,18.51614551478963
24680,3.10094479886982
24683,27.390382493666667
24689,19000.870936327632
24694,592.6880813699181
24704,180.59003234653247
24708,72.4420587243448
24734,107.88532263434415
24746,16955.238926614576
24748,380.81352442666895
24759,98.58623994481206
24765,1.0539749250054988
24767,53.69065531791621
24772,1887.4665698517094
24776,6623.995044714863
24779,435.24758981399276
24787,127479.01983207242
24799,4250.871025536825
24809,345.1059023756889
24812,2839.0043266263583
24814,5454.814144294304
24819,33309.896837489374
24823,29942.9918386489
24830,73.01128947986568
24831,1.0097863386354162
24832,0.9944396178560988
24836,96.55263083178966
24848,2510.2519908983404
24849,189.78231160407407
24858,18117.891559543645
24859,1046.7129687076365
24865,2253.0210686057735
24872,4913.99951264452
24876,1191.7884349368642
24877,348.4990987083586
24878,12.851148266347883
24883,9826.613634393776
24900,864.6133994424869
24905,27251.603596855464
24908,199.95845761160007
24916,2381.411608875998
24926,1.9575333855920023
24931,2490.7312455386605
24937,3752.1308290931147
24957,856.9899165571261
24960,3823851.6981718033
24964,3984.329380637125
24973,3.9663547394309386
24984,157.42019773770693
24999,226.00681160219858
25004,3.909702234302248
25019,326.17220403939143
25020,2656.614561297376
25027,2827.2511348646676
25032,6.085236792599503
25033,241.48517598288268
25059,720.5231827173077
25060,2743.260196007213
25074,28.494028322101794
25080,13.0251456075918
25082,680.1351611815306
25087,207.87917095801572
25088,225.46607528012555
25102,12.129246588777882
25112,36.24016349844813
25129,465.4746009113758
25130,43.375082610246906
25134,3.3031606073939814
25135,0.9375553571646319
25142,100.50343203411842
25147,95.4034316928492
25158,5.040674622497232
25160,529.1867848334058
25162,4.938956830215823
25163,11.388921460581376
25173,142.70818050468876
25183,5229.255269730678
25207,21673.14892431056
25210,83.08591293553033
25216,39.95667245784559
25219,266148.6641324253
25220,570.883963289888
25226,15.255999656711307
25236,26.075000185352856
25239,67.27556654854308
25244,5501.273383114466
25246,279.3573494087602
25254,3.11143764425029
25257,0.9966472645011406
25267,154.33817704332054
25270,16839.50908590893
25272,4726284.708601106
25275,138.98129146484757
25279,36.14787153354321
25287,2.811433270891004
25289,38.078723322872946
25296,136.80018656912947
25318,214594.03367028528
25322,24.82417117931888
25325,201.8346549310992
25338,0.9259420697747713
25348,25529.308300661723
25359,0.8949384172905258
25360,3.056205727512629
25368,7.995140215898579
25370,1715.0991233081775
25386,23599.96919301014
25392,213176.44779444978
25397,2.093155848395809
25406,138.174666106556
25412,36.094270263607996
25417,433.13095835719037
25431,13.576890851055857
25441,3506.792339254021
25452,127055.90417839409
25458,609.16014804977
25472,307.6714500658247
25488,172.76687430072067
25502,72754.91290289591
25504,1830.7200028850186
25505,475.08602244076934
25511,19.290384635317828
25513,22082.891046251323
25514,588.1132721007497
25515,2069.4396080353144
25525,2963.6617258883175
25538,323.85524049070773
25543,2131.13566225153
25544,128.9678740898751
25562,49495.23289034038
25570,347.0289086379295
25575,1953.6515594197558
25590,35077.090433364465
25614,183.23407990683282
25620,11995.271722391568
25623,23371.197823775095
25635,620.5775015389141
25646,611.4716439444151
25660,1134.887023471714
25662,83794.98050678323
25666,180645.56050474202
25668,437.05402269553457
25669,16.059180558955745
25670,6.147744158347051
25672,572.3704463607572
25673,1636.7469812574145
25678,167.68868891474483
25690,1547.545957758553
25705,165.06402416627887
25718,5962.780348488826
25740,110.37880673987937
25741,147.24844473963225
25748,6532.392278749061
25749,23060.261635161616
25755,8835.955525090485
25757,52599.50123675895
25760,614.8847420085273
25764,34280.083821031425
25767,1.0240481550097653
25776,151.35987824599272
25785,43342.40103084359
25790,1495.4375839223926
25801,0.9353494144882232
25804,1151.639881636515
25815,1750.3789113123735
25820,406.9822380084165
25822,821.5093359448334
25830,729.2985610106554
25831,196722.6555425006
25847,328.1056032843056
25850,2164.087096912683
25853,54302.500747546415
25855,16178599.923210459
25857,6599.324311637166
25880,12.753577702385787
25883,511.13801459233434
25898,24464.913698623932
25899,2167.3208162309797
25911,866.644219658312
25913,115.03980721620816
25915,27679.71569950818
25925,54.82334502465672
25935,74715.07581539235
25938,42751.219969654114
25950,4976.376909148926
25961,3769.131454209962
25967,14778.229751566652
25968,11330.436372416289
25973,65597.50021215685
25982,34112.93654613643
25988,7293.8998048632
26002,1989.5754090445946
26005,13913.991872993529
26018,278477.5191647707
26020,124.41541046885291
26030,797.6773183475467
26042,211.89045223257926
26054,889.2023521726712
26059,24690.943450527026
26061,122.97454132702163
26075,5.0666983081467425
26083,547.8097517758829
26087,79.07325012999779
26092,142.45473443494106
26094,186.20564358935206
26095,82186.86851271354
26111,24122.015997264236
26119,0.9809913493455604
26129,0.9737796944794346
26136,3486.6729238031385
26145,15316.100945024418
26149,0.9735103296925363
26164,26.118918002517283
26179,4703.946105588236
26182,506.92183055403314
26186,65793.35709662648
26189,1.9386039311864367
26190,1.0738777582014996
26205,145.12920654490526
26215,13351.076104754304
26216,11558.682759970348
26222,8750.996780395553
26223,54.94248451108909
26240,320416.0313113407
26253,174.69713251605438
26259,12.25365483028292
26260,1.1198665906660275
26262,31.23003257929841
26263,684.3150992427818
26265,3777.64313220038
26269,24715.260621860714
26276,23.701304656378458
26277,165.45527936655895
26279,5094.211486291198
26285,5.42020473375012
26295,386.4644377857775
26298,1229.5817675110309
26303,12729.12145593619
26305,512.883157262354
26308,130.36252866987383
26319,18.816714282414065
26322,34.39711199493057
26324,249.91557081306559
26336,12136.217842251566
26342,79314.2680341921
26350,16.37589197592266
26367,68.04757600060651
26368,7987.11465333364
26372,0.9393419316369663
26374,85841.35466648062
26375,3535.6997035435816
26396,268.7835248604685
26397,521994.5594240562
26406,137.41180274885085
26411,0.9348305959526597
26413,544.3333030976362
26429,280.31717760075554
26448,4.628922692627629
26452,33.56184057506514
26457,308.8419748246224
26460,4.79853912384127
26465,2757.0175660930345
26489,2297.902872752268
26504,753.3515900824835
26518,3.22898716489893
26529,5181.126884280348
26538,4779.86790293249
26539,323.47481720171805
26546,267.8607266661527
26553,7764.13641131165
26554,76.28115705007488
26556,1.0240913752014142
26561,25798.106414043377
26569,6980.179790462927
26573,1643.2554678571305
26576,328.8980254682326
26578,23.576626558632555
26587,101678.76494701681
26594,1867.8135542553207
26597,56.98536878876054
26610,932.0308329695181
26617,56202.11015179029
26634,4375.3265460436305
26635,993.3517920144412
26641,757.199668320057
26644,21611.21342716724
26653,54557.30855107908
26658,37.294625535125796
26659,24.59390482429414
26688,252.9023526658501
26692,11.72223869885779
26709,685.4199589577603
26716,22242.716645189135
26719,76958.07504591942
26724,27.091918310543377
26725,7461.012834951087
26750,147.66227414792385
26758,27.42174273181365
26764,115.28847371488901
26768,1144.5931722694188
26780,0.9764122955269076
26785,150.29719984829944
26787,1.0139526085539516
26796,2219.0825534894575
26804,145.40598249396666
26805,126.84963579969698
26815,1984.7752583334104
26823,87352.32667996854
26826,0.9157967173421868
26836,1515.7654426091635
26838,328.09619880245333
26839,7365.865501527385
26843,139.89386657412103
26844,263.1860275775608
26848,1253.2507280519612
26854,32476.96697234705
26859,20452.365309302306
26862,39633.91432512219
26876,144.32261163699962
26878,233.67308168373538
26884,1526.4040124652147
26895,25658.304270637072
26898,40.15551352712888
26902,179.70506045828708
26905,169.32409669902398
26912,158.62279207300878
26913,681.0386292538958
26936,19560.990914781345
26943,68.62025421664949
26950,53.39888908097147
26953,1720.6574299140007
26955,1272.8839843411074
26964,6871.473621637514
26976,2328.5874025834687
26985,4166.612752742821
26987,5.1474751351192385
27004,24.13843566119043
27019,932.173947432313
27031,74.63107090495393
27036,928.4822477273074
27040,13.350092292736974
27043,546.5269037077796
27063,26492.858024720972
27067,88960.41476756592
27071,1919.1549519837608
27076,532.8381487792401
27081,748.8129491901599
27083,260.8384270894158
27087,1404.283825480776
27097,3983.170393281066
27099,3239.402858939731
27101,278.4451911748191
27109,16700.069388816748
27113,15.71804967717931
27122,2029.1110940140534
27124,1668.3758704478225
27131,180.60641273237192
27138,8358.621313231593
27142,3468.914704561078
27143,70.68977243650521
27149,15981.768805795073
27161,26670.07743826308
27164,1144.259755980297
27166,50506.733574660546
27174,3583.094487671326
27179,196.66523194918582
27183,64.57049802026165
27189,17789.58752358153
27192,768.671295418265
27197,57.08782344820607
27200,1297.7041263748504
27205,7891.366217221166
27206,32491.917154925683
27214,261.12941976385684
27224,287.93140444550033
27227,296902.7836378887
27228,20998.906285213012
27237,747.8697650614839
27239,1221.2814905437197
27244,27119.366819544302
27270,57.71172568677861
27271,539.871092331911
27281,3940.1818645938665
27284,22500.06463188074
27295,243.9421788611237
27310,139.39752747101434
27330,16.799648744123143
27338,42628.87231448435
27347,3430.2971609099895
27350,592.1285079373491
27351,7526.110989800338
27354,12679.340687051408
27356,414.2080999799851
27362,55.13844425830989
27368,1001.2220786884224
27373,41639.006714797775
27378,27008.065707942573
27382,275361.5689819549
27384,1122.2258197921876
27385,238.61639023639825
27388,42.32774289363551
27396,143045.79129132832
27405,1117.5297907558431
27419,279.18001491671555
27427,21954.869927975094
27430,1193.8487367320872
27435,38.98210818570432
27436,144.5229784303164
27439,3166.3106998836142
27442,1839.2021216194353
27444,1902.5877967291954
27455,1053.3359018159229
27483,4391.038967568193
27484,273.594937139921
27486,154.5935975487422
27494,20238.85555688642
27496,12.662843775649117
27503,11.697799929163914
27508,1128.1953900782776
27511,98.5819344928242
27514,94.35058282648524
27517,16.678090487991938
27525,3293.305748034565
27535,15.71262424792072
27541,635.4875562482662
27544,402.78257059428944
27547,256.43441603866404
27549,355.11235018990624
27557,1585.952900719089
27561,143.55799138368175
27565,39.416781672692395
27568,38.03252859635376
27572,169.64871214880264
27593,47749.694287194616
27601,32.69299894312634
27605,603.5687310104398
27610,1356.9559043029772
27616,20.81950536003336
27629,51.784079694636986
27637,30.94023989044721
27646,2488.900844112333
27657,399.16257965099385
27659,19.43297613929685
27660,27.5300664360272
27670,2871.538129281823
27685,18.7450675831123
27698,2173.73883918082
27714,1007.9612306547922
27715,1481.9767147142454
27719,871.189171058788
27731,16.97791574101664
27764,2079.2314051696317
27766,420.5966113215136
27771,72845.90545970309
27788,49512.10057308555
27790,49.25416248996657
27791,3304.670025388457
27810,10.460013919236603
27812,13249.347814419029
27816,18.682082109599232
27830,1103.349573540042
27832,46.46090479622674
27845,893.1332857093639
27873,8.370166668975381
27875,14.772761210927131
27879,5.216575821826865
27885,16946.517717746283
27893,12.782861929250918
27894,8.984387486115507
27898,8249.755210069381
27903,709.837724009375
27904,3.838253290384742
27905,14.427801797720441
27912,1898.9442057334538
27916,10.091034414225255
27918,13.640857509743576
27921,1.881548627924284
27930,21349.85309515686
27940,13.518469601957818
27941,4.062090337302533
27952,129547.94885191224
27957,1.005248052569839
27958,4.045651186417767
27964,546.7211405940735
27970,11.840618454503844
27971,0.9088737390777517
27975,5639.976473062665
27983,57.15618382477211
27985,1.012091860026266
27994,471.1958243513551
27998,24.05105834747463
28000,4.066988415896261
28003,8837.54209292113
28006,8406.26900654376
28028,22.767029251420993
28029,546.0928963960233
28039,8.5959260025025
28052,12.397116507100096
28053,10.99326816119185
28057,1256.2688984379597
28061,25.785922339067813
28062,12968.233586631279
28067,7.637166344844381
28069,701.4551112183752
28074,23.41969891744974
28093,12355.697118758362
28101,10.394922448429018
28106,824.9944448323424
28112,1341.6572624937962
28116,41.29326669533437
28137,956.7341385019066
28145,470.65179227416104
28146,765.5724932396889
28156,913.8403126090985
28165,1.0755842096858432
28166,5.763099448289791
28173,1573.013158610613
28177,2281.8883648238248
28178,0.9562928854717263
28182,13.308638020975737
28185,1193.9644194855257
28197,655019.6252280702
28204,8.16577755610499
28212,1205.0566482344939
28215,24.59909614911816
28230,30.339252979943993
28232,1055.6526008113478
28233,1644.4746316925105
28235,8.994339269498099
28244,148.53968433646367
28247,2632.521081267332
28249,3219.1496023897635
28262,64545.29567187525
28263,148565.67458576767
28265,27.077025691959797
28266,4.875098350129996
28274,583.3086659908231
28275,4165.035969296142
28286,45496.996988569175
28287,173751.77535730257
28291,12500.588895259389
28292,306.64437159660895
28294,9.587342632625857
28316,16945.45272323597
28326,5866.013786530274
28337,5.210674548303178
28339,864.0492558304273
28352,295.81141978325854
28353,14.110724944274637
28367,4.0760809915283955
28373,11089.60345028939
28380,0.9986801681588469
28382,5.216867705798678
28388,617.7806663370835
28396,111.33149511004315
28400,152.18125885042443
28403,18.42489603617492
28404,940.2418081302839
28408,157.9135562884217
28412,88.36812367719745
28413,841.7464881730886
28416,732.9716894844959
28419,628.064707207495
28434,897.381268124853
28444,8756.753987238348
28457,172.59119798403543
28463,269.53046924205
28465,11.366678953754334
28472,1120.254812929355
28489,826.1204248821249
28490,5157.168160826822
28506,865.5105448212103
28507,202.63781712460758
28513,654.5602596391471
28520,18511.638278966446
28521,943.5414158629162
28534,4897.3179625743915
28539,865.2225755189421
28560,72.6009101131974
28569,173.2894637488194
28583,1.948802583917583
28584,409.0429275563077
28587,228.02595549218702
28590,35.40618446145791
28634,131520.23843499212
28635,678990.5238095759
28651,337.7291368616567
28663,54.5726542802535
28669,24.261193302615126
28673,505.0057362949946
28678,426.8977205083127
28679,3.786895425883478
28684,569.2974335865784
28687,27.467561222585367
28704,52.08914377368872
28726,9734.589828220316
28733,2789.1132605229304
28751,10840.11620644723
28761,36.59499624937778
28765,121749.96418795022
28768,3365.5949303085367
28769,29.51446931408195
28781,252.48478897906148
28805,12.396319978355912
28806,905.3541897400843
28807,2.94058813700084
28809,40427.020709772034
28810,68471.25518494882
28839,2953.0952978546384
28840,24832.451362406286
28848,6.67618062625253
28860,194.6145510998374
28865,36.561354377393684
28867,468.991529882307
28868,1144.6477573868074
28873,526.7533133517086
28876,471.9305674767694
28891,28.444947525940012
28896,73.60292624476702
28901,70.34940730249046
28905,734.5489304792925
28909,1.0294632614037165
28910,100691.33060014309
28914,24000.64844992211
28920,34.39895059900905
28926,1802.1165097465066
28933,98.73795024888861
28942,7.891586269300599
28949,6983.906294486357
28950,262.2439953358421
28959,77154.61368328116
28971,79.568793704564
28982,52701.16598732718
28991,9837.708027116994
28992,37.73885572335811
28994,1.940081264061874
29014,858.4676232950212
29026,277.3930608226702
29028,29726.242751654616
29033,277.0704274378264
29036,207.07265356080558
29047,815.8722647311401
29048,640.1841103450018
29057,1220.1315104795726
29058,1551.8069439593423
29071,159.02747362145078
29075,134.96037625224452
29077,381.3993641669337
29084,343.8233058493089
29085,484.01884776068056
29086,771.8852833173551
29090,6786.13577162041
29091,909.3152806891624
29096,19.911556353274435
29097,19.27530763730705
29099,167.26659072887105
29103,54.90251472122358
29104,43.33095498922176
29105,10196.14425121375
29114,1764.2237201177784
29121,246.21277723620202
29123,175.84823652907258
29128,77.14765615419262
29129,921.5941010357578
29132,51.62913367578557
29137,1353.6564705568987
29145,11.243672343514122
29147,27336.682651615334
29150,6.948176754698018
29151,9.034406553124791
29157,47.83300935602026
29159,547.3559277084646
29165,94397.78479527007
29170,51.77537249880143
29179,2501.832482244225
29180,8.691134527333046
29182,105.82754156242038
29195,669.7161496848976
29209,226.28069427668038
29218,836.4072647815797
29226,1257.467672124789
29229,191758.48229155238
29261,8829.17071347103
29263,158322.7093319644
29279,22135.867637215102
29283,602.8211982220466
29289,25.555777216369687
29296,860.9518485930982
29309,4018.1050054076813
29317,10995.994028674479
29324,1670.8742027037918
29327,89053.27336475057
29329,18.11845292706513
29330,96.65059831140337
29352,88092.72752471529
29354,646.3112791476615
29374,7.929920976268019
29381,671.84288102617
29386,2194.5640312449445
29388,78304.53250956442
29402,56551.98972226532
29408,82.74612814791239
29419,35839.14447861599
29424,70553.86279577362
29434,512.398947087484
29448,12154.098089560424
29459,22296.065848987888
29460,235.93420893716038
29461,530.4711485963851
29474,52312.68924171108
29482,46345.63491460367
29490,2367.3923914751012
29493,718.7191039965
29501,24462.21190642977
29505,33.883877314931006
29521,8.092005996656008
29525,388.01764838803393
29536,2273.7911843930697
29539,1125.1003154767839
29541,79547.09594968653
29548,76.141318618389
29549,993.8061873341336
29550,14065.020380681999
29552,84706.9151391577
29566,239.79103439790984
29569,1070.2659914491653
29579,51177.83318125613
29583,2375.7269118915606
29585,32.41655511127846
29587,59.90276018892335
29647,1794.5421683606776
29652,15901.809479157244
29657,37810.06577919119
29659,1790.04935279065
29664,187.95179722884203
29685,727.7068075059643
29693,1188.7837391907838
29694,82704.65916437776
29701,1822.8851957520355
29703,206.59820011681143
29705,57.92552404540623
29716,4.127847480990548
29722,152.7812829666966
29736,288.28648684682145
29743,730.5851447669452
29754,598912.7183331898
29766,154.00560778344297
29772,602.611195788858
29775,2071.9295715909993
29776,16.37325165694361
29778,1987.995148579967
29780,126422.94094500343
29788,615.1596450723047
29791,512.226586048467
29794,817.9433151521936
29795,240.16653113571442
29807,1196.0953318916359
29832,6398.5169846228055
29837,1384.9015448788614
29856,254.7721567601
29860,2126.992295882379
29861,366.0142024526758
29869,368.0125254959757
29870,50547.61918747806
29872,289.4339035112401
29878,1247.4588551844254
29879,518.7153826517181
29882,2.078020796632391
29888,40.846277834470875
29894,92.50384302415421
29898,4051.175088692672
29899,35952.65946837851
29901,3.667296327975409
29904,975.095671901827
29908,140.4447004208861
29909,38.61852467572763
29913,14085.031030078975
29928,812.8138007256572
29940,116.4426059600376
29944,66.29938976375726
29946,300.0087563975064
29947,38.297057869499994
29948,8.883730125517626
29962,0.9811456140699568
29967,654.0436427217228
29976,3385.1189748232428
29990,12554.520604660147
29994,13.891321640922552
30003,44038.220569088975
30008,152.3573520767748
30013,5698.619411548418
30017,7932.644105126503
30035,37.27711442533795
30037,0.991810920332875
30047,827.6733201598748
30060,1844.9861748311876
30061,120.72292181352466
30075,5760.144281295449
30096,12.688748620912499
30098,78.55820346036128
30110,138153.50929548225
30112,24.115569472868426
30117,4584.616032256947
30119,1.102004557261379
30126,586.0114101418874
30129,89.67404821151179
30134,38.10259711583168
30146,104.68914268579107
30147,211906.42583581468
30148,4237.1170906852285
30149,396.4066056915912
30150,2571.2268253566253
30154,113.25606576596584
30155,13.163351662478922
30161,2401.616703348744
30162,6114.372444185097
30169,2449.4732387176728
30178,142.29614686323924
30186,125.23304294423762
30189,22.69128944493219
30193,656.3199514023462
30195,2139.3090409854067
30196,5512.522474940729
30209,12.041545794387394
30217,4252.763487094937
30218,1321.3925866738164
30237,249690.37052703067
30238,2826.8792332251605
30250,100.20379097131509
30253,100.93876024269328
30255,118.70224139202371
30257,7443.604551941279
30259,227.3004680552589
30286,8897.517452853668
30296,12.628161394033128
30312,5575.203581159599
30335,1269.3385562314184
30336,8721.32421775579
30350,1856.2109144372612
30358,164.49149110858465
30361,3329.6407765400822
30363,108.86955792424139
30373,988.3195414032185
30377,5.389047064674285
30404,3822.466958673208
30407,16148.133852393486
30411,7.693727785279894
30414,2629.8859487959485
30417,209816.87067475065
30420,2965.0393771184126
30422,55.22675357381209
30442,581.4368228033202
30456,54.892434224528394
30466,2217.419267392132
30467,186809.62235828102
30491,18027.8820386103
30500,1765.7578323339192
30509,2.2068950824539186
30515,1250.8819252545713
30528,1859.440209220644
30537,385.0047652812476
30582,1078.6171672953774
30584,220.12405677705502
30589,16135.636818288769
30595,4233.968874367808
30598,2.0326473955869937
30599,229.27083915784058
30600,1455.174356240138
30602,3283.438207939468
30605,4267.479198478556
30610,7.701424664528349
30613,972.5717037808595
30619,8547.414496311543
30624,6047.701426871341
30632,10538.222909756832
30634,29080.84806954468
30641,3.1542548637207037
30649,55.67286109694891
30664,1721.3011486243565
30669,1685.7028512186328
30675,119.52898504250578
30676,874.0767264486743
30686,1807.8675280109976
30687,29.41511236268526
30693,502.928293234153
30694,9.528853522073755
30695,4221.170721458933
30700,118.25617313222877
30703,4470.942742290954
30710,4153.674464884063
30711,2438.6647190708954
30724,465.1992331884877
30728,1855.9874518825923
30731,286.7784082974247
30732,38.144350919174855
30733,4050.031957440888
30734,35.54546858966845
30735,921.9166463077844
30741,26905.071516888212
30742,274786.1581131312
30746,2139.626638403631
30775,22.15500811649712
30779,980.9521526900087
30781,129877.04949547035
30789,2071.0199147756234
30792,8.336593055997108
30798,112.32839301342501
30799,1657.5773833084093
30812,1.0470511317721363
30816,65864.71645197825
30819,1904.0949610851146
30832,4176.292533278811
30846,103.81146774870021
30857,14802.645157715287
30863,5633.885245682397
30864,2098.577076979259
30865,1138.1920011626926
30868,11.14046332290812
30869,2002.7125370927358
30874,4.131429940805462
30876,1278.6355000512565
30880,1483.9010471884062
30886,993.7213500211388
30891,2142.773129270003
30895,836.9545428423121
30900,38370.3489552628
30905,48354.91546241301
30907,122.99927660111035
30915,897.4589097289888
30917,2217.281211133677
30918,926.2841747638765
30922,691.7437479649894
30927,37109.61367683453
30930,25.475906163570016
30931,6.239089973349999
30938,9.214968850772921
30942,90.30064953924858
30956,6690.8294985812445
30961,22004.864992072784
30963,399.4247401960378
30966,52335.51371135364
30967,17166.754405289346
30974,5.948071937091552
30979,265.5608422329091
30988,5407.197922460522
30993,2617.014341671962
30998,76821.47433979495
31005,448.8719188072776
31012,737.7946825411082
31016,45.98351287747258
31023,2479.3119513708866
31034,31565.347319626384
31044,47.36731704278491
31047,581.6574272775168
31050,1693.565641322804
31056,4551.906919989746
31068,249.15330813532844
31071,1095.7815776604727
31075,56.521041340704116
31079,2436.2737269501713
31082,129768.07410219155
31083,10413.073240960883
31087,745.2590181787172
31092,200.36097908479817
31104,23.734794117279083
31105,206087.80346065876
31109,1769.6174950109767
31112,1068.0580571327312
31125,0.9830222235030458
31140,176566.3182422031
31155,21.751191445606743
31165,22.599427750629946
31168,3770.7255178531277
31177,3.07987738541491
31190,10064.966763672324
31192,3861.8783760987158
31195,4104.587137293033
31213,14867.759840897956
31224,18.79282112332475
31229,6758.126685215005
31233,11.759734110373195
31240,4947.826333745492
31257,139109.80390410163
31261,110572.20666822174
31267,1038.526115718295
31292,11525.795618521166
31297,2899.4665270086643
31303,10.072266377343649
31319,2947.9085007433573
31324,47.39781893666996
31338,227.81300981315445
31350,798.3861742254568
31356,140.01915801285548
31361,1756.9818161728056
31363,5211.132319131611
31364,431.1643647238484
31367,1070.282301496521
31390,63.63921792507079
31396,5998.851001948081
31405,9.818398932685414
31408,3939.0234547785467
31419,3.7727400317785866
31420,238.3806430433085
31436,1.9752315356971326
31438,7720.7954147895525
31452,159.20964107449225
31455,5864.592979002694
31456,2426.9400924134657
31460,850.6641608368336
31468,19.998175849529133
31472,1967.7937176804312
31479,2156.8464570520337
31485,9071.666690726026
31505,723.66364328604
31514,47429.41533716618
31521,610.3323164800936
31529,5.25293831866907
31550,34418.50518827335
31553,13587.164788136999
31563,192.0704531347417
31566,35.0260639959498
31567,101.56435396761347
31573,2974.6754465902104
31576,447.5086149724186
31577,2.010377715899211
31601,244.70454587288694
31603,1131.4753299376996
31608,3539.8938816894038
31613,4003.48914342486
31634,1393.3081174134206
31635,1515.2080240437406
31642,24.231090324960213
31655,288298.2731526359
31662,51.66662542792532
31663,179.89180723723803
31675,1655.919395163788
31678,5.178033973369256
31679,481.2661478483708
31681,684.5445965433254
31687,77.35390357649624
31696,600.0144027334632
31702,206.69378852390415
31707,145.63533352452347
31718,6062.697760676662
31721,0.9416935570433265
31722,653.7450976731224
31729,108.65773023615617
31738,1106.0004152624983
31739,19.743147712962855
31740,110678.15765576683
31768,2.0867841051115104
31782,1393.7735431661374
31788,570.1233548612443
31802,30395.11834289046
31805,288.3174839240611
31807,27.251677008240538
31808,249.8640516959178
31811,1228.1660801461726
31823,4515.373792591773
31864,67.01345129920165
31875,5.341684447477127
31878,5074.66914098266
31881,32.11098398546614
31884,677.1688409030692
31894,4.965368302085777
31905,19987.318334328564
31922,2060.5138161424093
31935,840.8529530648599
31937,515.642628855296
31938,1157.3311515762991
31941,5473.609676366503
31944,2.002527021177521
31945,1019.2392136799091
31953,27698.308434835883
31966,164.82217850264757
31968,347.20056538879606
31970,36.64161742237937
31974,183145.07622812095
31976,66.30849845079557
31980,43.701073000303595
31985,301.026790286518
31997,1.9455302040745868
32001,138.40220531183522
32010,312050.21045747504
32019,904530.2840321518
32022,3.170099043224849
32032,11.330032874856284
32043,929.6155285449498
32047,657.9792957063396
32055,45.45678442046412
32057,1533.8863442416248
32063,9.63226569042559
32068,5.695475719568449
32071,230.80360758577896
32072,23.836862533893555
32075,360.67571582681035
32078,21269.636595642314
32081,595.3827578192544
32083,199113.52748773017
32085,820.5670576021861
32105,180.98581838840806
32106,67.74779037124982
32111,325.627702276597
32113,84.16188679490753
32131,692553.3004543337
32132,1307.7411796307108
32145,5.949875080199736
32146,51.71364610229654
32154,3067.0235063508185
32157,0.9505270376770161
32162,39.20567270299523
32172,11421.104879108794
32180,37.17105097898966
32182,117.23267148805975
32193,17.99545092218069
32209,157676.21374840298
32211,600.0213874792512
32220,230.5982027069067
32230,53.4907026942676
32233,111.04348434488047
32243,37799.95404411672
32257,108.32025720442691
32259,85.6991278287668
32263,121.79466102023937
32272,463.66234402106596
32277,1193693.7534604836
32285,100.17861523479942
32288,25.723057156898214
32298,3278.058770947443
32299,286804.0680092891
32300,5542.777131138481
32301,1827.9300196670642
32312,336.6278261478765
32320,2832.5505121585356
32329,43.20439474452297
32350,18.926592743676228
32351,31.905905155048462
32355,182.1270188738103
32361,1450190.3296799462
32370,28.401908350840436
32383,6068.888689526937
32391,24747.524966343317
32395,11128.095438428663
32400,22.286554815814966
32402,670.8961144184784
32416,28934.508009980837
32418,452.9326369718003
32421,8213.010957562063
32433,23274.94863630377
32436,5108.972056225915
32444,196.19941171645308
32446,250.659168756234
32449,638.6029022129311
32452,162.71087345637966
32453,407.63136329622137
32458,22612.22812239268
32460,55.602927303532695
32461,1991.7863087119053
32468,361.8070686239019
32479,111.87874891759931
32482,797.9842204477628
32485,37342.48031752656
32499,993.8106579891185
32501,46.79531416653496
32503,20011.058614333717
32504,682.1584045875559
32505,166.44219078426082
32507,1530.6647135898702
32533,24854.206038876557
32536,1225.890917807764
32545,468.8363682332916
32562,6836.723516383254
32569,185.82997456954806
32570,228.96481456993902
32581,17379.634865352695
32586,0.9696612461824735
32604,1.031464089226359
32615,596.2758022052926
32619,80095.0340651205
32623,4512.904234961157
32624,0.9732462490535595
32637,0.9791495251118012
32643,207.2626393740954
32653,223.09344859763726
32660,7251.033121871837
32663,516.8345379405075
32669,66.23740832183283
32671,82.92163992012651
32684,22.404702181293157
32685,374.76995128732204
32703,22.53115579080576
32704,404.5695256320644
32735,18589.44409590819
32745,3.133637632107577
32748,139.1539309916606
32752,2.035850170580158
32754,11795.862061557951
32756,382.23539553402577
32762,24.353171430745714
32774,79183.33480347462
32777,12.304070696177362
32782,0.949893553608363
32798,1420.3799529382104
32799,23570.81660098052
32804,9.370216843769867
32807,12.174138168160212
32810,0.9540555969926071
32812,152968.07282187825
32821,10.061134751008403
32824,166.9077451891853
32834,22.354658649631695
32839,4.264876538848945
32847,4.14675951086436
32849,103.16320545074268
32870,5.544885702159595
32872,161565.3315320707
32877,1.021494208755633
32883,516.6125809098846
32884,2639.5331587650144
32889,68.39369467123471
32894,2.9017101002180414
32895,16.45595654049204
32896,14.436925368357333
32900,18181.647014338545
32904,838.3321119997398
32905,190.14810729538632
32917,236.01223732568513
32925,13.441212205130176
32931,16536.598222873043
32933,131.64502352375206
32936,0.9769656904791004
32938,1.9583162453406735
32945,2.9917247168012837
32946,55.10623078412909
32951,251.34835715344022
32953,3886.4497050118835
32970,1.9110144620929062
32971,1003.9925556496253
32978,128.9706662380298
32985,153.2920777446036
32986,46389.86739228924
33012,435.3704435088682
33014,213.55823689037285
33019,17.660003904710013
33020,28.042645631056175
33026,0.9980143220285915
33034,25.09742578696822
33042,9035.384340790455
33045,69.7265753549244
33046,63386.1076804043
33052,290.3265737978276
33062,1901.0800541999959
33063,3740.8734469200735
33070,69139.58052600453
33092,82.3173218388915
33102,30.49981654971385
33105,7516.796321378214
33109,202.7301229656376
33118,78.56155231438699
33122,323.416571867288
33123,16.58422875158857
33131,7.247596788215233
33140,207.3513622533881
33156,92.79028265298906
33159,92.87047983074729
33164,3.8784360158403612
33165,131831.90579791876
33172,164.00108488730888
33182,233.78146312897087
33184,1169.976591380683
33194,0.9585746235625474
33195,158.32248899635906
33199,113.72183297767636
33204,102.20687243650676
33206,10438.746849135066
33219,11.44874404284346
33220,4.064843714105776
33221,1.0210333730739447
33227,6396.224896568847
33237,2137.6280125215603
33238,279.52068968713525
33242,72.45182571814141
33247,94.87879881662403
33252,23.055545317765766
33259,15.478058400077787
33279,1279.372506688501
33306,9980.360837794096
33307,9.442282826879195
33308,503.3572640503329
33317,33336.75353916627
33329,45.68929542960228
33341,26.10933144494112
33354,159.65865040486645
33356,62.83056488525717
33366,175123.60397680537
33367,62.91563480298123
33375,140.47133545305303
33411,115.72723584635844
33416,2077.7532831756344
33426,2220.3165091710234
33428,14597.152110410765
33438,54.699529291706135
33445,4048.4162636911697
33447,927.8309497762508
33456,17.308755426932183
33460,140.56376848315753
33475,135420.27109242685
33477,1.9708249437137897
33480,1.0382896353202282
33482,213135.47786870316
33491,1621.0162478155694
33497,317876.617577792
33505,4.2730324655269785
33509,4070.0357151531703
33512,680.9774339498052
33514,140660.26129302598
33525,14.218762860186839
33526,928.3777476938736
33527,5651.553833114769
33534,111782.79483809802
33543,25.58470815925665
33544,815.3405811282302
33549,950.2544702774094
33556,244.58901632023637
33559,5.14246821657101
33560,1.9617449625582237
33571,3.5196871877039153
33581,6118.192052463828
33585,618.5933762472532
33589,49.81182794478742
33610,4.982778154146917
33611,1876.2157007166825
33612,3362.9989357166564
33614,1439.3085325104403
33617,1738.4338209912992
33635,192.9560082530306
33644,237312.34238552896
33659,92.5889056501039
33666,89.49653873442655
33676,32.50761967298755
33677,2842.037996432236
33679,5775.940262346491
33681,3251.533180332009
33694,124049.95247171281
33702,76.10307493837982
33714,17224.436546017016
33716,9375.836299093617
33727,218.91780398550839
33732,20551.416426133215
33734,50.984023808729305
33764,4645.98114489609
33765,88295.75238283172
33774,5819.322817224252
33776,182.6841883698489
33777,33.76327145784624
33779,85961.69897965399
33786,76.24365778845903
33794,568.1978380361784
33797,528.7082580261886
33798,7.06459989706979
33799,274.66055213911307
33808,640.8904763517027
33821,12.580682608464272
33822,84.3447515491837
33825,283.44057536365267
33826,3048.3538647328564
33831,22110.192000644412
33835,70223.44362326912
33842,20.18817852782045
33844,1456.9375301057974
33846,41.68724538070415
33861,303.972081026166
33873,54423.60998442512
33875,1381.884498510481
33877,29358.777907914948
33879,54.17579820695832
33894,334.40662607351777
33903,39363.915627618175
33904,777.4907063613923
33905,76.72016299010217
33908,40773.16307676817
33923,15.135905381572515
33925,8081.474335119373
33929,44277.98336570376
33931,2.89710994919589
33942,87.19156063989573
33947,31817.883997417695
33956,16.05590352875265
33957,300.8837526800642
33962,11516.860724791293
33968,617.9536811220056
33975,348.31595986993943
33981,46099.274276200464
33982,68011.35665629727
33984,48374.92756396442
34002,480.6641612012646
34013,58286.62266342921
34015,7.619762491072403
34026,8760.245819226113
34028,8.386145633678243
34029,254034.9390908646
34040,87.65528438472084
34069,82.2189194529777
34099,43.931146044699794
34100,164.54755909036746
34107,1457.9321194763038
34109,198397.1175835591
34131,80.79078192118341
34133,3486.1118521708145
34134,738.3495414480842
34136,69071.01680491876
34139,35.32530049453721
34140,135989.80547511938
34173,34057.11394831992
34183,70.30893185554241
34187,109458.00844879316
34193,59357.01916572058
34197,22846.117471387068
34208,193.996992176286
34220,70.04362192569518
34228,784.9057115799226
34230,94996.91546143655
34232,2456.3327889271973
34237,494.84795239629074
34239,83.88772556699705
34241,31.370648268867104
34245,37.93364434975491
34252,53.562841358636994
34253,181.14929688967968
34254,7096.603634062714
34256,5100.872714558299
34258,4.343586688714189
34274,47.90048899189314
34277,43.246306711472315
34283,22.461890928376476
34300,240.1457662855242
34303,1.0034990522034377
34304,88854.34901758167
34305,8122.526655067633
34307,14050.573225906819
34313,6632.015872222359
34316,8345.50864400486
34317,462.0664628703708
34320,378.97315298749083
34324,1808.1840425221967
34334,473.29065326139875
34338,1989.2040837201882
34341,21535.32225148198
34344,27.293552938675475
34345,263.65440717622425
34346,31.099917961032155
34353,9233.297633071264
34362,2630.0870689824546
34363,59.12666774729465
34375,4183.12720732632
34402,1165.8280106459954
34405,55224.20962476048
34407,685.6484834062007
34413,1244.307387136838
34417,70.57557369078506
34430,1607.0534087101196
34431,2469.0902305619193
34436,108071.35116512407
34447,70.06099376592341
34451,9059.479713796472
34452,133.8595982075771
34456,509.49367744331016
34458,20.386724863738756
34483,57.200644744863496
34489,3748.305987931679
34495,330.6357034153321
34499,11.510047823880225
34506,219.34119434526866
34522,1976.907336973627
34530,155.82977931347273
34535,60.89430015474088
34543,187142.2717951861
34546,4505.54258174439
34550,716.357246984782
34559,586.9545623662831
34572,1326.2548351160492
34584,24.231475213904748
34596,40.30772088004618
34597,666.7387317383769
34599,2226.793576353757
34604,143822.64521107243
34606,22.254432986835802
34610,1221.8250499771443
34620,30.597851276853678
34630,99.46104734076813
34631,681.3771227004949
34639,21.939314250047428
34640,1317.6341871625918
34645,1620.159242324309
34652,321.9466254732191
34654,8.907180733427246
34655,3229.12963987309
34660,735.6195279103312
34664,364.4311320039065
34668,21.204064767510804
34672,60677.692360173634
34675,136.59077502884756
34682,17.968335445340333
34697,1458.9245799486723
34698,3614.753561435126
34703,129.9815775509878
34705,21272.847586636293
34706,37866.69658675897
34707,9306.930478202614
34710,6.358595177147316
34713,10.583201181027555
34718,185.45098974952182
34734,7452.800858512611
34739,28.568024099997213
34744,88.47397271291366
34751,25.518817160750647
34753,960.2117285200965
34764,14759.946989205824
34769,16.614547567311714
34770,29.085079429383995
34775,83.29077649173682
34786,1403.111097223312
34796,10237.512054922734
34797,79.4795517117506
34821,2429.603909026523
34824,88.60420135749573
34830,87726.41780927088
34831,251.4559901827681
34848,2886.4144976942493
34849,17.637269657988707
34857,1229.2870829586013
34896,143.4505712749483
34899,569.1165418886742
34908,429.2955482165954
34912,305.34633925887874
34917,670.3490343208915
34919,501.0170431114358
34950,1300.9697221155507
34953,22.513621549173735
34955,46053.601429612165
34960,11.627479828798755
34964,1798.7885239582524
34992,6.846158721348448
34994,258.2524385550983
34997,24565.859278189942
35005,298.6835778822448
35006,1015.8857494564171
35007,220876.08154863346
35016,43.030993233843816
35021,286.6330130714103
35024,1924.7465339990824
35027,2231.8490873517667
35029,3531.9839473257593
35037,52.03827978830622
35057,866.1266185356446
35062,35299.316798399894
35064,4036.477135213637
35079,846.5281839289792
35081,292.76630453637205
35086,313.56254673926094
35092,1967.970802872985
35094,799.0308047170297
35115,927.7066272126526
35122,302.4256957825039
35139,12413.594958341564
35148,2442.5334212030325
35157,22.696089822546167
35161,24528.234980390967
35162,2551.953995860229
35168,2370.4915850036605
35175,34.873946003701604
35187,103.78586726749936
35191,177.46331658204383
35195,23184.699593078585
35200,543.7806525413783
35201,70216.61891522972
35205,543.352517455597
35208,523.8782723009042
35210,242.24972095200718
35236,533.1761811438721
35238,1312.2241551672716
35240,98.96176390561477
35241,675.1546912302983
35246,3569.52186915207
35250,2091.342577297575
35280,207.2504273977381
35288,31580.592212295167
35292,5150.548662444418
35309,798.7684646571493
35314,7881.243144025432
35316,32717.72601847756
35334,1897.3077173650493
35338,16670.71039941087
35344,187147.75232896264
35345,58.424255095138896
35348,38.31474263636313
35351,77.41443572020765
35357,14397.53059103526
35364,3906.33412779592
35367,607.8606281391434
35369,90.54972941460449
35378,56.11952083436976
35379,3284.0736982445096
35389,8443.458865802704
35399,101.41433877504095
35406,1822.0730115381475
35427,40.28595347572541
35439,8.275828532762706
35463,1068.866692391182
35480,101.30707167987082
35487,102.90947203249279
35501,1739.2067198943244
35506,98.9319441169176
35509,63.585213987100076
35510,2385.4767396565703
35512,258.5322100300035
35534,167.63607394938964
35535,2639.6912843780788
35590,13718.596130785478
35593,154247.9214844342
35602,9693.465799937474
35613,244.1468282786411
35626,162.30998352722503
35633,94.71440245855214
35642,117.10552860777689
35647,11206.39253612349
35649,102891.43744234293
35651,321.2526590597347
35659,3464.821337330072
35669,3695.536533232646
35671,13.293327085942668
35692,11.978987865880425
35700,82037.5857739705
35704,17.325070254955826
35705,2.9954654515458534
35709,24728.531070826528
35714,350.6980517932355
35720,2.0216866911238593
35721,2115.0475923377735
35732,10688.94203923484
35765,99524.2622913541
35766,61420.76643799468
35783,280.15642483549215
35788,327.767166076708
35790,1777.2389148333577
35792,56830.406639364905
35796,82345.35379375744
35807,29.97010723736761
35812,29064.727896086002
35824,626.6373868213407
35830,65497.06510480982
35831,7605.375548026489
35836,72.21167577675625
35839,48.81454105436542
35845,42.800098936989635
35855,295.05912328575744
35862,887.2405202171677
35863,2706.835762514171
35866,8562.123306853508
35867,2389.056661723952
35870,13.920176487939129
35872,623.9969784101686
35874,64.46314597502375
35882,65543.73770204523
35886,455.46718143182454
35893,481.95201938437464
35917,9951.170618484548
35926,533.2657726705929
35939,51.4357939038247
35949,6.07832309202451
35960,97549.79744489821
35961,10574.086066693311
35962,3749.5343129226167
35964,22.68828479252754
35978,2.843589006389754
35980,24957.320918381476
35984,460.956454600681
35988,514.8822544691068
35995,2535.086727655158
35996,54.65257444215571
35997,7089.534287315554
36004,1014.0955262691411
36010,13.07790602966772
36020,175.8518238285954
36033,19162.565192962236
36034,17.437023314972826
36046,352.3070226313992
36057,11324.408696427834
36068,108353.14387042611
36071,2785.8524933733293
36072,7480.685705044344
36081,237.7383293720678
36083,3212.236156482813
36106,52714.502902074106
36131,16.495046505789713
36132,14.899257500642682
36135,439.422110927259
36138,74.06873947301074
36152,73224.75252899787
36173,0.9443970434274748
36174,4.238029502419067
36179,7544.345225318651
36191,1084.3622009776082
36194,3501.1987443115763
36196,7939.68463097167
36203,761.0727561637186
36209,3458.1315782308106
36223,7.376198837323582
36227,5867.451265023235
36241,1.9592563554324913
36242,125590.22859810755
36252,13296.552990496362
36258,7.66902738045102
36265,37420.74364280403
36271,286.2616427059086
36282,4731.083467489973
36298,35.22465972532794
36308,241.90889347643477
36310,3656.7452489352977
36316,775.9255606443982
36332,1290.5128982551569
36333,291.6957939364906
36342,641.8853525675506
36354,4763.563759700228
36356,2205.977749909733
36358,32.80778561425263
36359,3.920495254092906
36361,8501.987162958983
36373,3325.5716446985452
36380,18.27045922828814
36387,2499.5723115774854
36397,37.82721485403176
36402,10421.698203029462
36407,9497.045185361105
36409,8.070480613294748
36412,346.1035238195724
36427,790.0543930484897
36432,1769.0238186220731
36435,8.460128049043005
36438,64172.3994431542
36439,60.982896738383914
36451,1.8821606489146787
36460,435.80659358140593
36467,607.5802705352552
36469,2684.2571058410035
36471,19.653953196222854
36477,22.91276826032454
36491,993.2686828369724
36507,22172.88655131289
36509,152.87936344918126
36531,2384.4498579472247
36534,2038.288135106412
36541,5485.46892600824
36549,94.31834183702628
36555,169.64813507089949
36561,14.712082837865148
36576,45.47975691807389
36581,169908.19765261724
36582,541.5385711484568
36589,27.612990976531915
36611,6.983144208077822
36614,53.094050304941355
36616,86.9819417265692
36638,72114.51684686709
36639,17.221958203163414
36657,699.4032295006776
36661,4436.61629581913
36670,56.104855389706906
36675,145.0982670127849
36677,1106.6513517281792
36683,133.62055736111188
36684,4.878820108013397
36690,114412.22448785875
36691,36445.465084393574
36692,43.3987461176386
36697,0.9963443218042326
36708,80.54846727161579
36714,3313.0494453491833
36720,207.2715920246524
36721,80.92615124547419
36725,1.1176204632846534
36740,624.1507146088207
36752,52.3381170389076
36773,2.8691435501723097
36792,86.24833741723651
36794,92.97095867315407
36820,4.79392087342927
36828,3078.912352226544
36835,227.84655271413075
36851,4905.261097567786
36852,486.41581184540075
36858,1099.8094345887896
36875,22254.141644148163
36882,27474.727405583075
36887,35.832101437359874
36890,44.71562179090031
36894,5416.88289368869
36899,43604.3602381219
36905,7.127486090387756
36910,12129.60639489632
36911,76.92247239420824
36930,35934.39081895241
36934,12668.423441957893
36935,79.73231059139056
36937,4.954595145781251
36938,226.31543188142174
36949,43.59795978786201
36950,121.75657758514528
36955,57567.29349764981
36956,603.5878829744375
36957,158.91825886072422
36964,118.11879365708309
36966,4073.1669999683168
36968,165.83269485452809
36969,164.37435781115883
36971,33291.61812817226
36980,148.6013258964281
37001,237.37317776563356
37007,206.83497323079155
37016,511.43140486996157
37032,129.7433194118484
37039,109.29488437994945
37044,8.974449992320444
37045,409.68878561586786
37053,90.35983058977278
37054,131.73041801584176
37055,1307.683976203563
37077,449.45494813933675
37080,5760.409497468482
37085,2.0827356914913153
37086,327.02305029177654
37096,164.86135734931588
37100,772.5123832009846
37107,3127.3755409742726
37116,910.9091500924641
37122,739.4367639209304
37124,4485.039275920134
37126,581.2232685868464
37130,7398.965220692567
37135,38.71606939816934
37141,102.1675129376255
37153,32371.54805836018
37159,41.274415088426764
37167,118.40340796691504
37169,18118.872169064663
37173,12.111998273280374
37175,148277.76601874043
37177,2421.9979758774784
37185,5.088032429931033
37191,27.628460513682533
37198,544.3273646931221
37205,276.9921573050883
37206,24354.720899409105
37210,191487.79944866415
37216,47.5278944561029
37222,5229.881190794033
37224,147.80143069599345
37240,23745.661916109133
37242,10820.729092775402
37244,217.91617108324576
37252,122.17725292022698
37259,159.74296516458833
37262,97.94932633145733
37263,17570.014756029475
37267,1045.741763965375
37269,1.0257220885300422
37271,352.46835182195963
37275,123.36510889452748
37291,16589.119724817494
37314,75.1192439165522
37322,196.24286623819975
37323,3109.8462593693976
37347,230.27650577845623
37348,4032.046856292924
37349,164599.58099132284
37350,34615.982415622435
37357,155.48055521816104
37359,49307.25418337599
37372,12.18507406428985
37404,5.107584707827417
37433,2.1033292252776175
37438,15004.023905392309
37445,178.43479033180577
37446,36.349657070019646
37469,25532.26260586539
37493,173264.70125479455
37496,86013.47879081468
37498,3387.139974398615
37501,739.7652017453075
37508,564.8405818607864
37520,6.093330246547877
37526,925.9795555097255
37532,670.4346982183636
37534,2010.7556492755964
37544,4.323290863518835
37546,231.9086731447512
37557,14209.007972801479
37564,169210.0118884278
37570,232.2619509541207
37580,161572.41285482678
37593,22.824667207725398
37604,6579.727638401473
37617,527.4900447916496
37627,280.2672020408668
37632,30120.726875001077
37643,13.438087096763427
37647,31197.75279248875
37652,285618.1862240778
37660,7037.4005489069505
37661,612.8541885277674
37671,96.1283636125535
37675,44292.454687863086
37676,12512.403849379009
37680,95498.74373066128
37682,68391.4807482445
37685,17.18775213302629
37691,174.41962562437726
37700,118355.99325239599
37702,12091.15824259069
37707,777.950618648145
37715,175.02711639004613
37716,1626.2380660854287
37719,121.92256383140347
37729,54.76471791204349
37734,4410.824530978639
37736,83.25319253656697
37742,168.62438811308758
37746,247503.8755181568
37761,73.01877607143078
37766,4457.265727327579
37772,1401.5785588242256
37775,2.056133795200514
37776,39.41692769826741
37782,117106.21167978364
37783,1163.75074110256
37784,15.699002263545509
37791,536.8747894586
37793,11523.567371167726
37802,56.19419618458819
37812,46.46219297320218
37815,13.196179513319453
37822,4105.7350249638985
37830,5815.467978534756
37837,36.11947246015318
37840,48.59004850376046
37849,164086.73346018506
37859,5862.377011252525
37860,2.0211784536451067
37864,26.458302759710385
37865,6.784918874463651
37876,11943.218758122675
37886,10.724753274380577
37904,27.351718616917086
37912,380.75101002530823
37921,116.95385022298946
37938,82.67470603342856
37943,127245.8714270421
37945,105.0717568868967
37950,38626.43956139158
37951,85.45233911811371
37955,37.73471444985147
37957,914.2469280548885
37961,91.81151240988488
37963,2948.295295839643
37964,3439.4192227380704
37969,769.9257262796126
37977,3164.533123087869
37987,5523.986254301234
37990,2210.1942046488994
38006,2234.342766359373
38008,2519.265704728144
38010,65.90755801439722
38012,5608.041692890226
38015,78.55046845747673
38016,22.392195564845988
38018,3846.5074904872163
38020,56.40801520620837
38022,11650.34011035175
38036,124724.04027285076
38041,7.861737592402095
38044,36.497480801144384
38049,768.6792076283095
38052,2075.190233110208
38059,55925.18746377847
38066,381.3201373788037
38072,3902.6318520320356
38076,375.47821996377934
38084,28.237835508515417
38085,22.241564251627896
38087,118.1560126984063
38090,3101.7980499590967
38091,5634.917030355239
38094,9172.175006955797
38095,22.522623438609116
38101,456.3378084684457
38114,14484.174027125955
38116,3238.3492177889198
38128,7.310294102494187
38130,4236.013758045815
38138,218898.0225779126
38143,6148.945027642812
38156,2315.655481040537
38166,181533.4518906487
38167,1.9073617267946448
38168,623.4678502358951
38199,53.60874558913148
38203,35.26101051004336
38207,3442.6280411028315
38214,627.9759338422631
38215,184.06596451907316
38217,3.661311378450985
38226,0.9761702654386708
38234,49.58315892018756
38239,1142.1949450946022
38247,571.8069870033022
38249,5.4672211092797465
38253,11077.164318822259
38261,38.82210953880284
38262,419.778662470517
38263,57.761086847564286
38284,4922.46810913443
38288,1906.4453495398009
38293,77.2323950178157
38303,904.2602654797563
38314,3167.9600141827777
38321,372.2508869230172
38323,95.91121114455451
38326,3.1141177073040236
38328,100.2646621261488
38345,1439.407817058531
38361,16.46787807479166
38364,344.438123675437
38374,434.43627444649053
38380,14109.073395703976
38381,49.91223508695212
38384,129012.20386158292
38387,455.7140731451245
38397,656.6640085751044
38412,13942.880316032393
38419,19.123486526348472
38427,9.781622124650294
38429,97.90397505647877
38438,53312.88511191327
38442,4.98443297792076
38446,13095.030015693177
38451,29363.09316484651
38465,285.5228124828698
38469,3313.7378735716866
38476,165.62324998125396
38493,537.6041693731017
38505,113.69135724923909
38507,1079.503705807695
38511,73.41680988711182
38512,0.8991013571338844
38519,66.22893865208984
38524,541.4634050871068
38540,1020.2639004678281
38562,1484.481033448843
38569,12.036954112062165
38579,39.116186719939954
38580,117223.00784904601
38605,190679.09296427126
38610,222.9195476241496
38621,4363.027094750913
38637,120.83661457635608
38646,38.505213572515615
38649,721.4091997580541
38656,1963.5559005165055
38664,197.6747465544819
38672,24.01258461459746
38676,1958.8362795980447
38677,230.10047025529957
38693,56.12790155202824
38702,17.347267020487973
38706,1475.9317197571656
38718,193.3513182865811
38719,300.17845401766346
38720,8892.472392282327
38721,10.422802055459798
38731,13.628438435871173
38738,96.64406158351854
38740,8728.032556552698
38744,83.5197805810444
38745,200212.67970150075
38749,1532.2598987876643
38750,105.89376465355554
38755,87.25519533029933
38758,121.27614863576729
38760,346.9463609890124
38764,837.8735820487307
38772,210.9811458031032
38778,695.0610468499567
38783,150.56006930641175
38784,290.74637841896595
38791,404.6870508216307
38792,70.82058919297852
38796,560.5418641147496
38797,10044.404634809136
38799,168.43396165056546
38810,946.9759035555926
38815,228.98899186905896
38830,146.1635616398271
38869,22742.231859509866
38871,760.8742799632153
38875,153778.11316881317
38887,274.7629791404791
38890,106257.56681602121
38897,24.120795531648128
38916,2147.2087682840233
38934,312.9829855094904
38939,184.01034197010458
38940,610.6787898583576
38945,3804.2256114472725
38954,117.86687760079768
38965,2230.193172322152
38970,264.13692196359824
38972,60.46516983186464
38981,27.198272590350943
38983,19534.428660600977
38986,1773.3333910664016
38997,84185.94476599706
39006,85.42552820020887
39014,153991.79267784543
39016,119.47630643604198
39017,15051.470898248457
39019,8987.504790632307
39021,9799.053803185165
39022,55.75483527079101
39035,2590.8368894704618
39041,198578.60932601246
39043,182.16749399111742
39050,61682.168643549885
39063,26.86824222893783
39072,11060.626369774873
39073,11269.564437279667
39099,12.325562728127043
39105,22818.248965013496
39107,826.854841900772
39138,187.95887546249728
39149,180.9734068442698
39158,34.48092892803407
39166,78.12228287972319
39168,11931.008042271133
39174,805.1233757563227
39177,41.064427879595094
39193,87.28942839830296
39195,17774.403341743942
39212,59.973437058552314
39215,28.91014214222071
39218,14828.34102243852
39225,12025.578884350194
39226,491.71812293961494
39233,0.9400811908081548
39237,3.750362840563248
39248,4485.416509900797
39256,354.16008083785135
39264,430.61675886699965
39265,1293.195116846559
39268,1224.4605161763811
39278,6.7905465548363555
39281,58.16174649259474
39284,386.4437026774463
39299,77044.39281568764
39304,94.27333426114308
39315,29446.436099625407
39326,12.352061835182823
39327,2055.7084262387234
39334,6.151571921454083
39336,73897.73839783316
39337,10487.874304061894
39340,2371.681800856134
39341,17903.72080723263
39349,19938.97531501541
39351,2369.823989121996
39365,17616.954177737178
39368,176310.65712254733
39373,14.677518999600604
39381,27801.971849412075
39390,15954.9818457127
39399,10.027053175797395
39402,23.952317142548303
39407,247.0474201911779
39408,1588.3775296052866
39410,2294.9376866242847
39442,154685.4307376162
39446,88.84786443312156
39450,1.8587165687665068
39457,3.0513695479085117
39458,2.9429434297071526
39471,5655.519274605182
39476,20.748576108770298
39483,2038.3619256330057
39485,403.7404300026485
39490,144.50435657275668
39497,32176.504074589706
39505,72.68451692032129
39506,21.75442393019534
39509,38157.623554866645
39513,19.151102699023895
39516,204.55305538284244
39527,17283.814868191617
39530,218.17672962459582
39532,12417.48602688794
39535,3374.6030254481775
39537,224.80481826802603
39545,1493.868033225247
39546,20655.05191182418
39550,139261.27569210832
39565,14420.928590379339
39566,5.340482096818233
39575,18726.861239743386
39576,0.9478635390767737
39577,1701.485737470282
39595,7788.42578892209
39600,788.4285429784849
39611,1848.1815879265735
39616,1534.3911282703236
39621,10.303333440409688
39627,9462.935067064866
39629,2310.631820455307
39632,251.20653309406995
39634,21594.746205982767
39638,733.3589166121717
39655,11162.147914560499
39661,7263.704364159531
39664,5432.956317531625
39671,1716.703595908802
39677,9774.828539384365
39678,17616.54350201942
39679,200.02175154714342
39697,77.691948482476
39712,82208.68153804677
39713,4584.6448900290125
39720,80.86540476928823
39721,478.0370587400767
39722,63.37416286027562
39731,218699.68655199462
39739,47330.45380756873
39742,424407.25292068237
39744,399.54987092470276
39758,2823.5021288496782
39766,2071.278147200584
39767,10223.076120531374
39769,165.4549389956445
39775,521158.6395460334
39776,5216.570744148829
39778,99219.51288143743
39811,327.50479045060024
39813,6634.684075021939
39820,8.16661157386576
39829,435.1152997671582
39832,15777.410513017867
39833,1794.6871517561242
39834,1132.983134522831
39854,97.81905425393123
39860,445.48800329067626
39865,137765.91198997758
39871,81132.20846655166
39872,194868.02988524872
39877,3255.7275567460047
39879,44.804628808530666
39881,58.41749338862474
39899,87.86474415699057
39901,67928.67721971405
39902,131.7259640040605
39906,88186.18313579868
39909,2.021360504486961
39912,100.37684467417499
39916,9.570253955993206
39918,26.74035988595588
39948,5.974020721607057
39950,14937.50729945734
39951,75.70040913268306
39990,52.99193700308362
39992,17.960333348207932
39998,391.1855650412972
39999,21.739442579890238
40006,657.679073138279
40010,72.25929162584004
40017,55192.25261299889
40024,64216.26666261749
40032,52.36643479407635
40037,701.4338708448947
40038,3684.293828187137
40043,226390.41829610383
40046,179.65783494935656
40055,287.38987969557996
40057,18.830709717388274
40068,122.2573346763198
40075,187.66068826711157
40077,50.073101254067794
40084,13.902807712632908
40090,6.500705370603222
40099,53.49982795648308
40104,110.83975526361363
40105,410.3384511411946
40106,723.4062878053245
40112,727.3233118828643
40116,14640.415748609783
40125,5876.140676177091
40133,0.9326702431054041
40138,664.110765557967
40147,11588.659980042441
40148,557.3397726887916
40159,48.86343608050973
40164,32.63191741564614
40167,12430.459802071318
40175,630.810020339733
40180,152762.6337654936
40182,2.0455271715818824
40198,20.137138146113713
40202,258248.7456518449
40208,45.176037728365415
40210,300.3374087210751
40214,8587.529688040397
40219,277499.24209672096
40226,3031.981020825467
40235,25.282929738474724
40238,903.6876574383408
40241,85414.55498052092
40242,167150.05075553272
40253,173.99728937333794
40256,41.07912628587964
40260,1216747.8231586937
40265,30.88192708929028
40267,10927.126393532737
40283,33344.24501068006
40286,179.70507717755874
40287,2502.5976225755476
40290,14.348383932593377
40292,2106.333916880419
40314,24515.669844756678
40316,75.93437047882492
40317,25.73232416753164
40322,1077.7537719827446
40325,81339.80865638761
40341,960.8785254198306
40342,33643.217093534135
40348,31090.464280229186
40353,267.8321098688544
40362,15.215668927543742
40366,106452.9301515742
40367,1681.0165397120747
40374,2059.9034806492014
40384,86991.93764945061
40400,4.148447304497195
40407,44045.58372549568
40413,1036.7407492001157
40422,5072.334113907131
40426,3734.04281412354
40437,186143.2995171468
40440,84.75974468993394
40443,4487.529911047405
40459,2.0813670766108268
40466,1224.891600915307
40473,841.3915035741231
40479,4.72541720405191
40481,6579.084078560738
40490,413.72869949670996
40492,71204.55533523059
40516,87.74028794493977
40519,5596.298736668383
40520,161.34723947826075
40538,587.178431048062
40540,2798.1911900077
40560,740.1980662260979
40566,61.488051552986384
40567,38502.008060878405
40568,30064.083519706015
40587,21716.87721125301
40604,35638.03435151153
40607,9380.769417030104
40610,17654.134152103827
40615,223.2355831627298
40617,762.9337810018409
40618,438.5632575829497
40622,5147.18014286888
40634,2834.484945594699
40648,214.7553939505703
40658,3529.5710666635523
40662,62442.933577510295
40667,58.22942197979302
40668,2020.4659406414096
40670,95204.68312276123
40675,323328.15465986397
40689,2818.9009546927514
40693,23355.65803810225
40698,499.21509740153226
40701,1.0548255389370325
40704,514.6477816592993
40710,92532.502440254
40713,48266.83927596136
40716,70674.41198455045
40729,28167.69855583337
40744,2320.2239380975298
40746,1.0689480859013964
40747,145.60616185024557
40754,5037.137884728416
40761,95.5957784966363
40768,42579.85067180301
40776,1422.5229277773929
40781,51206.806883949095
40782,3778.4128216355216
40790,403368.8203268675
40794,106.82461376928978
40797,19891.42244034172
40798,1423.446700648125
40803,35478.7879599103
40810,10.826399880996426
40821,2074.854134101923
40828,2336.237687690473
40835,3.0127194796327297
40840,19.720995339839387
40860,29.98071879915684
40861,265.87356768458056
40864,36075.64447042101
40865,5.675325998026272
40881,157.27766107246242
40884,5123.20965642473
40890,3.0812427627615535
40891,617.6782704815863
40912,755.578019348322
40919,8376.462390664441
40934,26956.0689407714
40936,36.39090053316689
40938,938.7700973924728
40945,38.92339718263954
40960,2483.8500251011087
40963,351.109695540128
40966,66.43963969956759
40971,991.5847973830406
40972,300.07516543907917
40989,10.595853993079489
40994,356205.6053408351
41004,9994.551046515284
41010,32.38986881797725
41011,20.085399972602826
41018,49.12598446814878
41022,2129.8155021478447
41026,3696.858472719083
41029,18.677946077771374
41030,300812.6052411004
41036,11.608448706461767
41042,0.937707758780862
41044,130.04242306209326
41050,663.5452592294994
41058,2121.4096935453454
41068,157.60880745722594
41073,1747.979333538783
41092,4277.468590758512
41093,5058.711281119269
41094,1078.114986123705
41100,29.4179561828371
41106,47784.55567041942
41110,469177.1589500858
41113,896.7168737911761
41124,3492.1467465652568
41138,50.087244067498816
41140,1564.4589037525495
41141,4994.790512739118
41147,315593.8290189788
41154,459546.4108661612
41155,43.0667706964032
41163,172.9879743570194
41174,30.570591208566455
41175,25.14923791571511
41177,865.6396967377372
41183,88.45057100609287
41187,526.1366938225826
41191,2585.16872982711
41204,98.6192230587457
41205,6.422334254843189
41209,1.904466925990773
41212,1354.225723126572
41221,12.65670344754226
41225,278145.3403411812
41226,203.5632504881104
41227,105.34220482277308
41230,40.29521920354267
41234,2218.2761769932426
41235,6714.480791769322
41243,58.210756674879235
41247,129.95368617442324
41262,695.0065798592069
41269,757016.7275700087
41270,615.4710449467743
41274,55.24199659706796
41275,17.875051067660166
41288,681.7834467419028
41295,3239.041163970913
41296,2960.525416984304
41311,2123.659012474159
41315,132.05035925755107
41318,25545.260453292412
41325,372.03862667178623
41343,1504.2254667275863
41345,69.2806901257151
41351,25184.606823979844
41358,8.239000796784566
41359,1.0956760117325963
41368,10.495168706608617
41370,306.96188395628604
41373,469.294491104349
41374,1731.7792570841475
41382,747.1392960333532
41388,11698.567199745208
41392,1205.8245284957366
41396,15.571479898318985
41398,16.87531165387153
41399,23894.090413254693
41408,4407.325165774626
41418,14131.495552083928
41426,8641.189232456176
41428,14.036170691339533
41433,11123.675534303948
41439,2258.400171008783
41447,32013.447493803244
41455,9798.32421696005
41456,26113.009114249995
41467,265.5793501291029
41479,1694.6493257140974
41480,83.89849902398782
41481,5.966591523210454
41485,72.84029433605465
41499,184.4612189681339
41504,1681.6604916032861
41505,720.130267684621
41506,36130.86971210967
41508,796.8741335070318
41510,77897.05343265491
41513,3487.1875506885503
41528,494.7359616335261
41530,17714.83472717067
41534,29.876659123773567
41537,1547.7966004915186
41539,5.290807057880561
41542,36079.475700141316
41544,10.061557250582814
41553,2.863897326120195
41561,5.873600221477992
41575,3.1731533582123514
41578,40493.93082375825
41580,931.2577357241346
41584,7954.572920429119
41593,1198.7653760556263
41594,1538.3704042810052
41596,61197.1843541746
41607,735.8914490570462
41612,762.9192867442646
41631,37338.57409826061
41636,80158.19292442288
41644,535.5652595143641
41657,428.5381370456929
41677,23407.970530373863
41696,6679.311387556199
41703,554.8133286360477
41708,3.1307759045411983
41714,263.54738683461136
41723,34913.79311780656
41726,621.1015602963301
41728,72.33669522873627
41743,5604.229350696523
41754,71.99338906552379
41760,34.003953091614044
41770,703.3551932315921
41773,54.03013323171382
41775,5.089825368528223
41782,115563.97560683024
41784,7697.62925471471
41785,4719.60923273484
41808,1168.692809910082
41809,4260.600663759963
41811,41182.441679751806
41819,310.16153968786955
41825,81.65764143566146
41835,201.94288459179805
41838,93915.58136124261
41841,134944.47752428224
41848,328.4598843713033
41858,3505.3165643210905
41861,7372.226101176816
41872,7701.797618207324
41876,7028.331956175439
41885,5582.92262467511
41886,28.35532057991317
41888,39901.45203635847
41893,231.89317708230303
41897,3893.499806880858
41902,107378.9099185895
41912,6092.052280721939
41913,7752.09973518914
41915,56422.45937208812
41933,108.69234349480769
41941,17778.6407742102
41947,7827.479025377344
41951,6717.836268054054
41955,3088.939689158944
41957,3.891141914970131
41964,52.27720566189601
41971,66742.16395316171
41975,6771.247100880761
41979,32009.023869803346
41980,12862.511974271583
41983,444.3231313547072
41985,100935.42335183024
41990,16731.832171757924
41999,905.1945077694394
42007,235.00135508194626
42009,88157.0764729898
42016,6.141100671621987
42027,3040.344847506532
42030,2.9957371600608624
42034,337.61344809322213
42037,131.09328176948216
42046,57746.69511029427
42054,6924.865902030033
42076,229.8327895508191
42077,71786.08530969683
42094,34109.05339963518
42100,2154.971602693389
42101,20.949069239353193
42103,19665.66886580512
42104,1101.0976883573533
42106,330.1297105474519
42119,11456.084458229945
42122,15960.944518753902
42127,10467.748997137816
42137,19860.4388609074
42141,810.8586423329589
42150,49.396151134727454
42152,22909.294874029954
42167,349.86615668823316
42180,129.56026500941587
42181,173.77732470656116
42186,8610.117475420477
42200,14.040786096578783
42201,26.800594779126666
42202,147.70009366718966
42206,256.6851603626959
42208,392.22027990815104
42209,171.31950914280193
42214,5336.160357376154
42220,57332.51484129482
42223,72.87935055144143
42224,315.0133714143269
42225,1936.269905977822
42226,97569.22011625131
42236,5.251162939573878
42237,143.16815428534608
42245,48783.26755424035
42264,14.99168167063725
42276,80.95167726490058
42278,114680.89038761679
42279,7021.644051055379
42280,775.3982758204572
42283,22426.298457823046
42288,222.87391319983882
42289,615.0025888328456
42339,157.76762640516554
42341,1014.3495776773494
42344,432.28066615569844
42349,10650.722351114704
42351,142.69098457791182
42356,357848.2139826271
42377,19.28565086556772
42379,8218.80554189705
42380,899.0690380294537
42385,136008.80015410096
42391,8.845123924057194
42396,970.5410414206921
42413,249.12878882432932
42414,93770.6126829035
42417,135.76115924749467
42420,336.1152495592565
42425,208.61190870758483
42429,3810.5315490584267
42433,815.3936257639039
42444,371.5010109248141
42445,132.39746323556128
42446,35281.5349741886
42451,2.0878060287146245
42456,16350.99075253401
42475,36579.35276666546
42486,469.4272761367449
42510,921.0622672457906
42514,12306.243283273507
42516,91.18735524513991
42529,35087.61618439585
42530,16794.63513734446
42540,129.5224178299609
42546,473.8621245985949
42547,144.6705977589411
42553,744.1651180544101
42556,2178.923958996491
42563,7209.863603866368
42565,103.45256049588254
42572,484.76602129975436
42573,119.80971692407317
42576,181.168446830182
42578,9399.775143286
42580,259.38860073296405
42584,28128.463629783302
42587,413.3127620700865
42588,3.116336898982892
42589,79.95647055655996
42602,555.1067169616144
42616,195510.17215248887
42640,222.609946243144
42644,27.61198161535007
42645,8727.094739487358
42647,290.6407818551796
42656,59.13629407479816
42657,5114.765695452686
42661,469.12097182137376
42687,14282.69467966888
42691,331.06902688492147
42693,18.234776116643445
42696,329.93320740158185
42704,2.894915505572005
42715,4938.534393166707
42730,10.742327516161494
42748,1958.8692207157976
42749,501.7389446218411
42753,112212.33811778032
42754,19618.55561362463
42756,882.6708602788229
42762,111.14554543308545
42782,284.4621243103504
42798,524.5105941244899
42800,76316.61333818908
42811,25.94723715248716
42833,8.945835155871599
42837,190.6805439001866
42838,3.0029070133738553
42843,1332.6587270487069
42844,780.2354304715016
42847,40488.89759034693
42849,1768.9028192854043
42861,3022.6084855233576
42866,28949.31190621142
42867,114632.63425440529
42885,210.47767432793464
42889,19478.64626410288
42894,444.86240023763816
42897,443.361868908054
42899,247.33069614125714
42902,10.970008816404937
42910,45498.38206711355
42916,54.43745869493603
42920,3128.0498305313604
42923,135.25374670247905
42933,698.2665168403804
42945,63209.3928595318
42953,192.77790066751666
42956,174.07772202267225
42957,40729.640216298234
42959,424.57250427860725
42970,32281.259192085974
42979,280.8779534205755
42985,0.8548811944505426
42995,2857.645011532163
42997,50.5036469190815
43002,2.9333561145996123
43010,1.8223210898146722
43013,1546.4901768846817
43015,2155.904072069725
43024,2846.9890057963694
43026,2960.231935177442
43033,7512.931051551347
43034,214.58115468503954
43042,3229.8766535336053
43060,904.0449824314204
43061,115.6535650713477
43075,6.731989702683479
43089,279.27497092813695
43103,2169.1732057935606
43116,1.957466461175543
43122,2090.1609464617513
43124,441.54394514692103
43125,33829.04061798558
43127,47689.24165823341
43144,72007.7534755315
43155,62.35807570762571
43158,3.092665373238808
43181,6012.064022984395
43192,46.42011870827493
43194,4.085955458588433
43196,225.6675070559444
43197,2976.9772321668547
43201,27.004830849599347
43203,23583.973686459532
43217,568.7773723389456
43229,1807.5105301391052
43232,6.388644694239997
43233,26.559260442464243
43240,16383.917472483838
43245,6921.474136573129
43256,126.0216127737567
43264,73.75000789346886
43270,4.885567085684701
43273,400.86816434332627
43285,37.9803733788545
43288,41074.8052007576
43300,3593.768971508562
43306,10175.604755344048
43307,2018.905001638841
43310,29.349366607733835
43314,868.8396631355463
43326,203.30464215550487
43331,1933.301115965753
43333,0.9832265532748337
43335,544.0334383519656
43354,134.68516298403154
43359,554.3407289696552
43361,23151.30230330323
43368,8.810064075280685
43371,94.1746851224111
43376,142.40769229801893
43388,797.4473366466227
43393,86.63295025376023
43396,0.9802668159265986
43407,587.4687541492438
43410,21.749013457645802
43429,138.55895071474643
43430,2927.3433364729744
43433,351.46212472710175
43438,10467.212408404717
43444,154.30382881026208
43449,174.45013613155737
43453,25.56589723611096
43455,3138.0768489478037
43458,7585.828599677433
43461,28.83227130736568
43463,6.078810658525644
43470,2948.6343468675323
43472,22227.54505843428
43479,126.15717942211433
43482,7.452212566729758
43484,93.996338980802
43498,3728.3697321065024
43501,16.834383483120206
43508,226.27537726307705
43512,40768.91454194251
43517,4049.648152371319
43518,1529.708391541918
43523,209.0285380400421
43540,825.1957310929951
43541,12876.454257522437
43548,5020.9756862092345
43553,308.8640113976616
43565,304.71157068543914
43566,28.50889006188679
43590,67.75742641863776
43597,53.151866465888546
43605,27832.21954106996
43616,68.45753885494483
43627,5603.240369408697
43640,104683.00586195987
43645,1496.4845175972864
43654,355.0642803355744
43660,2125.3829078919466
43679,2631.9757878871983
43683,26309.766957395197
43697,1300.0265453806358
43717,363.2888614174272
43749,32.26104670271762
43764,178.92691051637982
43784,358.1895850516152
43785,117.29983440479579
43787,0.9431346953504093
43793,4378.067685637208
43803,2466.48422103345
43821,0.0
43822,931.9974809204094
43827,2689.292363491584
43838,1904.8226210506996
43842,10.737417414352956
43866,146.31651273306872
43878,17730.387087103536
43883,40.92204333170491
43886,489.73637848085826
43891,2.0892914304226005
43895,850.8969970623176
43903,10727.524087276817
43911,18033.99151724663
43914,5073.132966047553
43919,275.21949830014734
43931,1488.0151458896974
43940,339.96530950977206
43945,433.7839106046295
43959,126969.41578706758
43963,2159.8834012533525
43968,25440.072875338476
43973,40449.78134308262
43982,175.67659394461606
44005,129277.88728027284
44010,704.1795207725601
44019,5488.436207699553
44031,684.2433156028196
44046,3427.9129531015983
44048,9147.5973038777
44054,26715.31091016502
44058,32.16765562791964
44059,810.3422777466242
44060,1.9596147643385105
44070,934.2135314668099
44072,185470.54634726956
44082,342.3323699206028
44088,8244.866005616252
44093,256439.2689206806
44101,81.68717380185227
44105,52.36993729598305
44106,119.52203701888901
44113,268634.0686059756
44136,35488.53779870624
44150,43.779193806155504
44156,3750.5035836526386
44159,69.36118624695757
44167,59.004255472997855
44171,202.1771682955158
44176,400.23311357698884
44196,29410.71164853107
44201,96.95578361244789
44202,76857.04733740786
44218,1170.519235354403
44219,22.690271153595045
44221,2477.9525207018937
44250,9938.361593002433
44257,195419.8179610462
44268,84968.31577148553
44271,59.00673054188297
44302,84.424572910188
44304,208.02969448794713
44305,790.0967200335399
44311,1069.985458168177
44312,1917.4191790743635
44322,205964.86314750038
44331,46.94461173555847
44332,1203.812924046365
44339,134.17059839967393
44341,392.3385470566195
44350,1.0870593059490936
44353,32041.148586221825
44376,9662.382350371872
44390,28580.80533288753
44398,2555.9245712541947
44399,29.884054428220324
44403,4613.382407848946
44404,270.1432750174419
44406,731.4397160147665
44423,194.60594582140686
44429,2396.9263364466724
44431,125.94179786834924
44465,4.9729157109228685
44471,158.83837556313125
44485,147.0484003508039
44489,2279.9765683249398
44494,17.55702529972072
44497,31881.274159754717
44505,10.542480316004404
44510,119.123598915307
44519,149.44757389061132
44521,11511.153300825255
44538,176.15551415762636
44556,108.8351542958764
44560,2143.6557914960126
44565,648.6409797710829
44567,66.0673522674878
44572,11210.102259787174
44578,10067.506808612108
44586,125.21344486201967
44593,75.18945271343826
44594,9.949021266746726
44608,108.51425822801205
44620,9937.142118568327
44623,823.1986071533852
44633,42226.791480977794
44636,278.20191264127715
44641,9.113498182634297
44645,259.88463091782364
44647,13789.531129711411
44662,102.77893783313667
44664,10.099426774640072
44667,33.74372475317334
44672,204.1111573498438
44673,24.715855886068532
44689,5404.1624916649625
44696,2023.0140282082466
44704,39.36370282039576
44711,7659.921898915474
44715,431.3645608090258
44720,1446.5786827811405
44723,31.316427297986927
44724,4220.853832937212
44730,1762.3310278289503
44731,66676.96735080273
44741,62.46168148419337
44749,164.03153467050564
44752,38063.952321134304
44755,21227.84156884855
44761,1740.1484210874737
44763,901.6711159694064
44782,710.2518705633139
44786,227.77445760162237
44793,224.33468727617594
44794,2817.94028421782
44801,81371.49168448453
44805,138.90896252616108
44813,822.3493402948845
44818,15090.737680854705
44827,2670.952417432653
44833,90861.43086713026
44838,130.4853636953047
44842,3887.6287810388017
44844,3467.812547167165
44849,25711.52115822913
44851,1802.1806839453577
44864,93031.90340659537
44867,13889.913367488933
44871,18.61389938822134
44875,39.18089988785069
44879,40702.89464187592
44883,118168.5824810187
44884,3365.289682871668
44889,166.16375253744675
44892,665.0751996448533
44895,3124.9063388138748
44907,69725.3596654369
44910,389.7925815688861
44911,4701.511546293874
44918,49.098946288874714
44924,25.93181988851793
44937,79.45850189129004
44942,21026.885666188355
44954,41.42073138465839
44961,828.4821731758656
44962,14578.02894875207
44974,954.1487646938443
44981,7484.309085263292
45001,479.04128802874914
45009,9832.83610029569
45014,77896.3086263771
45035,2.023479311903582
45037,101028.61889384588
45039,9551.352354943094
45047,2506.2463644301074
45050,14733.018259132201
45053,84230.12838975972
45063,2202.989285757278
45065,7872.353678661867
45070,1.9967307324157797
45085,312.6881143846919
45094,267.50617421404775
45098,39584.684785585705
45101,74681.06294998678
45104,40.79535317438092
45107,45105.8922828253
45117,542.368235906933
45119,1012.9206763542765
45121,79767.50087149997
45126,65229.73513068157
45145,993.4481875664657
45150,8054.6475715906245
45153,54209.24616512632
45159,88.28093538859595
45170,300.6094586646208
45172,7786.648541833852
45173,86002.51954081855
45178,10699.523821710747
45179,49934.92080544772
45181,15.345596888977445
45193,1832.6014325346953
45203,23185.47228064647
45209,25.04152783320529
45220,540.0028945340869
45221,10931.491504833686
45226,81449.81810099097
45227,30914.160219894824
45233,1666.41617046943
45241,153.93582632212065
45248,9.985700088720005
45259,396.896386971362
45268,24.35756088939017
45272,604.8176392741289
45277,133.19070213193766
45283,19985.996119869178
45289,5932.681917890221
45290,46280.21347515867
45292,8401.225646819776
45295,50371.49839648078
45307,106.57563025688664
45328,118.66665900128058
45336,39.68042791512147
45338,20376.6249778341
45340,1090.498322195975
45344,120.93403794288061
45346,387.6720011786373
45355,341.3279110057847
45364,8254.87054785101
45365,170.56107009773717
45370,2086.865953725994
45373,165.13563984687798
45384,164.80468174194903
45400,119.51694291771342
45413,99.24428281163786
45415,68.53579566354883
45416,15993.959656372881
45429,59.16897915976578
45435,117.20390841258187
45445,283.35348079627266
45470,5719.359737386835
45474,942.5592080748935
45478,5858.086309675387
45479,88.65211160092616
45484,428.20022141196273
45486,1109.6080297831982
45487,19.291962810534034
45490,208.09389170198
45492,58.9852883514936
45508,56.86066745796276
45510,12012.195455801275
45511,2012.1792791051
45512,1.085831690534777
45513,372.97122034466696
45516,32.25897895519089
45521,2.9111042242760248
45524,743.9226404597745
45527,21884.32177866223
45528,124.07766580182624
45534,4654.6893154354375
45536,21071.71886302246
45539,107.26823588192045
45549,400.85071889343004
45567,129504.53534981291
45574,1074.609229493789
45581,129.1292791492171
45584,350.29579409218485
45593,23.378506454984734
45594,2295.537241764561
45603,98.469734435812
45613,1256.5766068910812
45614,5.229749441957148
45641,310.18841587147904
45651,25.82132540002077
45660,41.027937157598394
45666,3.035909413719702
45670,41.947825795739796
45674,28632.071298875722
45676,1779.4206094900412
45685,50.28840270122132
45688,156.54585225819653
45706,18.106926816497108
45711,13.47003130538118
45719,17.9810759853179
45721,47212.00847123439
45731,414.5031586895106
45733,248.62654619503851
45734,262.7968194850112
45739,13848.45463194548
45741,28.33621209843474
45743,5.8509477272613415
45745,61845.49917690951
45748,31245.873258492808
45759,117.06223179452084
45760,250.3651370821436
45761,29.440249325552116
45781,7.805197180593635
45791,33079.84806202551
45800,1512.2716720625465
45801,9766.337853505247
45808,9.672699349358489
45809,3.76248678415408
45816,829.5226796910279
45818,216.9296871586778
45819,8.340747892600348
45823,3609.527243919251
45835,2004.2473389382337
45845,433.96231129373757
45848,52.66765546848748
45863,38.4908806661321
45867,333.7748295711789
45870,2572.5548170880206
45871,63.88559563615448
45872,152.80240497303075
45874,250.37403307538347
45878,121.58653399662995
45887,161.22215445163954
45890,2615.351567210235
45906,351.8581327430749
45916,436.10567700692053
45940,138.8264465918554
45943,20069.66727768958
45958,12.950697933381608
45974,6241.934750248122
45976,18788.220568090106
45996,22.29912835966792
46002,259.062683692276
46008,33566.942537824805
46011,42.334862907849505
46013,448.7697531421485
46017,439.641655598042
46020,7.282022733909497
46027,639.467909859923
46028,48.459591129434635
46039,2644.8872629506745
46046,537.4536106687826
46051,7770.179314553707
46055,32.10304445645271
46059,206.37688987740552
46072,64.02878721270163
46091,374.363950513476
46098,60.72373233606545
46132,190.50237310965886
46140,41.73577921016481
46152,32686.81753448241
46157,878.300245213853
46160,27.47657335784599
46165,208.5516677534524
46170,214.04343002008596
46172,54.91218119411558
46184,4.025041547726796
46186,1028.203293445897
46188,39.7094784545008
46194,182.0315470605676
46197,290.66201480161425
46202,58.188743954114464
46205,493.8467142155702
46206,2231.185672908179
46210,0.977444394522425
46220,6400.645470693116
46227,15.37048706054187
46236,10370.477526451245
46241,216.03376736056424
46245,17.85181301722225
46250,4381.60817512445
46253,501.75700592463767
46259,590.2062151989414
46265,2111827.6507230215
46272,1861.9853556303644
46275,0.9255519878172724
46277,23.92139705664117
46282,246.3928322376147
46287,241.2867018311928
46288,281.19944003177596
46300,101.72282410887965
46305,72.28346625074637
46311,1617.5775382150043
46315,107.80783177818344
46317,303.4128617615166
46320,14428.696064746722
46324,160.88597248568107
46338,22387.40628591806
46339,232.1507834089365
46355,7.470030260144037
46366,1654.239598789219
46368,1266.0551415835678
46381,3780.6671986399188
46386,6343.65238784665
46389,5146.576854876633
46390,512.1072734121117
46391,12.75680302139165
46395,7.008479300572841
46401,128.4084681139309
46402,77.49773329070625
46407,1113.6114924418175
46410,99.23160185892083
46414,17.806032505162385
46417,22803.15040117617
46420,2545.390741186995
46426,56.65125249386216
46431,11.791711160414383
46433,2.958927275891807
46438,2126.060229082779
46446,1229.774431796538
46447,23.38589911267762
46448,1011.9779406240133
46449,1649.6204923538075
46462,72.95914799207573
46467,31.145687267521904
46470,732.8094785706106
46473,198.7676745001388
46474,4.87561547996589
46483,111.03260385930848
46487,901.6769188228684
46491,4.25390039025225
46495,1.8282795137578773
46501,108.96253719052692
46502,3204.888177628992
46503,74.88849158112475
46504,1486.6252863004781
46524,36.00951105202035
46531,123.94732112390682
46541,83.66745430383692
46550,7.999146002157909
46555,72.57861463654359
46558,2950.5602345670795
46561,101.83823287159363
46563,1276.9819505542089
46566,1463.4037685264216
46570,462.1541233257757
46580,1491.2971444973814
46604,21.706986271995394
46624,3573.4026309460596
46632,3.1862152876773377
46635,89.01796686629919
46637,1160.9258245367926
46640,15.512489748953994
46645,34.98429076677536
46649,147.20402499287025
46654,924.3989310461856
46660,47.17925786801359
46685,2154.553200195727
46686,1641.9486755642565
46696,72.81015377703687
46701,244.9598311688431
46705,3438.3135949422385
46708,192.74164299185196
46725,140.61972395117573
46740,26.930851589720806
46744,10.572863884596355
46749,118.0312798694153
46750,1277.413150301826
46753,20.601059099775732
46754,219.8776924349106
46762,2.131325119863058
46768,18353.89719007518
46778,15.710977093568562
46779,1.9906337945346064
46783,4.892395234521954
46788,1011.2073174058081
46791,5.43696439133305
46794,676.1197659160958
46804,249.41275256297723
46811,586.8142194691185
46830,3.1479451913144523
46832,113.71496709345692
46836,690.2258126744772
46837,1.9399466664886886
46839,349.96734023296716
46843,109.81257572422199
46860,269.5767894038336
46862,752.4612229537906
46866,107.46524807277473
46867,204.25584125645412
46870,587.0660990237469
46913,46.584675122390976
46915,274569.27641028195
46916,48.038825643553125
46917,110.81106988931262
46920,134.08495800690784
46925,1255.4877265732757
46927,23.207212996579752
46931,21.515154287308036
46932,3.8113438952069765
46933,17492.391830204346
46940,68.76413065751105
46951,267625.0766198432
46955,14.865843266293645
46956,117.73398636260949
46962,5.474218773768284
46965,11.493259068856684
46979,2174.8073923987313
46982,3.625085025378689
46983,12.620854896634107
46994,1122.179309316708
47016,1.9888504325249965
47024,100341.77636081101
47029,8.611317734506608
47032,47.48148995154069
47033,24.569566424734372
47050,147.62287360646746
47052,1484.5011637564082
47055,10.399394817537932
47070,1.9563955011345378
47081,661.8037293658176
47086,31.13967484093526
47094,7.856809910952219
47096,36.36814760339634
47107,60.05839077106383
47113,34.949629249173704
47120,336.5910712321618
47123,88.94504984415279
47125,3.149922379045894
47142,16.2388851998472
47146,0.9662244253610294
47155,1282.1749032410344
47165,41.99350632174924
47167,0.9869000713553502
47170,228.74253834460336
47172,8.891203414430086
47173,3.9497836302766727
47178,146.0237246134276
47181,17.045062937506515
47182,126.7069509593133
47197,40.61869267251318
47204,119.74354637117523
47207,137.10181890729936
47210,19.154732084682866
47227,4.013237755204954
47234,43.42816934544132
47236,109796.45965179102
47241,141.56017297086348
47243,77.06160799598344
47256,407.9363301491708
47273,1.9209005915796433
47290,0.9821656727007084
47307,5.951071621530417
47322,51.97028566800045
47332,3014.975196071415
47337,19.658335949606236
47340,210840.5773497962
47344,4.872049479295021
47348,4.531805509483077
47349,37208.03114960433
47354,215.58734647265393
47360,134.16906833572864
47364,1792.814790052718
47375,394.7500026463174
47379,195.38333967051233
47382,199.85690261846028
47385,7.371545727507483
47387,8.40474325111054
47406,209.55366472009075
47417,5694.719597367584
47418,307.478836258286
47425,971.918975878022
47437,1.9372117213867082
47448,1410.2567087397106
47457,26.347991776047024
47464,9.008331339826375
47489,2.2350953773859414
47490,1693.0307723653054
47493,362.3180758956169
47496,20.849577011272725
47512,6.328875174101473
47518,41.04080853866882
47521,121.39442016365025
47523,64.91804308680558
47540,9.100745822538851
47543,1478.1842615475307
47548,20103.26933896089
47553,4.01778659125163
47559,40.09751588730115
47561,206.7005136450258
47586,2.0258650320124834
47596,62.93082048786331
47597,40.45287700841382
47601,260.2584906002318
47608,3824.747167513231
47609,7903.591823044337
47625,51686.2833299669
47627,352.95615799091235
47634,21588.05610357581
47639,193.748840514734
47642,37.29710860072136
47643,2303.815204734321
47650,463.04653920792254
47657,262.0153296528598
47658,965.6744236739087
47661,388.68905259912486
47666,1744.2123453141687
47668,5.721959496983649
47669,31.57561813753958
47680,2717.7967227518748
47692,90.30625990584066
47694,80.7213540206573
47695,413425.5780559002
47698,200.3072405368691
47700,363.4849594489534
47702,2817.215047927637
47707,6.043048282994226
47709,300.8332064618507
47715,631.6485196156477
47725,244.62161848245123
47730,99.25141382550946
47751,65.53530145628235
47757,19.50753313787652
47778,332.6795336622802
47780,1846.249132430066
47791,1923.6876299958224
47792,48.82048945893347
47794,1424.3203736560774
47796,1300.942041302512
47798,5559.091652673554
47803,483853.5371425297
47812,36549.287343574455
47817,262.02293628162965
47821,12135.16545668783
47822,3.0286846576959787
47824,80.8114695122956
47831,53.936766044090454
47839,142.42026387132978
47843,6.117562611118704
47847,305.8638500853303
47850,79.6161986252121
47855,0.9703908142135539
47856,1.8718937362534154
47870,606.3021462459458
47872,117.85187313958374
47882,9.026085142994221
47891,22.213761059060598
47904,67.51577470483052
47914,198.45001873731263
47919,69.89983483279009
47950,1.0045568316634867
47951,1011.1654115323088
47956,166.2807298813915
47958,42.57817932767006
47971,76.31959763525425
47992,34.129818307855395
47996,482.898941013244
48001,12.596067810894406
48002,1000.6748521952802
48004,8643.857517731225
48013,493.97825252277545
48018,685.334452368901
48019,65.49194000557014
48022,3.094603164564
48031,288.6117179756486
48056,4.796846964317891
48084,5.691102271655584
48089,4.783724703881495
48092,32.77207828593457
48102,80.69213868048716
48106,24.86864920961891
48112,22.794915994038462
48122,403.9034622761664
48124,460.3528936930102
48135,278.53924449724053
48149,101.00736235968864
48161,2493.983805631718
48163,50.54647227178874
48166,5.9952448941499945
48168,455.18157121842586
48172,128.76116456828152
48174,47.01502868063392
48175,57.88208258887292
48184,159.9192951608779
48186,6.372768779916131
48203,70.53681342397887
48209,6.140235461819158
48217,591.7504589616483
48223,3.0373181801267624
48230,8741.24590663914
48238,8.071888603482375
48239,4449.301147815215
48250,2435.11819985422
48252,51.4441509555222
48257,21.526760501122933
48267,126055.40310309017
48268,8.162198384629157
48281,11.519523003438554
48296,69.25545476383228
48301,7.903908976800454
48316,83.24469439448843
48320,3.8459494426632337
48323,3.0950748173747913
48326,134.36671053611218
48349,83.74197440524247
48352,57.25518781304254
48357,3.1543628624728273
48362,92.53412610426983
48384,22.83330799965612
48386,3884.6004302733754
48391,2.9343672332529804
48392,686.3559381394494
48397,3.0239809097562
48398,194.74538384851508
48403,133.48102816533253
48410,29.885898552661615
48415,1.025047013359244
48434,1.8598443726279925
48437,5.831575471540754
48439,1.0590825920216194
48450,101.51273411426367
48451,40.57240766619487
48454,11735.181071570214
48456,268.29153628619713
48458,47.390598307860515
48468,2.0220061039108175
48481,13.194145653816324
48488,211.22520614417908
48493,524.2147295305169
48497,1735.1628621179789
48502,122.29393891508472
48504,9.757301790314651
48505,10.591242670885721
48507,60.184226853198666
48524,11.3840960080271
48527,246.1157357344593
48533,98.1278171076352
48542,121.80762812924306
48546,0.9704956033170312
48551,3.188785050470151
48569,1024.951775676869
48579,1217.1935274760124
48585,1.04631958578481
48593,246.96600981498898
48599,57.270838403909075
48610,1083.4552235317171
48611,76.42776287201715
48615,1476.5190508955284
48616,617.3756450380102
48620,512.6739353369759
48624,10.011219392493302
48626,3.2868439054105516
48635,270926.420248057
48646,36.85165378660769
48649,18.84133330257446
48651,4010.550410787783
48652,1875.5144648157554
48653,140.1366458868715
48655,25.429875252110115
48659,478.71772862863867
48660,9.84805454674044
48664,35.89228538845458
48666,672.3097817636475
48668,25.338204758304737
48675,16.23934001744888
48677,6637.237660463649
48685,1163.8445190064215
48690,90.54422112930322
48691,141.2112313409944
48697,254.55508754645135
48711,6.628021562976698
48742,48.52651953918335
48745,103.2856680318786
48750,6.166318932849706
48756,164.1298854095918
48758,853.1294051486175
48770,13.478040917732391
48771,41.669585272883154
48789,136.9413926174579
48804,213.56618226717285
48809,99.75739807254881
48824,39.89622651638127
48825,30.00201159251818
48832,2380.6496093923165
48834,133.53666843031172
48854,101.84062625699775
48856,1.9591948593400943
48861,40.04244872995467
48867,315.9038568204251
48872,298.01315630578245
48873,20.081023363823643
48880,1338.908345220423
48881,188.89021029544094
48882,96.74929291472915
48884,13.809367451978947
48890,1882.907380737914
48892,690.7986191551211
48896,5425.538088321178
48906,266.9893310931455
48928,1661.6765771091352
48935,39861.221643543846
48942,349.48272735310803
48959,897.0211275084515
48960,197.27499891307045
48965,6.488436340583263
48978,73.32733387231809
48987,1.0384656486207993
48991,191.34600882026393
48993,830.4821592395831
48997,21.39850054185497
48998,587.9075819423118
49001,14.202129148724577
49006,5.1170246257451035
49019,255.24151146900718
49031,1464.8688813482854
49034,2042.1891836460818
49043,1.0162175081923743
49045,528.887934698805
49048,485.69286199251866
49049,730.8978786069644
49056,157.41140416370862
49063,336.40498391462006
49067,670.2581441519956
49078,329.22653701143963
49093,29.115310112226812
49108,547.6435347218492
49112,1.0113508258024542
49116,630.97625645064
49117,313.73618817207233
49122,0.9702606064132125
49124,2.1231823103391
49127,1181.5180722121756
49129,311.9595329435847
49138,2.008339729371195
49139,471.61958894146625
49170,528.8326754354616
49186,87.23239741692282
49189,5.917559693502188
49191,301.3618740258663
49193,2686.220278995617
49194,2.0768131273358357
49195,788.9089447449721
49198,237.06097733257587
49199,39.216389466978484
49200,50.011821672146525
49201,1.0302719125738953
49209,98037.08387100868
49221,10239.769436813294
49230,2878.701356524297
49234,75.60014150199183
49236,79.64298656602571
49239,250.4395209773923
49242,86.87825243338123
49247,55877.77652082492
49253,39.27631950475266
49265,365.5208581780257
49271,12.801606190470348
49274,11.09001616352813
49277,58.91467401881492
49280,2.077990931173666
49288,8.307589933705739
49299,669.243798343995
49301,0.9972227028630604
49313,60.98693306647994
49315,1.0390944902547106
49322,21.27707937838878
49324,9.074544220298232
49325,39.154304409056245
49339,205.18482825120182
49341,1.005845534603874
49342,22.54926903523812
49354,282.64305629379635
49359,4.9728463990961815
49362,2855.8103357056407
49365,20.806285681687633
49376,4695.885267328398
49377,1.0012065171935776
49385,8.185408799292723
49395,17.60649512549119
49396,249.15095075315946
49410,157.10260005353265
49411,149660.09558986666
49414,2.1401613376640185
49427,92.13072775552128
49444,2.8905403844100492
49450,209829.18802256844
49458,198.39106142065583
49461,19.235479650930053
49465,48.6562505898937
49472,8.205683957188041
49474,223.4305463276673
49478,115.97373275591136
49486,12.556395048040164
49491,620.265653429278
49494,174.49403678455062
49495,71.14674470946755
49506,1.9254842446071454
49517,34.21815168722159
49521,7.827803732313395
49524,117.92908225629944
49529,95.20289894667103
49533,652.8645297147232
49543,2.13690797178921
49552,1800.5271199059064
49554,505.1527565883438
49558,167767.19373939632
49564,79.69987270793115
49565,12568.533723312625
49568,39.955246581562825
49579,78.45525861317823
49580,925.06780363437
49583,133.87359664486456
49584,511.9453023782806
49590,2.219144740833423
49607,74.44133070182825
49616,790.3369689979567
49625,69.78776695785088
49635,529.2903936692594
49640,6.926310946269913
49654,1684.2196072758409
49655,28.15632199497318
49671,63.21510782416511
49682,6.914110121578387
49686,19.707945651554404
49692,29.471955044810784
49697,10.183700494191896
49698,1693.993620061759
49718,614.8638283401268
49729,25.588026398761443
49732,4.964890927749466
49734,3.8191594351987934
49751,13.245741377699675
49761,113.69421913114354
49767,200.9067098076826
49771,5.509281246793258
49772,1348.5578021344816
49774,569.0262375324023
49790,70.54448191099951
49793,545.3536061629467
49800,8.3587466339474
49803,21.762677814196174
49811,1.0239351956340679
49816,103.87341566381237
49823,404.1125305537082
49825,12.92444516072933
49826,18003.5232808179
49831,80.3464566861003
49834,8.384358540008076
49835,26.078735868008913
49865,5.0134736012451055
49867,74.50180805534973
49877,49.568299150113205
49882,5.618798588418189
49887,819.9042389570338
49889,58.88335817886287
49893,3.951669846336768
49898,10.738892679695754
49905,5.482450748919023
49907,4534.074916258663
49909,372.3970008213281
49926,5.7063292294474515
49931,9.790531578571173
49935,28.210715505328167
49938,524.4120586538804
49939,4.71357911041569
49941,3901.319159614085
49949,1.1037256066642334
49955,1134.9939859165022
49969,12170.467112591772
49978,22.35216139406276
49981,10.25548039173141
49982,380.82930005390915
49983,18.6006800888609
49986,57.729442967033904
49987,201.38422263618074
49995,52.25631187121069
50009,27.0386476135395
50014,6.841705496035841
50020,8.353337103823263
50030,1436.0564909164466
50031,50.45684459025194
50035,6.74697058910863
50047,16.0056557580182
50049,1606.9328703037336
50056,248.28415071224072
50059,3286.5299868489897
50076,327.4421642460387
50077,10.065091703087932
50081,796.5632350697875
50087,2.1087386281193146
50089,3624.7828178778973
50093,6.13771295688937
50094,48.84890556555598
50110,120443.52810039712
50132,123.27259928686945
50149,2422.0088781505765
50153,16.967618759034398
50164,94.60735703982536
50168,8234.966525257465
50175,4188.831893684944
50177,177.3502378445642
50180,3480.2288850052623
50182,225.65333466079366
50187,3962.650309536615
50191,445.15984244253883
50194,8.044866690267881
50198,92.39862961883445
50212,10.03967614940828
50217,13.130626968674216
50225,3722.1984458186867
50233,442.1321921166158
50234,2056.795240277188
50253,107.90762086654624
50267,808.5579979982264
50272,12.240678555296919
50273,374.442147017762
50287,42.907606939185726
50294,68.68848865597471
50309,0.9555326561013946
50318,631.7217572236276
50322,275.4229854820743
50324,1.0206012581691177
50327,9.272424198342147
50347,297.30554252456017
50352,4401.6977610896165
50353,1661.942470372664
50355,438.0972283239827
50356,8.08270333223303
50357,72.77202512216354
50368,4776.042372931852
50370,123.1344798501315
50374,3871.2015527171698
50380,1596.0836337123208
50385,2182.0187422017743
50392,4961.069345537806
50397,133.63806073154558
50414,4083.335996791181
50431,2511.499892044346
50443,0.9487666301612883
50446,9.968395884553727
50448,1007.1250949044042
50450,10366.575657382116
50456,185756.1527964944
50457,101.8559403784116
50472,18.266999728671486
50473,336.51546022752945
50475,10433.131108907342
50483,928.0163304205361
50484,358.7502421418229
50486,25.62239326453418
50511,9441.011773793325
50516,2192.5019513142834
50517,5.143493917600917
50519,1088.853382774607
50531,2.967581361487516
50532,5241.27955709002
50538,59.52368360319652
50547,418.1909773390689
50552,60.10431786064937
50564,84.65053337348725
50566,92.49440603822657
50573,134.2935936779479
50574,23.9941213892836
50582,31.58267559585467
50584,2375.278814618156
50591,911.1117223557084
50596,94.69398547657889
50597,4238.185438412508
50602,948.689251735848
50603,4244.862001511169
50605,1007.944910491282
50608,295.3300138231985
50609,455.8281211943105
50621,4235.2907065175295
50625,3088.1460147324265
50640,2.9006104002041786
50642,20.087145559653187
50664,2.047219853791135
50667,58.84952997806594
50677,614.1914830916996
50688,150.39910155999988
50695,220.12400483809233
50696,2003.8945669068623
50709,8930.486516776224
50718,85.58210440216442
50722,4042.222224311158
50724,17.122654487998393
50731,2569.6916270181646
50733,497.9845847448815
50734,8.269917114806445
50738,57.97062942446637
50740,75280.53800813972
50741,479.69950031707924
50752,1.9389061622962758
50756,223.7698615429836
50765,3480.7119239484045
50777,320.51340362480585
50780,8.986017640316444
50784,8847.49331768643
50806,6.881832701082079
50828,707.1350537155381
50848,1.0261832354964011
50857,38.09258080529169
50858,3502.091444791225
50862,1.0942399533129326
50866,92.79120129249955
50869,218.11955506230464
50874,59.90290525955323
50876,7.314996172745797
50877,131503.11533912193
50881,204.46765392104456
50885,406.8472581279788
50887,4.083376564960453
50901,1956.166327889321
50924,3.9644576037227672
50928,227.751435067524
50930,682.0302522591254
50935,1.0984713664345238
50944,3524.5748905332916
50949,1539.8125372806019
50955,595.1652603825489
50957,34.79186800352294
50958,3900.4297090329724
50960,147.0405691146138
50991,14.971587856128693
50993,5.168015435793293
51008,195.4114298798157
51015,6994.624376554156
51016,20.783710461866505
51017,125.51570372559178
51022,6615.621799449624
51023,339.9935863623141
51024,1428.6575245142694
51025,446.2886134056898
51031,9.663694616670536
51033,204.79182208122413
51040,278.347151631505
51041,771.1933331332767
51045,714.8094076684883
51050,543.2775900140837
51063,1.9508384286068472
51083,13.47009598599608
51087,22.032069455056263
51097,40682.65341628548
51108,1.0167785987415825
51122,58.0649356850709
51123,429.58924874057436
51126,79.17526340259407
51132,652.6137392833278
51135,3913.3915675252383
51149,115.38393942017882
51162,99.08493775492306
51172,811.5793777243932
51180,1076.371635933188
51190,19.548635314462587
51194,609.5068359989508
51210,28.29156682236639
51213,891.3026067106607
51231,64.72564777164669
51233,49.82681400498584
51239,1.9276379281052909
51247,43.51871338100459
51249,323.1839185516324
51250,224.6368536447013
51252,24.33983689777532
51255,10.015511243258238
51257,12.711322593038808
51274,57.69006577031933
51285,596.4047578855757
51289,640.5450477699038
51299,373.1587503231274
51315,245908.11068360327
51329,1535.7330968831652
51333,18.3851666375142
51337,46.839667697416154
51342,2.1083197315849445
51345,12635.927161792248
51349,269591.60865588766
51353,9.161474443177335
51360,33.012144568796955
51363,571.5458572041114
51364,24.181521894251418
51372,38.87006081254228
51380,361.85459524515693
51389,9.578446132911285
51393,1326.9454497551237
51400,682.2539006802998
51403,490.37624697574637
51414,3261.9893729129726
51415,459.7353882382137
51427,622.0618627621639
51438,1696.5588844238312
51457,419.8090236948775
51461,5.043084038503353
51479,3.193497911358338
51482,422.94789166002073
51483,9.047653042244063
51492,461.9586799163798
51495,5131.247837670314
51512,15.516556902838389
51529,329.8297208645623
51538,16.467094116825024
51561,99.06253823415165
51569,667.3305914353055
51571,412.28525662332606
51575,398.72352706511253
51581,30.57149806113535
51582,75.7707440668963
51584,30.765515751992062
51588,284.6832914590555
51592,2454.1347522143587
51609,0.9345812612712892
51613,13.901110587106864
51637,1.9461293685592518
51644,13.318441175574051
51645,6.14537597439614
51646,418.7295013229972
51652,1.890291570543362
51662,2077.0836898401
51666,19.416363678711264
51670,9.836641136289327
51678,404.42134048593806
51680,13.391191867025144
51687,20.121267441074583
51701,26.350753155311715
51732,0.9573932770702379
51739,452.7924340540278
51741,61.95329034219405
51744,106.13511015003101
51745,217.24252740106914
51746,0.9982124268630314
51756,283.8449214199358
51766,41.112237822617914
51776,188047.1506007612
51797,19.537846841791875
51798,877.8255392523705
51801,24.064393895279977
51804,2.803418844400776
51805,102.6216284950418
51810,191280.46771706053
51813,168.90061974372085
51817,9.476163332347811
51822,134.6878091380727
51825,6.647132238889795
51828,5.035170675607361
51832,889.6572706156331
51838,347.82470677522724
51847,0.9357723976623318
51889,1.8977704406144094
51899,1077.7030883484317
51909,454.7785523517323
51925,13.515103915773407
51927,598.9146072091048
51932,57.783820501876455
51940,233.29303826266852
51943,5688.983662010608
51960,2.9968168088151534
51970,646.2919817878976
51981,749.8448666988157
51986,2.0636285295283336
51994,45.020658877399825
51996,0.9889245660768751
52021,535.56422933264
52029,12.452863539759438
52038,29.69564742368391
52053,72.72198052197275
52056,154200.26082830533
52061,1008.4620082898571
52078,1.0032804185110833
52082,582.844713192657
52088,74.2683178517051
52089,15.336220851365699
52097,4.228238353485069
52108,1.103146822460191
52109,549.5048760088191
52119,911.4458692588839
52149,10.091382918765053
52150,48.388684663137745
52159,1497.143533353658
52162,62.675679140661465
52166,102454.04876794574
52168,439.54033376779995
52170,180.44627347412347
52177,594.8255802778349
52179,644.7286439872067
52181,90.16590922840871
52183,684.5867798933266
52187,712.6900348932193
52193,101.06119043287211
52195,98.14315247933881
52197,124772.52957303316
52212,0.9559892399415811
52218,817.6176010118371
52233,7.178785705569467
52248,1018.6282782942545
52257,756.4646996310329
52261,4.277318525167893
52265,1604.4926263782024
52266,274.3179999109926
52277,1149.3003658063185
52278,112.41819776773029
52298,821.5299948154577
52301,7446.295577062168
52307,8.16349697564356
52323,725.7894145611157
52350,285.90360236246283
52353,360.8312999279114
52363,4.33950716305552
52364,70.34727558517815
52369,528.939494860094
52375,11224.11226534657
52397,10.923041523967424
52405,1292.3982839467965
52418,2.8722811790254923
52419,1286.6369974571858
52424,84.89755548949181
52429,5.077773138182221
52432,93.40981729598784
52434,9592.517282703078
52436,3.1999294447039324
52439,1365.0997757989355
52444,166.8467760913097
52449,188.37898728301448
52454,179.6126595370597
52459,782.6631903465388
52461,13.518346774921417
52469,12.661363805374641
52470,2061.159162644202
52473,806.5243804390976
52474,11855.565926198575
52483,928.3365647830974
52492,28.89022718102361
52495,14.84164215933802
52501,0.9492116277970132
52510,281.03019753196503
52520,55.340733317352665
52521,133.02367407354447
52528,442.1484223470622
52537,472.4971367069507
52543,332.72541643993185
52545,0.967212006987879
52557,10.802791273588166
52560,1879.7278955205127
52570,220.34421226808996
52581,391.2141262406035
52610,221.59316265598451
52614,50.373774203171536
52621,112.50151782044138
52631,291.6488341295717
52633,370.6716047921431
52660,784.269483498858
52673,352.30052840260424
52676,1261.838250144278
52677,3857.426261352475
52691,13709.492150322616
52695,1.004311086573972
52697,349.0481043776984
52708,7.304185544881047
52727,106521.99749293743
52731,1260.4599926826359
52732,107.49978048100748
52739,1672.0393966403808
52751,674.3603812718035
52769,3290.882472722697
52780,200.2827070784534
52799,159.5732759146966
52801,1811.5525271560705
52803,10.244138232910728
52806,157.58269836845523
52815,381.18023547459273
52832,6584.058027087243
52837,399.3053869285093
52838,1177.7558009170887
52856,4284.37831775932
52862,6.507086724383492
52892,135.2632449845352
52927,7.73621839996842
52929,160.35264738180672
52933,76.5424038195768
52939,60.53835645127281
52957,8.71476393445773
52971,43.9731869502947
52974,44.40269243504972
52999,3708.9267997364877
53004,56.185748963244095
53007,1.9252686325514496
53009,24.799767476830507
53011,0.9909102306795816
53013,1017.8844373856323
53019,286.27427112445605
53020,6616.697053351679
53022,191.5958993758331
53040,66.68607100726183
53049,55.51849859129324
53051,14.373745688275628
53072,52.58731832545669
53075,739.8379810396466
53078,1499.2757841560967
53087,4.030728821666716
53092,177.60096495014838
53105,102.73598025407591
53108,13.993286736131227
53109,80.29095359779105
53119,54.56353618194328
53120,52.59161189691409
53127,120.11480606103987
53130,35.08078754463231
53141,3.8826419211511123
53143,17.068992647074055
53145,802.8662736962134
53146,32.52334988413576
53159,270.7942582967935
53168,290.480998545874
53172,11.736091669509936
53177,21.370333900820455
53179,79.46313572152975
53190,7001.945243159649
53192,50.836095617331765
53195,707.9809552280437
53208,13.384047749193968
53210,46.23364737606437
53212,1905.6274201607566
53220,39.691445365455316
53228,38.2394883718559
53230,253.04806829013438
53234,2415.9708841430656
53238,63.114871748016725
53240,76.71047148791578
53241,24.777640401194
53244,62.52853617836007
53246,1787.6945360094194
53253,56.84190355498562
53261,700.2318220639609
53262,31.49164671148367
53264,155.32748573357478
53269,0.9995901511369282
53273,38.99098543481573
53283,397.12434102948987
53292,7850.603556445546
53295,606.2614215159648
53299,136.45574767667304
53300,22.11190762208337
53305,0.9062351595152001
53311,117.18469375594984
53314,6.182441058731552
53320,14.297163030518332
53328,2.021887249573913
53331,679.8175036153659
53336,25.682674533581547
53344,10.690577468896725
53350,91.40690770781735
53352,1992.3298193717724
53353,770.8985209621104
53366,275.54601409489874
53382,25.473426682633843
53385,7811.688552456599
53386,404.79954206524025
53395,1038.223600929879
53396,1.0566535979822032
53401,15.21858757262333
53415,10.12788525533313
53443,17.652434808043047
53444,46.70541821003794
53451,0.9894487856506287
53452,1665.8274225649247
53453,811.0810181557027
53460,229147.86139547548
53465,1.069509229882283
53473,672.643824165928
53481,1.006292533756552
53489,5.086565058136761
53491,2.992845766275315
53493,0.9579549777911547
53495,35943.16899116358
53499,46.46043872872523
53507,14.490750467600952
53514,708.1420377185902
53516,1551.3254449962774
53519,1.0128581440590254
53530,125.5310820460374
53536,6.153432943308733
53538,84.31257408574044
53541,619.4599481128693
53555,133.90166954082486
53558,2.1135596402156693
53563,68.08295059648871
53595,94.30243256708624
53601,2.149413653445086
53605,13.9568146123281
53606,206.93664889442275
53611,59.13947604163218
53621,33101.252602206485
53630,57.2592539127069
53631,10.307002180366386
53636,588.5420970698425
53648,5.531080074244989
53652,139.97457110129423
53656,7.907433890506348
53667,1.9932781061064775
53674,2.00241189677664
53677,243.23764886169596
53682,20.50136069475457
53688,967.3263275755908
53689,14.773254585758977
53698,187.2654514132301
53713,9.497062206048545
53715,931.1785770781868
53716,194.38518917858596
53717,4082.0536920751206
53732,377.4792754928776
53733,9.868512217073905
53736,253.98617586673868
53739,318.08876820132326
53741,54.253334674423144
53751,22.18499404382186
53752,232.9198750471269
53755,5506.208764770051
53765,978.347140743838
53770,158.8988390377318
53775,160.05100569289004
53777,174.7321939970886
53800,553.555368097309
53805,12445.927097098132
53808,1249.433916964669
53824,59.98788056392716
53829,20.798533255670392
53848,1441.3668500413798
53850,490.83853306284357
53857,24.58383550087099
53860,370.8849303808553
53869,2395.5671478209333
53874,182.75173610989816
53894,772.1450899168267
53897,20.31076322323084
53907,2290.904343819015
53924,1386.9644592716215
53942,383.0415744931504
53947,2373.1393228471115
53948,413.08995477022927
53957,113.31226854154235
53964,296.7382747157653
53966,241.6351223718573
53967,403.05862816437116
53976,1979.0224386861087
53990,729.8978691149053
53994,1348.6394889370333
53998,7.677825418118412
54001,13.524350842436894
54008,917.9009016841011
54015,725.6748356725327
54023,6.996399672443956
54025,2797.524217662677
54026,673.6079952170528
54033,1149.803360472222
54045,712.7835137545836
54054,95.95653898800052
54058,284.2997701492622
54063,4188.976431168927
54070,132.90628284982955
54081,472.3221555533606
54082,236.60307865750843
54094,56.847737271905714
54101,6026.704465933833
54108,4665.7226875322
54114,11.733381628691834
54115,8507.897166819008
54121,188.41399398417764
54128,4042.517607357173
54131,807.1325198074296
54132,133.9581389903224
54135,48.713236411068806
54138,673.754797073106
54150,589.5869737791023
54151,82.57762922933726
54158,83.65080898034273
54163,927.0392584599585
54164,62.75113618704481
54180,4623.869649524982
54186,2641.724146495903
54192,10941.025956985543
54193,846.637698592529
54195,68.69038117171667
54201,901.4371097837721
54205,389.5712448974009
54208,147.03595284344513
54224,0.9464746334255757
54226,685.5388154796988
54245,723.6656968267273
54246,1482.2545213523895
54250,67.21720199666842
54255,39.25909257407724
54258,367.51821100985006
54268,259.85894408967636
54277,520.5858373410126
54283,376.87628233909487
54288,174.39337458305334
54290,145.69889985534994
54331,881.7215393005079
54335,23.609771098998344
54351,111.76479298719862
54356,517.9336524664196
54361,26230.992326334
54364,282.72018901759236
54367,229.12080257842706
54375,27.561005846114117
54377,801.1761595430213
54385,31.566723344885762
54389,1622.0008055700905
54392,12.84431622695389
54397,1000.2039017604601
54406,291.64054467564324
54408,765.7768262118096
54410,19.460070119032707
54435,8.440184970583056
54438,644141.0910758129
54440,1183.8489684386268
54486,37511.343088309644
54495,8108.283464542868
54496,1781.869953932892
54509,8.665899195968288
54512,416.0392040786814
54513,169.61572986897093
54519,26.62176696697439
54523,726.0818058643381
54528,156.38716042489438
54546,20.231763266034466
54550,992.1415648333534
54555,446.39812552283234
54558,13.229276451101438
54565,846.1605702777345
54566,778.8309888712569
54568,88.76828361819678
54576,86.10375008428943
54579,451.94757085557075
54584,124.38565852675602
54587,56.49815997798713
54588,1105.7901196164075
54590,566.6378129653391
54605,796.1066809288963
54610,7476.95660148087
54622,7661.034549174178
54633,999.4376025008532
54642,109.23879611678933
54648,1528.2149526078292
54649,8645.831151248469
54651,38985.68353136579
54659,137.9359414735626
54705,53.579957746238875
54719,88.2868743163396
54723,49.38354510116206
54725,10826.145753577937
54726,89.54225802048897
54727,509.85808531622655
54729,35.434486387947494
54732,317.2485178288795
54766,36.872301073433285
54767,5407.534436916415
54774,105.72452496845334
54776,5.941649347420597
54794,86.49137372438541
54802,86.94473863823326
54805,805.4239615559468
54813,34.232498787394476
54815,378149.86307078454
54820,98.53115097114757
54821,6779.247499565753
54833,85.89101664918199
54855,2720.7182819949353
54856,3.146600664665365
54876,388.44691758762235
54879,2.1513061874386055
54881,34.12854511339469
54894,256.5885990825966
54900,274.27425871246123
54907,8549.089716982813
54913,1633.2356283626732
54914,129.7250111940913
54917,402.0046276829353
54920,3.254197339574282
54938,12776.9537123785
54939,244.61522366957982
54946,161.66560901413894
54949,8149.895720221659
54975,264.47169123379575
54983,28856.393004905367
54984,5952.0512048870405
54993,167.35141095115023
55004,3.006405560231121
55011,17.796427488547906
55019,248.8701956586005
55027,4617.666196329463
55032,188.09766238879715
55039,15.63464553969661
55040,31.413553309775434
55048,1.9195549984820488
55053,104.07300394338466
55079,25.33532230036751
55086,1340.2251409858236
55093,103.86645391593653
55098,374749.28659567697
55109,351.00185273464695
55112,66.91007268918118
55113,45.10986528713578
55126,300.4271949735014
55135,10.686417915788072
55137,8.302852767163987
55139,285173.14206856355
55146,29114.800624983898
55148,24206.609102479004
55155,167.11993609203574
55162,24.654238778363208
55165,8.47443305490478
55171,500.0325675552794
55176,10.044211062084145
55180,139.9854362106704
55183,122.92279548742843
55188,9470.7596260493
55191,21.17259575080522
55193,70.47992845107862
55198,9220.41261234976
55199,1244.997409471516
55201,273.08023683812405
55209,1151.4218574111205
55211,181.49193849127556
55215,68.54056173108846
55223,32099.20949349327
55227,354.0549287066745
55237,433.65958400050727
55244,219.00849466958374
55274,1291.4622323972192
55301,89.81318087569781
55308,87.28092591296269
55316,33.04037612267743
55326,504.27216391694657
55328,2128.8424871778975
55330,50.35444869725282
55335,151.26268592388368
55337,28905.434284277613
55339,1273.8370513192078
55350,154.6828097208603
55364,1186.9064991411647
55366,2140.005164449234
55374,7.2187115814760485
55411,130.0264426424989
55412,27.84802948315171
55415,193.4287095966426
55419,1027.8715430824516
55430,208.1221993473979
55432,143.34032326801415
55434,2786.93548265366
55438,42.345216447127385
55447,955.5488686272429
55456,3589.417766980382
55459,18.908276915309035
55466,1.0136995528189514
55468,243.3347289448364
55477,6.58865692951142
55489,2842.60405044334
55493,149.83561696754688
55495,233.85692803743922
55509,0.9826029345835702
55513,157.84944925518369
55523,2.034327973926659
55537,15.421007115458046
55542,1.0190413877802018
55553,271.48267361916146
55561,479.21922845079155
55575,7538.002154226153
55581,256.0704063483582
55593,694.222976712641
55595,79.46086091939115
55597,363.7058647525974
55603,806.2258929324951
55608,493.40581767926466
55614,413.438062733878
55616,1854.2758331634689
55618,3104.7838873090636
55628,776.6870097141082
55632,54.20372122792352
55637,1773.2565110935777
55646,13060.460792390246
55648,9583.257330801194
55649,56.9860401123397
55655,3343.90667583252
55656,1666.588555986002
55661,802.3454769267136
55666,89.73397087430347
55669,48.65718564459735
55670,688.0220635932767
55680,2.004458033799648
55687,242.37484268648285
55694,9.22222872392498
55697,8538.762401278804
55699,1361.5871068974595
55711,3241.8375779306116
55738,21389.783158492588
55745,1119.3670786128746
55750,2651.577613972781
55756,1140.9340223942866
55766,110.03306075310587
55773,9486.683505935625
55774,6550.355047404596
55779,4546.3179823270975
55790,244.76375119284853
55791,3321.914197068547
55803,36255.02072001114
55812,3069.2504789649256
55843,3428.6334271031274
55844,5177.907419764202
55847,9252.989527570484
55877,5819.794284216169
55881,4825.565155275613
55883,294.39450853243466
55885,3.11965865218498
55894,235.55274665684695
55897,8801.293571996095
55901,2537.1656333070487
55908,0.9819014028929294
55912,154.40324239278075
55913,550.3201972987653
55924,8661.807504123644
55930,5119.383039146076
55934,337482.90441688144
55935,1677.168590403699
55946,20224.395720403176
55953,1415.795274123956
55963,10435.061492158986
55968,42.146946068629624
55969,4853.794782375142
55976,55.93153644528149
55978,5034.9187290406735
55979,3646.5656711582924
55981,114.65993415469464
55986,21749.349629923672
55988,26999.72690057391
56018,2641.6178367923335
56023,5.285304402015182
56024,1.05261974434826
56033,1277.943556560768
56034,5233.003239667387
56036,5429.947097552419
56059,2688.0764130317043
56065,603.3616739035162
56069,1300.1914031979259
56076,400.1683033559085
56078,12.134402168137374
56092,13.123583726340396
56108,5894.518569623795
56116,3694.1996831608194
56131,980.6011309055937
56132,107.88324362477184
56141,332.51630969513235
56153,3263.429070191145
56162,4.004990939708189
56164,87.2568169562037
56182,614.041284997829
56185,2546.0196091897583
56186,2025.9491655340958
56189,2542.581523887745
56190,3567.4563013604666
56192,18592.065079293316
56193,261.1145407888778
56197,2.1670788988902214
56199,26.8282695529842
56208,1120.3370677311855
56212,4383.020841196528
56214,545.0723893501447
56216,240.2035640110628
56251,19.734503850577024
56252,180.2700217279466
56255,97.33777057628046
56257,6253.016949199961
56261,1538.2138867895844
56262,68371.19670646885
56264,390.2709838657771
56265,9.94593697168434
56267,977.862255865869
56269,26062.866357898176
56270,14.282742078750458
56276,146.12328600611642
56299,1238.3837549102664
56303,28.52549861441565
56304,426.9115298412363
56319,283.0975505884541
56329,3702.2329619887623
56346,3615.967600153286
56355,523.0215480168355
56356,102.63437949136745
56360,27180.302104690432
56365,128.11278822782563
56369,1103.5981941193224
56371,469.3931043017707
56372,18.5980630105304
56378,28311.781584114735
56379,42.0206039891464
56397,32393.063074644975
56409,16.659875734415408
56410,630.3343319706909
56421,123.40892414900117
56424,96616.2557039164
56436,390.5764965662556
56439,207.3515691655786
56444,1127.6575744358324
56445,389.2151081666194
56450,2622.748743583033
56451,101.3024033324378
56455,455.7655996824483
56461,75.98190398265385
56471,292.54523964089304
56476,78.32195091016764
56485,36.99012213394532
56489,271.19043441337203
56490,1034.4477690030153
56492,377.80642933028554
56499,2725.131430730537
56501,256.78716622906467
56510,984.9986111295152
56520,223.3253147886893
56522,34.11449206806215
56529,5478.793083143958
56534,59437910.27769499
56540,19887.185461121582
56542,13312.726692449276
56544,118.92127527027137
56554,15724.550211639902
56574,130.1279909773345
56577,7851.514963260165
56595,20262.67578571693
56596,5383.154717955868
56612,3456.158462117474
56617,43703.92479581827
56618,3542.308943300006
56625,573.7168184256956
56635,1136.2773035037994
56638,276.04488155707764
56642,6519.327842555777
56649,7659.074296766138
56652,21.047440692067056
56653,120.0259183833866
56679,82117.16633353927
56693,42451.443037768506
56694,1.1205327094103688
56699,39690.57523715621
56706,444.14503658905886
56735,29267.773857328488
56736,1200.2196974560138
56746,13218.659398369922
56762,2128.402169434784
56771,6023.093189258175
56781,12301.245173135703
56787,179338.89468862247
56793,95.80456036462037
56794,419.81509189407575
56810,1451.0722171952798
56813,92654.92779847312
56817,1159.2273082938182
56819,97.09435000531292
56822,209.30025365902503
56823,414.2321620407552
56830,664.1500388705452
56832,60432.65806429543
56835,35829.23652776794
56839,3178.1742361420743
56843,142267.2536494017
56860,8773.860719204127
56871,94.71982998498501
56872,2258.10976658215
56879,22228.773316416387
56887,1213.2596436550887
56893,492.7284243506026
56907,1275.995358641909
56916,3543.007843270565
56923,22072.585573885153
56927,298.62130427009197
56930,4557.284692587421
56934,6399.262010015047
56935,3144.8239633142284
56937,186837.00195639193
56940,411.49715741416884
56943,1041.4862447269984
56951,2279.6637282755373
56965,396.2696939522583
56969,253483.70046929776
56990,37315.39480228859
56996,296.92688844397674
56998,944.2152398921571
57004,748.4317265258962
57006,1895.6071248259416
57026,733.2675888871524
57033,102.20188295847774
57040,206.33174923002807
57048,365.1832566947843
57050,3301.1872836599746
57051,1132.2582857390482
57061,1322.437787421259
57063,82470.89472889852
57065,299.8366088346019
57077,443806.7165567873
57095,12052.04779427807
57130,3304.482753124819
57131,6829.4052220086905
57132,1588.846946296441
57133,99.1624543317155
57144,12341.287296568742
57150,46022.14998499456
57153,78329.48591600839
57156,730.4812040361685
57160,562.5984477883559
57164,36077.19363734133
57170,445141.9643233441
57172,32102.281347391294
57185,207.85564530737523
57188,192.466633250623
57194,90911.73528745049
57205,285.7340596820306
57214,300.73984390115794
57215,78210.18419421792
57217,130308.4904898991
57228,503.2022044106114
57249,103.54402047769085
57255,205.29245448570072
57261,3449.272780592424
57266,1826.2354775350664
57271,2727.0872889306293
57281,949.8343876665
57282,54688.20809044099
57283,3095.385246750951
57285,302309.30813005817
57295,81936.00808890726
57307,877222.7718279291
57317,4755.362450538742
57324,23746.064913332215
57326,940764.4891563602
57328,1097.8306557516157
57331,208.23615565883
57332,9254.764484065585
57335,384.70792311370354
57336,172497.6180177163
57339,98.54855603577697
57344,24459.283769720758
57346,764905.1365316431
57351,555.4704441236042
57355,123696.94656525087
57356,99.23432358677276
57359,7359.833136772637
57372,4006.347125767447
57378,99.2814059949864
57382,88.84761322860145
57385,736.7641967260937
57387,2278.124912948532
57389,381788.60841684876
57390,1384.7077688343863
57391,2653.486429350563
57395,6866.576195161671
57396,1947.7513219113312
57419,3509.127025468848
57426,2619.890041415355
57427,100.8187967842175
57433,7533.7788137360985
57435,974.0311405607811
57436,103.95111887937705
57459,560.8885512507759
57474,4751.4407329552505
57476,59568.40386613181
57489,97.16038360199097
57494,193.29557691621176
57503,4812.871077283836
57517,88353.42882528825
57518,49188.370643950555
57519,1269.8049348049442
57521,650936.1162434316
57531,106.70039222057824
57534,106.36249538098836
57542,128334.1510175809
57544,1341.9783094166628
57547,1212.0827733235167
57566,190.53736269474135
57577,788.1539150257739
57588,26926.66907550304
57589,105.12097403897836
57591,9083.332633212574
57592,90.6099879691927
57598,781.6471526095676
57600,530079.0054026506
57602,756.2888059665647
57605,824.9343514221416
57607,2600.8401298716954
57609,103.65883510515346
57612,299.9261631924512
57619,376.8417172057379
57622,3500.364301354268
57624,153157.40984622607
57630,2347.9275902160134
57634,51258.93956166215
57643,401.8677272235482
57648,18948.807287117976
57655,1302.5915545167097
57681,102001.92318901737
57699,2875.5424020500527
57701,1838.509665723637
57702,203.9220107834756
57703,166558.58304542117
57706,2018.1134921430105
57708,35539.222545515615
57710,1974.7402357320625
57716,5691.32223831633
57718,109501.73797434663
57728,228.03054282010837
57756,401.8238841261411
57764,3696.366497838542
57771,15268.707199558065
57773,283.40468214430535
57774,9473.818676323632
57788,291.0588689084736
57800,28870.22094377099
57811,110471.85148829878
57822,18665.889441848718
57828,1821.5018307453793
57834,112886.5563949313
57861,379250.5684772943
57862,63434.347505406055
57870,13897.634060074313
57872,3520.688519919013
57884,4170.580431214728
57886,3829.010631864309
57893,23911.57830155337
57902,163045.05049001478
57904,185.75638535572318
57908,38219.176990038395
57909,91456.00042262347
57910,88951.68028328108
57911,20600.7670527612
57913,16822.690290499715
57914,4680.439529259489
57921,3554.298943757286
57922,288800.78477952915
57926,321.14461313763655
57929,481245.76596131787
57930,392.78187484892976
57943,1057.082599333847
57947,171099.87913792836
57953,860943.356315881
57959,9339.528843522121
57995,7241.4118748614865
57997,308.5763400617032
58001,721.8335906774115
58012,15059.21092497097
58014,1323.9543727531081
58015,2868.6505598899653
58020,879.2364194080699
58021,13792.340878969353
58035,96621.94445486442
58043,196.65638499876118
58046,672.2994576113826
58059,32640.32446664276
58061,1333.1709106327871
58064,164212.1691614986
58066,8054.014563270166
58068,8331.896416175023
58073,5352.012739274368
58077,4076.215593728733
58098,98.16012418145536
58100,874.7183883957659
58103,2508.9168947350277
58104,141463.15679053296
58110,98.00106840587583
58111,56758.72230290189
58116,25789.93208157916
58117,7035.833655252515
58119,186.46034562992816
58121,1134.1892525375144
58122,4112.663519476836
58125,212.8676783050725
58132,10487.736495371304
58136,192.68681354107179
58137,69851.98958431686
58147,0.0
58149,899.6384366732893
58165,2525.3798746081907
58170,616.0280646081671
58173,729.3856244686169
58175,301.2084028533556
58178,622.092560560929
58179,2258.741113922122
58181,99.38461261381035
58187,2788.8907499380184
58188,1975.068567781629
58191,19794.688370611762
58193,947.8542297365711
58194,100.31438218891202
58198,104.94248842274057
58212,2394.098465684066
58226,318.3430587727621
58232,98.42267322213704
58233,98.23786001752114
58235,2029132.5625894025
58240,216223.9183868352
58264,3374.4262336076076
58287,4779.986699156373
58290,7356.749498283534
58300,2071.8436204744726
58311,253148.95156117436
58313,6719.688383566472
58330,451705.3326046312
58343,527.6031027325857
58344,1644.0092726601574
58345,519.8181757059597
58348,1524.1568879887682
58353,6646.402601410002
58370,1684.3227244327509
58372,14444.744597314135
58381,40285.442966591414
58385,1256.8230856479445
58407,8497.469135404624
58414,497.5955959919735
58417,515.7602699688733
58421,10835.294543917349
58424,31702.571479390725
58435,14805.903873155228
58449,7430.516440365683
58458,95.55256497358069
58464,11556.375814980564
58471,601.2708257741942
58479,313.19567516418147
58492,215040.52642982238
58499,975.9066701985487
58507,2041.1298314086691
58511,193.49378442416955
58518,170882.11039890905
58527,54059.710500980924
58530,107.07276748056549
58535,10486.05462093929
58551,415.4706209643232
58555,1021.8971006817077
58557,13837.918127035438
58559,58408.27521600439
58568,4733.640348145231
58574,6891.3545444689535
58581,6325.501609220645
58586,39091.413886039074
58590,12153.84410117741
58594,315923.40432527923
58599,289237.19798538217
58602,2534.6437402514016
58605,104.11253109756098
58608,1243.6564691533265
58610,620.7919678832668
58629,751.2558363676482
58630,1205.3767665999246
58647,97.12698786517564
58652,15805.887090362367
58665,972.8402639791007
58669,725.4970443748421
58679,105857.4903581863
58683,1484.7520802275315
58690,99.89519210898824
58691,100.53777560172401
58700,122480.24497651083
58709,15133.29696458589
58710,820.310394104491
58735,287.62532304953504
58736,94728.02244940819
58740,3010.1077770827906
58745,779081.1534275865
58749,1018.806550771408
58754,420.8949503262283
58756,96.59002598063773
58757,12274.65940393729
58766,397312.7612945087
58774,3349.1379064354787
58794,1570.4950026076467
58795,1459.8746986596666
58796,298.12222759214234
58800,31365.477257883314
58801,18448.518733670473
58810,47802.64425512735
58826,44168.420683814125
58828,203.84034818853175
58835,2342.7256669232384
58836,390.00764754502063
58842,10173.938910502373
58846,6158.04340186429
58850,339.8160245302409
58851,11376.705753142342
58872,0.0
58876,1072.0077779953865
58882,6940.245172154446
58885,2376.6744125615346
58894,191.13157445262715
58895,12130.061552111287
58913,95.64934549405581
58917,590.0166872390146
58934,4289.545804688349
58948,7456.993444066967
58949,792.6231459453497
58955,727.2356884404063
58964,7707.228678239913
58967,2866.8726879797837
58970,3136.484518930539
58979,8526.063402170155
58980,6271.345176933695
58985,22595.56595556427
58997,2930.065015477996
58998,897.2879828736711
59000,18055.692327616947
59002,1279.458282074391
59010,6160.357376228155
59015,7685.578692826393
59021,8015.0301056700255
59029,3680.163948140369
59032,9700.835825513526
59033,33054.99949083343
59039,2416.004340408927
59043,5135.3689759582785
59064,190.85381270581354
59065,1833.6809513950097
59075,36362.711267146304
59077,200.45541502764786
59082,294.51461505549855
59089,330.91411256562606
59095,290.0448839797406
59126,946.9639621522682
59128,1051.2364567488441
59134,376.2306977772323
59138,198.91146871950366
59139,37531.79939663275
59143,45835.40318409313
59161,3123.0092764700057
59167,1189.2471764267743
59168,4767.4459983171
59174,196.99736329533474
59182,25285.864592618775
59187,42142.03256131316
59203,21251.607447091104
59206,58190.42753148405
59209,836.9484139590959
59214,201.74635118364256
59219,88.32982961574774
59227,66886.60361069432
59233,791.7170410047974
59243,23182.575943220407
59245,47533.599890934514
59249,1585.9193453787805
59258,2172.795575159759
59282,422.39360618677335
59291,6.773362151526896
59307,211.33761699335224
59310,16676.153085367252
59317,101.52242798425179
59327,14500.870764651945
59335,201.61206956744846
59352,205.05151058461442
59368,16153.142294199097
59372,190.96694382366206
59373,9911.677651726273
59382,14695.268456225072
59383,815.5944021736323
59385,36076.84155063071
59390,3660.50953629437
59395,196.12019546943634
59406,1173.8744640547895
59412,106.53908704241377
59413,103.47205693406953
59418,91.50465587110754
59433,186.57398782980178
59441,397.09482130308913
59443,2372.334195772641
59449,2827.7438574732273
59452,1688.7332475885926
59457,935.7399480453315
59466,1531.0861996505098
59470,630.2313598687141
59474,5754.266624958352
59484,177.19789026939083
59486,142991.4958365567
59487,19384.102682607485
59491,1778.8392973635887
59493,307.2924581667705
59499,2122.8204920715616
59506,1097.3889679452873
59514,1295.2942468384877
59516,310.1036818754605
59535,112839.28252353371
59538,63972.819493977855
59539,107576.06716335191
59554,8633.120593240368
59556,108946.0886181212
59578,117937.02470214502
59594,212.5259512211479
59599,101682.79185902195
59603,1875.3319775425502
59606,74506.40940216294
59634,2136.572804326967
59637,11579.685146997643
59638,1667.0061458424602
59641,2266.889196564049
59647,370870.3741990383
59649,5528.91273692558
59652,3905.792453531437
59661,0.0
59662,3967.3125977275663
59665,2023.3961461225917
59668,104.14740610926252
59669,370.4520666445741
59672,8815.518838571325
59679,586.765763270197
59688,196.65724439855475
59694,21882.109907934228
59695,2755.5163518489185
59697,20467.25832686087
59704,201.75693517773473
59728,2068.586253548171
59729,1138.7684539491768
59741,46932.314107461716
59744,2508.0315204341796
59746,1687.991699289022
59750,30308.82691263459
59754,124264.88874493954
59777,1030.7550113408133
59778,1732.4559377654186
59780,29418.952532359617
59781,55248.673553424
59812,2532.732439272205
59825,510.8239613738266
59834,594667.7061475363
59835,1085.4118289760502
59838,228.98132024584376
59844,175211.05775459204
59858,2820.9875463901917
59881,962.2240304343597
59887,211.7489995119183
59894,20610.908846204202
59906,1518.1273953197847
59907,1968.1462332473343
59911,3837.4646021822637
59914,55489.03730150585
59918,210.29798671501396
59945,61630.912823302024
59958,12406.23938175562
59962,283.5929304257682
59963,422.3376416378697
59969,3973.8364349725603
59972,797773.4826325516
59988,116580.0591180512
59989,85.85170438915617
59995,14121.534819139817
60002,5007.594592466297
60003,26821.341147857493
60005,394.060526427245
60013,284206.86180511187
60023,577.1855644912991
60030,63398.71038313985
60038,1802.1317121097618
60044,105.44058910461499
60047,102.04533066125802
60050,3246.7453177304915
60066,734457.8712023002
60073,309.57679708529986
60077,2187.1001319424354
60078,2648.224292906894
60079,19832.10160510583
60102,35395.01834222227
60104,1907.3283495986632
60120,24964.317933648636
60124,396542.76648839784
60131,1156.397485000185
60164,96.7666571717047
60168,1727.5710556835525
60170,9044.506185214648
60177,12136.967995163133
60182,20312.821569291376
60184,2415.5539674602205
60185,104.00609745558988
60190,11692.964688630998
60191,5412.302812557145
60202,778791.5032939062
60211,22966.12883609785
60216,102.68716118605363
60221,86132.77543715065
60228,6721.318663621739
60237,527.4869626024532
60248,19399.34078811188
60251,43191.8669786998
60254,10535.508627934401
60257,803346.9904505286
60266,824.7321612042853
60270,23094.556239153422
60272,2060.454697919958
60273,17828.907705082045
60274,1184.747269288554
60284,729814.563964195
60290,8399.132169427123
60291,280452.7039192299
60299,23402.657812545975
60305,958759.2098642774
60308,2299.7302679883237
60309,143871.41234937534
60316,302.632052091197
60325,482.5584011769476
60332,192.90043207012675
60343,1139.0426297107106
60354,4981.615068556805
60370,51833.92566426338
60382,1142.3188084101168
60383,13853.101791484283
60388,73042.72061173951
60395,1922.900739390988
60396,29136.24788088071
60398,459.75770847656463
60410,98.55068968149868
60413,3466.8606397556127
60417,1443.4674808111322
60427,516.785772797864
60446,472.1429914680468
60448,313.5969373713213
60461,76377.22617236176
60476,40927.12860694338
60481,28635.346332723522
60491,7212.435006707652
60498,78018.83176809395
60499,123043.44020029281
60513,23621.759524117162
60517,103427.50527218972
60523,103.90795044924613
60524,585.379882714187
60529,102.22748892396037
60533,9868.510170803618
60547,55636.342002011974
60550,204.81501310121516
60557,307022.85109482834
60573,976.595933728428
60584,17400.48858794808
60585,102.40779701939904
60587,15694.7155137796
60590,106698.08403691629
60595,28807.51858417654
60612,66659.836063813
60614,9576.970922244194
60617,9340.514835473059
60619,5559.479611067471
60623,99151.22311263322
60628,299.5000593630747
60630,36256.191570896844
60642,84262.64162015422
60645,526.2847029666387
60656,8955.129361700032
60670,115844.83485738118
60675,23815.55936563841
60679,185.23704158277224
60685,202.36805083002264
60690,8893.937226006165
60698,139902.79688596874
60729,16416.045609854682
60732,19236.05245680626
60744,57493.14145487693
60747,543476.9621515691
60766,9332.898204036444
60773,682.1207550863436
60783,97177.59078031847
60788,63608.5468732433
60829,296.53796238143826
60831,98.2825401856097
60840,912.561046225302
60847,640.9877040922688
60858,104349.12273120022
60860,7296.443916836604
60863,67030.24164886228
60865,1175.0260017046003
60867,661.7949649413191
60868,310.51061268211606
60877,159935.33941048512
60882,316.58005983673235
60884,314.05544271831684
60892,197.94639097948382
60901,196.85276113065825
60904,4151.733798217963
60911,760.6593202206852
60917,55853.89522895123
60924,306.90083207166884
60925,103.0871041538877
60951,334.4161858844432
60956,1337.4971495981658
60960,188.8709400182845
60963,5101.336126259879
60965,48494.405960503806
60967,6586.381747688385
60969,747.8911335484408
60971,181.1155917491856
60972,120195.81940658753
60981,196.63349974119302
60982,5151.599765393863
60983,403.1107470518536
60999,414.83784076927213
61005,1390.5876542428007
61008,495.16172261073376
61013,209488.1546683523
61016,42928.77222318723
61027,7640.652331892097
61031,500.5658962269928
61039,1162.1544461892213
61043,195.42591466432816
61055,201903.65649900274
61056,141505.8769897587
61063,973.9183020026071
61065,2198.266729872482
61068,94157.49650843388
61084,74735.5740185097
61099,13426.658084424758
61106,304.66978571257926
61114,11281.124286131157
61119,5402.3858253472445
61127,596.6886281677686
61138,274.5321607630056
61143,498.8400637102664
61152,107218.85833209853
61155,304.54355855556304
61163,289.99352144049146
61172,8497.609273977961
61173,156362.17042833057
61174,8269.223315699735
61176,57662.39067772082
61184,432.4210992038694
61186,7227.922588000088
61187,3022.537078301229
61189,881.5676384434356
61195,192.36785096991792
61202,133002.82355518598
61204,147322.3131821932
61223,86985.31464829059
61234,2245.1155266493233
61235,5066.26492240164
61240,41322.3863045964
61247,78144.70705255592
61255,611.0755110569991
61259,9686.130975588183
61261,3505.762544771132
61267,98.7406468976844
61277,206.6170210944342
61290,17772.824218954313
61301,7371.390154636244
61315,126180.65290971442
61317,427.53629492855777
61338,596.3531350291418
61342,43037.540733143454
61352,89550.79748161999
61361,5834.518943109214
61365,87338.32517557865
61394,137641.5346980246
61410,873.4750451468753
61412,16204.227044073592
61414,200.80264402052123
61418,1096.099704574655
61419,51384.36185367298
61433,1053.7340683198354
61443,5359.687675363001
61447,960.5475304189837
61450,234681.62524353756
61466,4380.2884563239
61467,786.6885960948546
61470,10264.615787950643
61471,2268.06594005394
61476,91.99085534710957
61489,101.71114794156875
61493,1872.9864310307282
61497,309.4012450850932
61501,1260.9892938945459
61511,840.2636673094069
61512,111.08104753712897
61514,15615.983323910265
61515,177438.70172767478
61520,357.8692418793027
61522,24541.000679288893
61525,10219.441468677605
61541,6196.978577606375
61555,221.6646250874018
61557,109355.07413620959
61563,8156.1812517388025
61566,945.6115403060013
61572,1844.6320920790065
61573,310130.4180161336
61574,266397.68988047185
61587,1508.2081941548633
61591,2719.890478111132
61598,87868.41566287195
61605,105.63535300562899
61608,2792.9357155091834
61616,99.13372825447439
61617,1571.4117815732247
61622,206.0413339054532
61626,411.44237201655375
61633,311064.4708874443
61647,6311.377996008635
61652,15178.007067533868
61654,117020.20942654184
61655,307.97962397225905
61657,8754.800212496733
61661,107.40037173634198
61664,8202.5374771623
61666,3810.7863619933805
61667,7646.99757068061
61669,1320.794704496755
61674,137622.10165280345
61675,8447.941613305577
61676,7623.669903773477
61678,99.45932614660117
61680,4249.8672130245695
61682,7845.959124691472
61683,188.13572971672733
61684,2865.5851228724046
61695,97588.27870035701
61704,0.0
61714,79490.77229327093
61728,99.09571389717945
61732,590.2413485902359
61736,106.9631000517562
61741,497.262483216515
61745,296.06694654138124
61747,809.010185322799
61750,10264.135934688098
61753,3411.4870521420153
61754,1855090.8859728274
61755,1984.6287664659928
61770,13687.99396500803
61774,1888934.9711522607
61779,298.0212505416083
61793,2275595.4932067413
61808,17903.943687337516
61811,301.3443561023334
61821,2143.930314626859
61823,400.5865307147418
61847,99.91865788867163
61865,261.7542280468445
61867,868.4837586843895
61884,122835.64462897407
61890,874.2862251567052
61891,315.71045421693935
61896,322.78363322025274
61908,130782.43637551117
61910,1650.7699498340007
61915,196.0687377194572
61916,1357.3177400767443
61920,306.9503009813954
61921,4006.17353911535
61924,9230.846435914533
61925,292.9252061237981
61926,1832.6435473172003
61934,2679.8114366214736
61939,13156.454663960414
61946,2432.4102227174553
61950,1505.847932970436
61964,13136.425734755765
61966,2319.1468735098697
61967,495.6345859955309
61976,2649.7728702388067
62004,17236.620899402504
62012,703.495292085899
62019,196.51165364954613
62020,200.17452874711083
62022,851.3847866061827
62023,291.8517596326188
62038,520.2908067152193
62039,1905.1712205376823
62053,706.5863660277647
62057,1300.7389914332525
62058,1586.7323818785567
62061,31499.79293843673
62063,1864.260591222753
62075,6386.978598007157
62082,3263.224347074403
62083,599.3753206105871
62101,4639.912619101308
62108,18417.609502022777
62119,400.33498905897756
62131,377.33484441995483
62136,13265.502150034983
62161,38203.27317365945
62163,2529.4960472237435
62164,3905.886780189747
62166,277.93221064850314
62167,3395.3584001603604
62190,1436.7135389825226
62196,5988.650208109704
62203,2360.9486444407935
62205,12724.385167412738
62211,595.9093937897546
62216,566.6760983197969
62217,2501.1422497243543
62223,41174.72247260096
62224,5519.940542304548
62232,3065.0037902528484
62241,134249.85505766503
62242,903.3624759900872
62243,425.5961600537919
62247,531.3504103045791
62254,5277.981674937469
62269,24538.64100108342
62288,5938.147834180546
62289,3438.911858725733
62292,512.7629508407123
62305,101.74470009419723
62317,1283.932095309403
62335,23641.987555761036
62346,930.5753151782048
62353,388.3839724495037
62366,949.4337510747127
62367,7573.7782232550235
62370,21146.551109089673
62375,605.2527837554434
62377,291.04713684902526
62385,4576.166177314725
62386,1538.095196129335
62387,1261.1812263172592
62399,2638.492418141668
62401,1533.753561546709
62402,78336.18580839472
62408,1374.8889893783876
62414,64285.19057303919
62418,2569.272849527392
62422,109737.84315462018
62427,1092.6895189281147
62435,10977.973459097557
62437,196.6012123326283
62439,56574.44162083679
62451,65109.994851587195
62452,52577.49062114558
62455,26167.77626289756
62461,95599.89657712202
62488,74991.57267478763
62494,833.3818647994874
62495,47895.1772311831
62506,7996.935800345545
62507,3086.5298404303285
62508,54152.25043526405
62511,214.9181110563529
62517,130852.86566527988
62519,3210.8455635836176
62521,1125.8424971783284
62523,1538.5876810365567
62530,292.9839821586178
62533,550.0960098646774
62537,316.83285656486447
62543,1667.780099404629
62544,6496.233820663581
62553,104.69422398567004
62568,12301.07925580854
62578,91.79299479218037
62588,103.253312388688
62595,151799.1309101488
62600,101.31398541370298
62601,7310.325087302338
62609,859.3875555872096
62614,2939.814101959803
62627,213.36876478071756
62637,588.638421674522
62645,39275.83783778518
62650,759.2473526612691
62651,309.5953109076295
62654,22193.017390152105
62662,45207.15038309761
62663,2177.3519117396595
62664,1145.9226684640585
62669,306.9698125463652
62676,42195.034217483684
62682,2835.404494198069
62690,4296.383025575252
62695,98.42894438835073
62707,104.75267349945008
62713,180.10400800435943
62720,384.430131037748
62735,58154.85729785206
62736,171533.22999752001
62741,14140.35413925742
62749,94.19972847026344
62759,1697.4323800347572
62763,294.97018606736356
62764,95.91927679742338
62769,598214.7308350325
62771,936.5292827307758
62776,251573.96825242194
62777,2013.2641203137257
62781,118809.06285192969
62782,132.31887995252083
62792,3355.571446067923
62794,179.57440530363326
62798,1522.29300289375
62800,1285.0461124662304
62805,18083.805856032803
62814,978.7047818973922
62817,12212.570733305023
62823,7254.105360946225
62826,586.9810145083242
62830,20637.61930136833
62832,187.77696727120843
62840,6695.969244792507
62841,276.4697298939465
62849,204003.27172349964
62856,41480.02315295826
62858,1915.757219456967
62860,25912.51035903478
62861,640.2274867267298
62862,101.24042176171149
62865,40696.60036741387
62868,26655.118043445393
62871,55931.42657213349
62883,872.1818427939284
62889,47615.90667553038
62897,22218.393935959113
62908,30821.225907074706
62921,100.28171391477115
62926,499.533840977307
62931,695.8015731888651
62937,2371.797094431032
62939,103.83244941193348
62942,331.8156701238212
62943,1493.8808780569916
62961,11022.622338952724
62962,488.6353210078633
62965,3735.9709303723434
62971,28284.508841546216
62980,8056.7096316619245
62984,492.9074766039393
62986,807.5039537258104
62987,8199.242741380183
62988,725.1508115013607
63001,592.4488847133485
63011,103.2373499963158
63018,1221317.6654819194
63024,696.6714777486073
63028,296.66318225099695
63032,764.9751397937372
63058,60841.64631134717
63071,2540.667871451423
63074,103.66894679676658
63077,2770.857938013494
63081,3567.939131242824
63083,87737.08290646276
63090,26296.260561536466
63092,98.81964087672517
63097,3002.383953662166
63116,695.6008032278677
63123,83519.88285544906
63132,194.53313559160935
63134,7687.738525859477
63135,101821.91130645001
63157,1128.405030902462
63159,3491.5346023924462
63167,71176.0426341927
63180,95.59046240168843
63182,2078.4381698769516
63190,1764.6456839495613
63199,1145.1216008939716
63201,25653.465690755238
63202,108.68140196325304
63220,102.68119411316687
63227,5543.50046005615
63229,16054.49572059282
63232,173430.55687647732
63243,2078.4922945518983
63246,6244.829967340122
63253,136862.81907934017
63255,293.0332116735913
63271,5646.521138452446
63277,45481.779539893614
63286,1172.2934112679409
63290,2303.287483045363
63291,498.05621755849285
63297,72553.68218844521
63300,2170.864573822827
63319,20670.812609220346
63335,14806.379863267966
63336,299673.76873110316
63343,1239.0345986510204
63346,67135.76662722735
63349,2193.5550627578887
63350,148529.35359321604
63352,191.2581890749592
63371,94776.69633722097
63373,49004.86679209642
63385,471.73763297620474
63387,203493.19542321094
63393,131139.82097957388
63397,298674.9085678341
63401,2464.6449186154578
63409,12110.94579496502
63425,586.1202878275438
63434,50038.137478342476
63440,159530.3103709084
63461,417942.18524902675
63463,20479.7784533644
63466,93.89520929079768
63473,115503.97288203133
63484,5054.2177290806585
63486,7375.172487424509
63492,33772.57846318644
63502,2385.4185159309345
63503,9158.421200276627
63506,98.10368460454887
63517,3219.81807372055
63523,26119.28817119732
63527,36974.07743584468
63533,98.82240717085014
63542,31404.692590485673
63556,104.13230969360683
63559,4271.121784960501
63564,1348.494606237158
63565,8871.936732031298
63570,4233.996766055834
63577,120847.24792608466
63593,15524.664357970123
63598,102.74115773891559
63599,154956.2433966488
63600,93.97916232573121
63604,409.25562708681394
63605,8373.69735354353
63619,712.3122252136068
63621,1307.857048903025
63623,99.79852477910426
63627,675.056088792435
63631,13426.653447955627
63634,11322.160968859493
63638,796.5390882652415
63640,12578.252604337406
63645,951.2871770017204
63654,12747.308242328747
63655,17247.812521070584
63657,1767.3407075297594
63659,7682630.810998147
63664,8656.161008139095
63665,43537.93212887336
63670,144622.834795494
63674,2509.151516480168
63686,8781244.684166774
63688,266.81530434781695
63692,37218.50720878082
63696,117339.69908548247
63701,2158.362880126977
63702,109.63776655757658
63709,19201.48570433333
63727,17489.542913715937
63730,176101.3532739995
63731,207.41659170069445
63732,305.4118919402509
63733,37317.50592298898
63735,31881.386669172134
63737,409.9889848011384
63750,1123.09335172897
63758,908.307564006201
63762,109.64292104011255
63765,3130.109820753461
63774,640.0553999964384
63775,3486.293602239954
63780,13164.419180908024
63786,7704223.103961284
63803,272.56718808947227
63808,220529.13209915184
63810,535.3192790561324
63817,19879.409803168575
63829,399.80887723223736
63833,1673.8183549987152
63834,4555.154361118145
63840,10674.028427255986
63849,300.03817646088777
63855,1845.664750877958
63870,208.34561572406156
63874,820.3784230518548
63877,11081.224326349025
63879,409.0526269572594
63886,526.6159483946097
63888,1729.9674488867724
63898,193.09426657446733
63906,102.24610872198974
63914,6029.9079622152985
63918,30129.130237114012
63926,299.60277157307274
63937,7782.18465257082
63943,18777.154991998632
63944,580.2473245583002
63947,1030.0703621905436
63949,6423.202960681742
63950,663.5128121373345
63962,1355.7260923593922
63973,9243.287779012227
63975,97.73050542856211
63983,49358.86776936842
63986,103.90851939699515
64007,25832.660817934502
64008,756.7908868488605
64017,3469.5671935312002
64018,1887.1715672254215
64020,303.36468092792705
64028,1325.933844486618
64032,81710.45238846437
64038,2397.943598695044
64041,7768.850563728616
64049,98.16412128138154
64055,45079.18795446681
64058,2861.7207278527367
64071,1058.4705247818745
64072,13156.685644146692
64082,824.3189907051249
64103,1629.871188869497
64104,49544.54566173932
64105,215.46611575840782
64109,2472.2955538240703
64110,1223.9943316444883
64124,106.9055954066172
64127,12781.720603117063
64142,21057.018138206626
64148,3210.2439995903674
64154,40282.0915740947
64160,889.1979140991177
64168,210037.5278406795
64175,19555.039504467215
64187,26569.421714358417
64196,289.51490976929125
64201,395.72880984678926
64204,149285.04207201602
64211,7154.34446470531
64224,614.2555717597288
64233,803.1819349621196
64242,13563.773073408094
64243,1381.136229761861
64246,1401360.1701027683
64262,206.16445347113412
64267,1129009.6820597555
64268,9642.606722173316
64271,5177.339403602223
64275,309.0659571552012
64280,4417.372140503282
64292,16535.415289295517
64293,560024.9597512144
64307,5453.768675075937
64316,100.22189370341302
64318,100.25730239562259
64327,567.6920745530655
64331,2347.7345960308357
64336,15910.394770431547
64341,2524.6867077834704
64342,13517.293024034847
64343,98.28978555951016
64346,15298.450444193188
64351,414.0215978391612
64354,1499.6562699455485
64363,254385.23493209487
64369,856.2145956986838
64372,83032.7722173623
64375,372783.1237085496
64376,1962.1163089618713
64389,565.2203188794616
64390,34162.40965089408
64391,11015.633323308846
64397,14288.680118169155
64400,24022.045216282175
64403,14945.121005609912
64406,6167.843487642956
64407,59425.87085424271
64410,182.30767814419224
64415,15822.528214241596
64430,11616.034106881243
64432,821.156086164192
64439,1916.1193879337468
64440,499.5684840619995
64444,14006.467579557306
64446,2158.5115959075238
64448,961.3573400154934
64453,20273.124393004626
64455,10003.735726567613
64458,3128.153092204412
64463,612.4941134732171
64469,103.50278065145434
64473,348231.2385203165
64476,2818.80517477134
64477,11718.733505701364
64478,87228.3800891037
64485,5527.174211257276
64488,288.07504639391607
64492,9915.26109333592
64495,508.7174981783173
64499,205.30013449803545
64501,12264.439465110338
64502,128572.93671183933
64522,39633.81584574016
64524,18545.65876712472
64549,5410.712430765236
64551,199.16942056952112
64561,165226.64122928886
64589,154852.5741987767
64594,417894.2567476148
64597,52255.094270707414
64601,4999.877835294853
64604,9003.64190119395
64616,3750.809372590307
64620,88312.94037587031
64625,1759.2935065284862
64638,81951.93121704282
64639,10137.28763899921
64642,544.7477786515697
64645,12786.570686586645
64650,12642.246231457455
64659,63534.04150741395
64661,8705.864001405358
64665,9097.813307940643
64670,4341.562472894492
64682,221429.73051706504
64687,432.29049846769476
64698,171812.32161466416
64712,95.26114520139694
64729,484.33190572141245
64731,8077.19781154163
64743,622.8653614177667
64749,28608.713058517158
64774,102.90446538252223
64777,712.1854856580771
64785,6619.025508467291
64788,3323.7906531720805
64791,104.01281343744908
64806,527.6350918116556
64819,1894.1225580944279
64827,89.01051302160927
64829,211.99563189703863
64850,0.0
64858,432.5755386952826
64868,1618.664270813684
64880,444.89582813344674
64882,10462.158271734475
64891,505.95268239387394
64893,221450.68850611467
64897,204.45119134088455
64899,105.44660818387679
64905,375.23109837827894
64919,95.83720880883071
64921,209.14777907108922
64929,194.26247563761495
64950,85749.18366616943
64958,290.9227062840077
64968,813.023357242457
64977,220.4968036981204
64983,3232.798912556167
64985,3951.952351044153
64991,1218212.5776689053
64992,2615.5106778842314
64993,406.6737202069495
65009,676319.3151457871
65010,1993.1997519395222
65016,8108.991493193776
65017,127482.74191027273
65022,761.2800322474463
65040,6425.250526280807
65042,628462.0072531351
65048,605.8240244786866
65054,99.89650970612767
65057,206.09333882645902
65058,27890.92763674543
65071,1603.6822351997507
65080,192.70922128145605
65087,407.8346521301217
65091,1911.8589964181751
65092,2642.1545450635786
65113,11788.237517227395
65118,0.0
65124,0.0
65137,0.0
65139,10147.836773379613
65161,0.0
65169,953.2586948429735
65170,315555.11357979226
65172,11120.981854069352
65186,0.0
65199,0.0
65204,0.0
65218,7017.469843931231
65221,1185.2531625641316
65228,55088.94342620476
65229,833238.0827642195
65230,5738.484283489797
65240,776313.681354524
65247,307966.2908745972
65250,13797.004625909929
65262,23185.811610482244
65269,2031.5429041596387
65283,28490.521729833672
65287,670.8026821979636
65296,2887.179087479853
65297,334283.2389483847
65298,102.59592203093877
65305,66195.54795671729
65316,26786.97306492358
65317,44094.865501134474
65324,8757.862445330893
65329,876.3202063640778
65332,1046.1001189773897
65336,11213.564470449171
65338,138289.96119615206
65340,196.6804801830979
65358,275.09341179121884
65363,163077.15936006542
65372,0.0
65379,678.3674666124832
65380,99.4919535838787
65382,207.58447207532296
65417,104.24197264840822
65422,0.0
65431,119265.60546905291
65436,210.81200607232492
65451,168326.76750656692
65460,96.670798835573
65470,917.2429216084396
65472,1979.5517656083982
65473,97.43088014840416
65478,37478.38554519626
65479,104.35591374088473
65481,239654.91864310543
65488,18210.18045906718
65494,259272.6338173033
65500,39502.63596738943
65502,27799.486895019556
65511,71868.7594404104
65514,1784.2576558074788
65518,37687.60902245658
65531,191.65205648232407
65543,29254.730891844014
65554,105.47868227239611
65555,46056.080931981014
65562,17.2107457120014
65569,33.21159464625456
65571,30566.313064875852
65573,719069.1002959269
65575,101.24091370239385
65598,457199.1046185879
65606,2012.3279388569867
65609,0.0
65614,547961.4450840284
65615,87.47242975134299
65616,1895.4737745932925
65617,371127.66034861666
65626,98.17282985800004
65645,90674.96002802551
65649,0.0
65652,8449.408226434667
65666,50581.16917046531
65672,9050.021200975461
65686,0.0
65690,0.0
65695,8849.334533527319
65707,111.66360262118272
65709,17362.99854256763
65715,534.7877602652295
65720,3007.986842447644
65721,8022.873332926627
65728,17015.64328104585
65731,105.63627091700334
65736,377575.9393236514
65737,3613.0879101723717
65747,5178.420820729663
65753,23105.680447728613
65759,329.43195884312
65762,296.1358060719003
65767,4765.912391702258
65768,904.1039843388957
65773,137381.55772489007
65774,5343.262131146757
65776,6173.305752999631
65790,16739.00965423473
65798,102.65326166072684
65820,98.69603143546387
65831,0.0
65843,1252839.297606788
65847,0.0
65849,15705.168039606819
65850,130606.909866663
65870,97.92367750534468
65874,2047.6270934560353
65882,5984.959077361069
65883,6782.274478335269
65884,221233.0632299228
65885,0.0
65894,6011.679728612331
65912,102.8355519538004
65915,100.08679512655303
65919,6503.099573943039
65925,413.4009681803969
65929,1083.3064297391693
65931,24437.74463404535
65932,736491.934173671
65954,394878.9130912437
65958,311959.97313385166
65971,413.0809631264049
65980,824.7255702515785
65987,415.0840871516918
66006,955609.3304553658
66008,204.24878368439715
66009,104.04334238214155
66019,18055.775474583945
66023,4125.963520290054
66029,138.41072719745208
66030,37.81932933302867
66031,365829.30940629693
66034,1033.8912402210444
66040,12990.492625495595
66042,4595.817360536412
66043,60944.13303100381
66048,8136.069325675095
66050,435888.807948146
66056,207.11820372873143
66060,97.90614596428826
66074,22965.51062081716
66078,816.8282158949347
66082,96.80735790291286
66084,310.70454249084054
66086,283.36934451476037
66093,20049.73942617105
66099,99.10181826838198
66105,0.0
66116,7893.172157384633
66135,216.46583722557105
66137,8478.551183751782
66145,203.09495676662542
66147,0.0
66154,0.0
66158,0.0
66162,75658.04228202472
66166,606.6967617954947
66190,30870.481059617174
66193,1133.3268778013626
66203,697.0707324892994
66224,481.39354065397976
66226,9.017409386302207
66227,13685.265021610388
66234,66809.8702822062
66235,1027.8051704789905
66243,300.2897685707548
66247,107.20534449677271
66253,791.3854060729559
66255,7.2652310298625515
66260,9180.796838261896
66284,675484.4258119395
66289,805.3801577060079
66290,93.07812381107765
66294,0.0
66296,1040.087901437517
66327,93.93922956140972
66335,195.51915178279202
66340,813249.8726441709
66345,316214.2755542199
66352,1191.9563322581164
66356,0.0
66358,3911.040212186457
66362,829881.4903846324
66369,13069.982173577833
66372,0.0
66376,67294.32689944198
66379,14861.21960625996
66382,0.0
66386,14708.037982418737
66388,4635.075917661754
66392,105800.34888741102
66397,62826.92275397219
66399,10588.31435520795
66401,73326.3922788217
66403,4115.2144404922865
66405,90318.88675654263
66413,95.60797179364748
66416,101.86167300639552
66438,99.78300473948406
66442,147972.5903166421
66449,101.97975036552226
66459,133044.82637847803
66475,50343.161601726846
66483,207.6416413738568
66489,3320.172127989041
66492,125328.17397810999
66493,92.28158427763408
66500,23554.93283762996
66502,142077.6116164994
66516,101.6345181200366
66523,8.186443099005148
66530,35.1179667474212
66538,57389.387097307794
66539,104.17729539949264
66541,4944.575313787683
66543,13059.55753850034
66555,5861.844173353698
66556,7000.73506617237
66563,173187.0225126472
66566,969.9580453343661
66572,9831.746387782925
66576,408226.81570470356
66584,6091.229898143596
66600,0.0
66617,0.0
66621,19983.767529034605
66623,3108.4143740609416
66641,16517.661524737676
66642,0.0
66654,5176.863184046077
66655,38706.46768850159
66658,15554.37673684846
66664,185.94714653350692
66670,6712.7316686565455
66679,6345.9910466425945
66682,103.24310310747707
66709,9727.381342624465
66725,75042.87764314892
66749,7470.074804471562
66753,59019.80687456006
66758,1.0958876610369985
66760,387248.95594163024
66769,4672.518096665354
66776,61577.37299930805
66781,209.29965692877545
66785,763.4521350926775
66836,1113.1386008461893
66842,128978.43247579336
66845,3077.5315849155472
66851,9146.162971055026
66852,17362.431718705033
66853,0.0
66856,85180.02871809823
66862,90.33608368785764
66868,732595.2847315755
66869,0.0
66877,205603.2397047207
66897,109086.64212671429
66900,254383.80792442543
66904,6748.568478573481
66909,171847.37549814468
66910,259212.0329032914
66920,262940.9129581698
66925,204.1012998527155
66936,163634.20702166256
66937,296342.2981112139
66940,1002399.5788402393
66945,57808.50550023318
66946,271734.6418152006
66950,7142.526143802027
66971,11087.964120527933
66972,2093.6039271823493
66973,100.93145118243045
66979,243395.51401444792
66982,1012.7118381081397
66989,92.68195871090495
66991,3623.7687116723387
66993,108.33672733350635
66997,0.0
66999,728825.1322999211
67003,0.0
67008,776740.5360480123
67013,5068.2894515642465
67024,2132.062879548726
67025,583.9688592483925
67035,986.1538753791498
67036,0.0
67037,0.0
67039,397423.9675814362
67056,0.0
67059,0.0
67064,106.0714336223898
67065,815688.9172349088
67076,413967.2789077407
67081,468.95302426713164
67088,6722.365247999947
67092,10351.243417474101
67099,98.21839126036082
67100,2546.8513158980277
67108,992.5502874734312
67110,2322.5986071324505
67114,90.80875886058426
67118,1106.917973567885
67120,99.03614065053287
67122,99.2514189011705
67123,130001.16774812099
67147,19512.83071497614
67153,98.60558127432792
67162,799407.8392034291
67167,38619.39698438009
67179,0.9438805953386156
67191,2001.3766359477447
67197,580706.4231479533
67199,557.0246057975685
67200,985.9548484745
67203,100.7104349006103
67209,646814.026211344
67222,0.0
67227,193.0577877939695
67229,541931.8191487673
67234,2023.6249173423143
67236,0.0
67246,835867.448521095
67250,18742.51317736735
67253,302.0513341070376
67264,0.0
67266,0.0
67275,0.0
67291,0.0
67313,0.0
67314,693407.9351077342
67316,146.01550222325017
67319,2793.934409373679
67331,2470.633267352852
67332,93.18929508031061
67348,562527.324199278
67355,3280.8697617769176
67367,708385.5536290021
67372,838152.8613635659
67378,1046.576574926318
67380,296.6539826233205
67384,4474.321627794209
67386,660754.4766361791
67395,292.7952577996741
67396,183.5521800266842
67408,400.5879012845543
67411,1424.3715588967027
67427,19608.119857939626
67428,84767.32181991555
67435,246.96133009265648
67444,20785.254890183915
67447,11.394239644274561
67454,1962.1789429402031
67456,842.2137375076654
67461,84382.026099776
67463,377.1226132833196
67470,0.0
67485,0.0
67488,0.0
67489,507884.0505652807
67494,0.0
67499,0.0
67502,0.0
67503,937.0418942006836
67504,200.7209888823124
67512,1187037.1566124912
67514,0.0
67518,383719.82844685373
67525,1523.9775762561146
67540,0.0
67541,0.0
67542,601.8697475250347
67544,4999.810583600976
67553,486400.90248783026
67555,496.7863701591092
67559,1669.6352656309589
67569,2647.0892833885
67575,1034020.1221794628
67576,100.03840847147336
67593,8998.014042286974
67601,388477.0305147
67602,99.40970067101912
67603,295.92178362940535
67605,2228.4003960115992
67607,501621.94579378166
67609,191.88096128792412
67610,168258.68718188323
67623,395172.3217565046
67626,410.3703478199125
67632,66555.31982721896
67637,97.74097588921336
67641,12981.224595801948
67656,163579.13877870678
67660,111721.27493934773
67661,549.2459363196012
67666,220.16295333986778
67679,0.0
67708,0.0
67710,11029.697894106086
67711,0.0
67717,0.0
67719,4496.912929466575
67729,5687.8506374277995
67736,229413.92945518903
67760,186.03630168311668
67764,101.73579785218303
67765,2958.4110297504926
67767,114448.9014651244
67771,161661.92889264808
67774,2739.84043898196
67780,183753.011770766
67790,1992.312778582314
67792,2995.423911000074
67803,145555.91343911103
67819,242306.67807188278
67829,109.56776489200846
67831,201564.83980736262
67839,201556.27722135716
67843,606.7433707419752
67853,1177.33454312563
67871,944.2311298158726
67876,62009.653452798775
67884,417.05247523258026
67904,391.0751911416031
67908,614.5770138329951
67911,16882.64895155579
67926,91.77496153903584
67932,74257.05690723569
67933,1608.3585503555234
67945,1158.854941243812
67953,1133.7432204424415
67957,2843.2925517696085
67959,429861.2323853624
67969,505036.74731745606
67970,10689.553889154979
67972,14496.983659860529
67973,3923.7586618553355
67978,13.878743035733088
67980,1.953536666904898
67989,3874.9045431587783
67990,47335.21484305923
67994,203.16466347433763
68002,93.30064568606149
68011,18154.671095725364
68023,3623.3498310841906
68024,46677.25466741615
68050,0.0
68051,25651.254641114272
68068,0.0
68069,94.9089133505309
68070,94.41642999590985
68073,0.0
68087,2008.8892104944964
68096,1061.8553950493026
68104,6677.080752878103
68105,0.0
68114,1059.8675695028223
68125,98.5993435044707
68130,979.5415151143235
68144,38110.13558852962
68147,6284.513241786903
68151,21101.401718211906
68155,1921.0462852140865
68163,102.22738267728542
68165,15366.867065783672
68181,24110.700612365737
68182,176.30271590072
68183,361.3239399035481
68185,96.96804968804253
68196,95.98596927396702
68201,1669.4654033199274
68207,23379.617832708027
68214,17.877509952620187
68216,119.91494311186408
68219,23059.928716515657
68220,4.5812096138128675
68222,184.7973113952085
68228,212.62772020936498
68243,301.268115177224
68249,2301.8407543453513
68257,0.0
68261,105.89290914046737
68265,394.141048480621
68272,0.0
68273,0.0
68274,0.0
68281,1063.8482377365124
68317,0.0
68322,1030.9645954455727
68328,43640.39102689705
68334,0.0
68337,0.0
68339,0.0
68353,4363.705037752531
68362,331987.9745134074
68365,440432.69025011326
68371,1060.2925433048065
68374,1297.5253773643074
68385,99.23649477081585
68412,388.1138114127
68418,311.73709448964786
68424,312399.00471944927
68425,192.81603240888865
68430,2030.701729587325
68432,1213.2589672813576
68440,474305.6154322762
68446,226830.95264282255
68452,1020.0026812818206
68454,110.57530717425774
68467,204.1164070173524
68471,106.08289956570778
68473,2018.6067628193891
68488,7191.610166296756
68502,0.0
68509,0.0
68528,0.0
68540,94.75098583992173
68541,6151.434117615679
68548,211.90627882377103
68549,0.0
68552,99.40867705248161
68555,105.66890865562138
68571,0.0
68572,96.82621248845118
68574,26811.79465542047
68576,2933.191310898009
68578,97099.71858185709
68587,1038.7232342545788
68594,2931.305037863315
68595,210.44279439576474
68606,100178.28627642803
68625,95.19755622233167
68630,106.98811818156462
68637,3142.86551334284
68640,99.69551180718804
68659,171.28751037646612
68662,59.94817949116606
68664,7021.612742129085
68665,80.32763708046829
68675,30654.4554874047
68677,5070.290857685503
68680,4851.713826815795
68688,11625.47262617468
68692,701683.2237740095
68697,5185.461868092676
68699,0.0
68716,0.0
68717,35026.997618413414
68725,0.0
68729,682958.8943622805
68731,22327.805306668375
68736,0.0
68737,25575.644609411913
68746,0.0
68749,833668.4130321188
68752,16261.545826564803
68758,0.0
68768,3497.641929434359
68772,29983.38041052263
68776,0.0
68777,20292.26781074893
68783,28527.56061469235
68795,6941.1890946902395
68804,4270.734658571096
68806,22377.904893436196
68811,27051.006786031223
68814,12962.513602429797
68816,23440.043322390342
68818,36043.82178961221
68819,1857.8228292296915
68823,389.5268334810139
68827,41907.61721175548
68828,19237.709151868516
68835,208.99852711772832
68841,10202.364340538013
68851,31516.29150597299
68852,15794.868137707252
68888,16.486951980309012
68901,116285.17441530224
68907,325711.22461334086
68909,923.773390875077
68927,23230.401364381036
68928,8314.52807077185
68958,0.0
68959,502.2885659340495
68974,373446.744967479
68975,1057.5967211999148
69007,11173.742911680725
69021,92532.91613014009
69037,9555.081110766898
69044,318.7064522009853
69058,176505.83847441836
69072,215.3766011677511
69078,1395795.8320554122
69079,298.06435523654505
69090,7052.030127118707
69094,98.76329644860374
69097,646999.3564762457
69101,197290.06207602972
69105,87930.75672388433
69113,1207.202336832181
69118,68672.70788839633
69120,160950.4632194277
69130,400.7050457767771
69131,62.80021525551756
69137,70269.07571238975
69141,1796.3691601089893
69147,2660.3269843216767
69149,3119.6745858302615
69150,628676.5144378128
69157,7010.669395605521
69160,3198.244672791535
69163,3167.726107606408
69166,1935.970841048693
69174,585573.8814273893
69180,1982.687861697187
69182,0.0
69187,0.0
69193,2218.70441623696
69197,1183.4089560287528
69198,1723.6576673359111
69209,7096.237254609131
69221,0.0
69238,0.0
69246,0.0
69252,0.0
69255,0.0
69257,0.0
69279,1401.1959589805397
69286,4130.268492501977
69297,16202.050702995235
69302,18924.0453136796
69310,97.91823307721769
69318,3015.3922405557305
69319,100.48551464728534
69329,104.19457139734189
69331,16699.496017109825
69334,200360.40872871416
69337,541.171008444582
69345,1997.6216738756934
69348,203.88480153868863
69354,2850.299977632512
69369,4151.2825813418995
69370,3077.100789728773
69374,735.5607714498522
69394,173463.8238442387
69406,86.85218839515755
69407,995.5331658488554
69408,2684.8193131945127
69422,1674.487205336246
69436,85.33170561251292
69438,0.0
69439,0.0
69440,0.0
69446,251246.7955679068
69447,0.0
69459,0.0
69461,0.0
69463,1492.9051857695533
69474,97.4405975477023
69475,0.0
69476,4065.5035773851614
69505,0.0
69512,93.58421650237361
69517,91.20343998927993
69518,5249.277417028167
69523,1151.5275047444384
69524,239262.7680172446
69531,6902.178079202286
69551,1055.8984691164997
69553,2700139.736157713
69559,716.0745814896638
69561,3140.9194901939136
69585,1966.6644871302685
69586,235781.38702604425
69594,1986.480805673571
69596,232011.22885971458
69606,255219.85668385046
69610,3151.7989200934567
69615,182201.9866731609
69622,74.15530435040601
69625,714.3870218708906
69627,728.8405967904415
69628,29.949760684319646
69633,20875.866475083796
69634,2055729.806610009
69638,0.9551553243067715
69642,50.360285754048874
69645,352.68552939187856
69661,13.149933750088096
69667,195.57037180922717
69668,266.85630524609286
69679,7.048630400710149
69691,2.002594741338267
69694,5.312446935398354
69705,360.1431894636264
69711,68.56687181750804
69712,0.9162729602387838
69714,0.9782132801410707
69724,648.4822274159783
69731,35036.05526183924
69741,2658.877615895439
69749,62557.72367954423
69757,8.553106071922477
69767,226.69768164761328
69777,7.37116732975211
69811,197.95962116690814
69814,515.371034838087
69817,3.8933254993497783
69847,102.98598152910102
69859,414.8197413400644
69869,8.851164184146434
69877,15.59020664369027
69878,400.7104582114095
69879,738.3679229595622
69881,10.443245083756237
69895,359.3422436346891
69898,6.345002797201403
69917,34410.391723021115
69919,8.849251289822126
69934,0.0
69935,598.2289195738842
69947,7.330417324467064
69952,7474.255824201195
69953,6.58599497066329
69954,72604.9733534477
69960,6.864723967870693
69961,67.34654015445648
69962,89872.35106907901
69981,13.044041955531643
69986,2.1502638436863517
69987,913.4024292365491
69988,12.462048782774774
69990,21.860266023515212
69994,4.364312918917593
69995,22.546903248258097
70007,100.58630591831441
70010,21.643493277524723
70014,2976.428370565402
70015,23.151756068046186
70027,74649.56353549981
70030,1.8566214080432664
70034,11.770646857700083
70054,6386.805744851925
70059,3.1607796743346475
70067,322.4916315806016
70068,1595.3486358553848
70083,5.595899213014671
70114,1.9938923021216952
70137,208.33726959023429
70141,0.0
70148,3015.8270260656527
70151,29.699120539777333
70157,11.78347453508959
70159,78.6019203640634
70167,1.9448250520164165
70175,49121.96752053957
70189,15.881070125621989
70194,7.239953818756899
70197,17.7730811557374
70206,126.78669286350319
70215,49.051368266408076
70217,4.442348022147384
70228,0.9937886129632311
70229,62459.472258296526
70232,801.1685114028145
70233,18.633108030652203
70236,3.7642404386029362
70240,19972.604666101135
70254,26.665050230543503
70273,1641.9613703685145
70283,41.34970455107406
70289,3832.811894193424
70292,1163.1637070838258
70293,144597.5122884478
70297,21.645020476271668
70322,97.95753778948985
70334,159982.9093729517
70335,4.003665063859278
70354,44.28373134807773
70367,712.9420227251337
70376,107.7471752030317
70377,189.95797622331074
70386,211.7584478135953
70392,45203.90660248053
70394,1134.6427361911697
70395,47.27569436549817
70406,1621.8143811948357
70409,741.4094704143948
70414,144.19141062912075
70422,70.37411986368103
70423,115.2972762073515
70430,66.20583308735362
70435,138372.15287968447
70437,960.29370863187
70438,5.779691517982174
70439,1.9208242748106863
70440,5.950981863901397
70458,3589.7341307717006
70459,33.369396294871386
70460,257.5206901602148
70467,3.0392320376461597
70488,13507.074446504193
70497,22.97607760448718
70501,133.46001944225242
70506,209.32757287728043
70511,8300.916701789254
70524,3.0079545841607356
70527,1.949347985929358
70532,933.1748742522811
70537,991.4667890455967
70545,49.64135526816394
70576,659.1920474185052
70580,6.419584718443757
70584,992.4789093576508
70585,704.6113294686958
70594,376.49799008671084
70604,227.4512645033538
70611,5.67241543549753
70613,846.5925866061899
70619,549.797018649502
70623,4.79600376346896
70624,1686.9020817227292
70626,281.2912969169458
70638,9.90810361084117
70639,19.381165341790282
70642,447.99615133006523
70645,334.8759568170648
70649,42415.70851497792
70651,0.0
70664,10.689329591325643
70667,6.7255801327022935
70668,196.254314837231
70681,55843.43143817227
70687,314.08550419756307
70691,20.812417088055913
70702,15.427016763866225
70703,27.770340621653983
70710,4533.951453329441
70715,14.826322895057105
70717,86.44872548916727
70721,4409.2492647418585
70722,34384.90807826739
70726,4887.07714371365
70728,6961.815545496732
70740,6466.1316299756345
70753,49818.69360696814
70781,1941.1415637063371
70789,638.1185788392328
70791,40062.804022616736
70803,5.0568262843382525
70804,2.764458487634985
70810,17.43610866189112
70814,180.25067538758452
70824,1880.5077651235324
70833,1018.4204172132406
70834,3015.196671456646
70837,23.764697570584325
70843,31.351766693021364
70845,70.2552755440418
70850,25.136831814750543
70853,85.82789676652295
70856,60.42774097230262
70857,520.8494452279159
70866,4.228369299151247
70870,80.4040049776281
70877,11425.878275007884
70890,95.73479933019418
70895,885.5276259756371
70901,14875.84163022502
70903,190.64149670204074
70910,42.49273339866159
70915,40.094647664617675
70924,34.10538710797035
70933,1534.0445619742518
70935,68769.07793696136
70936,49.28909469605847
70940,3.354485895142486
70943,130405.39841437798
70956,40.06459965829619
70961,130146.90853703121
70973,25.624891558524144
70975,45260.95044324083
70977,0.9330748997133383
70978,4.061459937526604
70982,167.3175693877733
70983,141437.68189578893
70985,14.595014625005003
70995,1.0222590194518024
71001,558.2769527790454
71012,292.7237796632484
71018,8242.806231781571
71019,37.9121185406586
71031,559.449479537638
71035,88918.5474232284
71040,26709.79132061714
71043,39586.46995929812
71047,236.76427631750113
71050,819.3169412063625
71064,624.4282903131831
71073,147008.5389997175
71082,1469.9312469439842
71083,5483.403039965456
71087,59.548722729974465
71089,1360.000195994622
71098,122597.45264161669
71103,26373.380311770987
71106,255.50131257043975
71113,767.5585034548952
71126,30.169348232278235
71128,924.8828637220963
71137,140.38674631280296
71146,17.484063061644584
71149,100.14429745134083
71157,35.18348646970229
71162,405.84603101577216
71163,7.194614277588771
71172,10.739893596110042
71175,242.2241427608986
71197,39870.98390645006
71199,5.05522065984972
71205,896.3705556770586
71207,65.64795590878991
71210,127.8181031262019
71212,2.7474960068405823
71213,0.09164495510087882
71225,42.42061366657969
71237,3241.9160701236856
71246,30.382121867100963
71250,2.8649578417698915
71264,136.58636828303054
71265,3723.728179330997
71274,2.0357191645434303
71275,3.891507269679307
71276,933.6524967671314
71277,44818.71668225041
71281,60502.82207575179
71283,1438.1970814586916
71285,2020.899231962146
71286,5826.989645764149
71294,236.27729509827444
71295,32852.30263989486
71298,2055.662689198976
71305,4911.033339175909
71316,18.61159857200944
71319,405.5374435477218
71321,130.74033854352737
71327,41.617995886509064
71338,15640.889570226793
71347,216.26834473913385
71353,4.903620699755274
71356,2.0754726401118084
71373,453.9649848168237
71374,15848.190456410466
71376,1324.905809887405
71381,4.134894644317581
71384,4.894636218975907
71388,103.57978599527445
71398,22251.984705531017
71408,547.4258097528657
71415,6520.408921039101
71428,69.8483429993724
71429,648.5326236778084
71430,7.546573808125036
71437,4327.725135266117
71440,2.1151735301093044
71447,150.85274696783625
71451,8628.916549859452
71454,17.609930574338712
71464,85.2459784530946
71469,1283.2156443537035
71488,11393.701113856372
71490,780.0479096790406
71496,47044.76235632099
71499,878.0840424259693
71504,12.668652558438504
71514,2.3093075373459286
71515,233.7487133107522
71516,97.90298567868352
71522,31.55102367714047
71525,474.5182178241566
71526,19486.810900741442
71531,66573.1940267271
71546,10598.333897050075
71548,84.22662085017186
71555,19.303323194351684
71556,152.52902312353746
71571,5.8527740186057455
71572,1.0060436781659299
71573,56.89153001960659
71583,90.83668850794685
71590,130.02945942986966
71602,34.04443574138372
71605,82.54829808182102
71615,16.161871079601777
71633,222.36030494036984
71634,7747.61239192207
71635,0.9887761401318769
71637,79.00091041175689
71641,541.2459282081603
71644,691.5427623184647
71648,392.43730902953774
71650,36.915025533681764
71655,12.765934909542166
71658,197.65987959655774
71661,264.0258045544691
71666,423.51324820279586
71672,3168.538135179078
71676,95.56048242283376
71677,29202.238292888127
71684,223.05669640095243
71685,5947.070781459006
71689,2398.9326956970253
71694,577.9611725786853
71696,3.0887613582580213
71697,2.1234608548895393
71711,1811.9096939190206
71717,10.960515167812808
71722,13.638115447355432
71723,1.0744071715886463
71726,7963.8090983185975
71734,212.21324539215414
71740,83.54522635205038
71745,744.7081655979841
71755,21.409734722376506
71758,242.31710432180392
71765,41234.30193074657
71776,31566.543418270823
71778,53.85354832718139
71786,1130.2831626328987
71797,2649.47746494922
71805,223.32612755029166
71807,53.160271205891036
71811,244.11314435160094
71819,5.517453700013977
71828,429.1271589006374
71829,6.78308380084858
71830,147.53352355991035
71832,470.66336017960293
71834,49455.75592172856
71835,481.8008581328802
71836,5108.555388909242
71838,2.0611941406099854
71843,3.1145100666536747
71845,169.9677808908708
71853,147.76147863290367
71860,56542.33943255412
71876,2648.637738251739
71877,111.48635993793907
71878,56596.575176619575
71883,1446.908737559389
71886,359.6396355366004
71891,60.17117711192942
71899,213.08028655157068
71905,750.1659953297789
71906,52883.552958814114
71919,180.43525963568703
71925,56530.81937309702
71930,9.142170195055087
71935,1.8071357198652929
71936,5181.460001606598
71955,53229.49435705575
71959,4569.561704302791
71962,6061.897986345356
71965,6.769212085572138
71978,76474.07210090659
71981,0.9407850805994802
71983,717.5146644844461
71991,59416.06392128887
71992,3621.2917661453
71995,3.0464376102028297
72006,47.27475858586256
72021,10.98970903182815
72026,100.81001953729024
72031,2690.999376205229
72038,77258.52781167858
72040,2.786636095750976
72048,1.949062611524611
72061,86.99094736473036
72066,22.829566674870676
72069,1045.678070811625
72083,8.372976037970858
72102,9.735277857933328
72104,23169.259088959585
72108,13489.881792795139
72112,18271.392095088147
72116,81674.56704087985
72126,531.6170926380314
72140,345.86013206892795
72145,23933.32210080944
72150,635.9051803464254
72156,2.3141228213729
72158,17.943311209259196
72182,0.720810867211729
72187,97.21074911417563
72190,128.41099718570024
72193,13459.542501119811
72198,11.199202157870534
72204,140.6175815664565
72206,214.95384664228374
72210,202.46515245739272
72218,468.86284683439374
72228,2836.851146862245
72249,82.15794615040372
72255,30.591521840816657
72292,303.10094605546817
72302,5210.881703963446
72316,2696.023861492979
72320,46993.907005358116
72324,23107.276887031272
72332,462.7099412589533
72338,119.60974624296145
72352,61471.014334367064
72359,78007.61856384165
72364,22561.579858298035
72378,13.565894857613449
72381,145.6237868707139
72394,883.9865420681613
72407,21.406279820367242
72413,7.733801042366988
72422,766.2803198162948
72428,2123.87003673744
72441,9.198063173289798
72443,746.5149038977667
72447,1809.5592733271287
72462,9.930657943498087
72491,2374.9092929234157
72493,18.11827239321434
72494,2.0853821105510795
72497,1526.1396461492047
72502,1913.868391575215
72507,37.688865823603976
72533,5148.806695836556
72540,19.824834917126516
72544,103.50022193661356
72548,21.98128292117564
72563,1615.8092230222783
72564,94.0626358889099
72580,8.05485628719327
72585,28.538842826216232
72587,12.747142449142757
72592,8738.699714585111
72618,2490.559837978993
72620,151.9841409601436
72629,10.345617260839251
72634,94.03335991988746
72635,843.0939250618735
72637,2877.9583968874326
72640,2.8128526421713804
72646,76.71113807936118
72648,96820.9688480317
72656,19.831255907458875
72668,4.221183774304905
72682,154041.31668096213
72687,3290.79431801117
72691,1040.6967440572337
72692,1548.4897714121064
72709,401.63677102267474
72711,1.937329328980563
72718,420.79685953694525
72722,154.09464281243515
72736,1256.8869847513809
72737,1404.308403517011
72740,1020.0029363153759
72756,1.0375338179195448
72796,723.1055312891515
72802,1.9641448071973557
72807,1508.3357605943875
72808,25.36497540638562
72821,848.343345302417
72822,54325.87892240012
72838,353.4348574603737
72844,3.241835834447961
72862,12.750025331298836
72864,34.670970505808945
72867,602.2619202539596
72869,1517.2975068294681
72877,1816.408442049006
72884,1666.248986697355
72892,52777.8208565339
72905,2.30715542414602
72908,10.78556968086996
72923,6256.020174972519
72924,21.166563015069713
72925,1140.5955363945204
72927,313.35904848290664
72928,30.634222011794332
72942,10.971841249735647
72945,177.95388205257427
72948,3256.873497278488
72950,40.342718339030476
72952,3.4862103486864267
72954,224.11264647681094
72955,4662.627834297459
72960,120.68399012938339
72966,20072.73870230281
73006,152.69624714778516
73008,92.16688890870114
73015,1.9059276117751875
73019,2102.3726175873253
73031,72.51508861914553
73037,528.8240677474083
73040,3.924394318496156
73041,91.50120982347951
73047,3.4999151547280722
73054,4.524373045350913
73056,87.66868522844128
73058,83.52099956350452
73062,164.96700726827967
73064,93.30068796257224
73070,21938.476250091342
73082,47.67529732811844
73087,0.969189351417214
73093,17.206029557699093
73101,62.2399498191093
73106,0.1000797049947379
73122,13.37219613036407
73128,95.90056079002152
73138,38990.27534954947
73141,9303.731620578892
73142,678.8423054787235
73143,403.0615489441882
73150,8960.819556200064
73154,905.5381946440793
73160,31.529239647658045
73161,119.41195824185374
73163,65.61570569552929
73164,9213.954064708083
73167,2872.111022134638
73169,175.08076308576125
73170,310.3609733224684
73178,296.0858827871677
73186,49.60520648615709
73187,34.16298394495218
73193,8637.206142982806
73194,13570.51113525349
73195,47.33987110228199
73199,549.2657460754491
73200,327.03211554752056
73206,101.35433937955037
73209,18.092130986076697
73213,62.033288933620604
73219,55.29801653221283
73230,459.48160181572194
73233,44.705731509447695
73234,6340.925143760535
73235,88009.60333610361
73239,80.39379281384089
73248,53.12277756492263
73251,49.13352968380081
73253,2532.064660958626
73259,125.36080784000696
73260,4.866402889831896
73262,0.959464726667469
73268,3.1383148361939073
73274,129.23532404883497
73278,11746.774332626244
73284,1.002505955150445
73291,157.77130953588448
73293,96556.57127810823
73294,13.433646060176276
73299,4.192192863061821
73305,50.282832960111456
73308,160.51173217508085
73309,111233.31981013136
73321,99396.540834149
73336,0.38347053624485444
73341,73529.91934212818
73350,67816.56686335105
73357,377.15090801516925
73369,45431.43554882414
73386,7.827058956563135
73390,131.4871994874461
73391,7.885237387950867
73393,6.355302596159443
73400,2968.8797553727222
73404,3503.6076209350645
73406,2.6546778051327347
73414,24.579885679799645
73420,3.2809204557500298
73422,51554.86820994262
73432,64.16284977088743
73436,127.12873624183307
73447,29.69643883477053
73456,1393.4612019489364
73457,6248.8808466964965
73465,564.5496042955579
73466,4785.478264056599
73470,1299.7705612400835
73472,117.29460085379768
73475,5619.236245749132
73477,25983.14601022703
73481,1411.1077372814552
73518,0.0
73531,4930.833715574224
73547,10.393176982889864
73554,29.331953261368866
73562,70.6479556218429
73563,26.85594472556722
73572,112.94614171264868
73585,216.07816359740156
73603,3.15357562981169
73604,1.9845817780553179
73610,41.788419266361
73615,31.446141083308564
73620,1057.0374304741679
73621,1450.4005546209078
73626,49.26118558658834
73629,1.074386471008505
73637,970.3551976025346
73642,51538.73602142118
73643,5.96803962599446
73656,55.61916687226056
73657,1.1253815446537356
73671,0.6352511939853662
73672,8.601960288943808
73673,1392.7856852920186
73678,21.882461283460795
73679,2.4871112690466295
73693,51.3267374216163
73699,364.4857412814148
73700,1556.6766313919609
73706,1637.265890626536
73710,10.728283692959128
73711,53749.28124021659
73717,38.13891020383841
73727,1864.4369036591645
73728,989.066983403869
73730,2512.4192226593436
73732,75.13302216438345
73737,5647.973446468448
73741,2879.969940843272
73756,10.063310169888357
73757,270.04847420400336
73762,39567.54827867575
73771,1256.3243501126663
73772,355.93300243914734
73775,10032.79629973225
73789,1084.9970466359118
73796,8148.580692326701
73804,391.41557929080466
73812,1749.6755311100044
73814,197.00347027889953
73824,1593.6973156672798
73831,77685.8892219588
73839,4.3092457420251105
73848,8404.165323040295
73850,42.00989144141315
73857,213.29163848921664
73869,5121.313715919689
73870,1000.2753412239113
73886,118.59577091020853
73892,44.08832040103356
73893,2.706042475977519
73901,3260.918209969222
73905,850.3059327336437
73911,0.15349526317401463
73914,0.9379570131334819
73915,57.02844288957684
73918,1646.178404444522
73938,678.2448139768795
73939,51.788399500193464
73944,65185.96327046231
73952,11083.90638094674
73955,6718.403033024803
73963,527.5282568335483
73967,5245.215977025708
73976,87942.1010675494
73993,1290.452949250537
73996,199.44204180512918
74005,1781.9035483459897
74015,88.3529255547054
74016,16.441611954278635
74028,4718.634451070484
74032,20705.336075250583
74034,3209.048088982152
74052,5791.609740960663
74053,2997.2327367236453
74064,4814.992946384262
74070,1770.8893047266165
74072,1059.4384619200484
74073,1754.8971040127046
74074,614.1937424769629
74075,7978.161796648045
74083,3353.7753300775566
74098,82919.21803486775
74104,20066.806320447595
74106,5752.284944417293
74120,2.1062441799091327
74123,2482.336195312599
74138,385.87715898768164
74145,2258.7121478452796
74146,1616.135708456717
74154,2280.339567089999
74155,1143.1004464801943
74167,12423.889143455623
74172,1282.9620166126742
74177,4923.165111777772
74185,248.36728669862276
74201,7387.865960195989
74202,1769.2705468066476
74206,1006.0412307227459
74213,19563.07202239522
74215,847.0568490843181
74219,1332.9705976734854
74224,50224.57265580765
74229,1776.25770910958
74236,212.8053715636857
74237,109.49372162186579
74239,38029.5628385878
74243,608.2578265321279
74249,63284.82408047944
74251,6462.174723409739
74252,23084.529635417734
74258,5571.763442781507
74259,7941.655775170577
74278,1021.3509002762038
74300,19324.291610442106
74313,779.5551909108231
74316,590.384332205892
74325,1037.8436304622055
74331,14174.718200437163
74332,280.37678293204243
74333,11613.024907549769
74341,262.46605208648674
74359,36657.50380769304
74371,7149.348078245934
74375,22.35436449936647
74380,8248.328538528323
74383,2749.891411873836
74386,33.88601111441199
74405,364.52210629608265
74410,600.1076181883213
74421,7559.960517847141
74434,648.8916249143521
74436,8.716644008888384
74453,6080.763062819951
74454,8958.441366146653
74457,237.6145326560743
74458,168.42776883656032
74460,23.437433675297896
74462,22657.83383071317
74468,658.5161502224637
74481,5257.64912995833
74483,9064.22365811963
74485,1965.754927400363
74487,91.14031872453428
74493,7992.44830369833
74494,447.6600207985554
74515,12740.038801474184
74517,473.0253761098833
74521,553.8833584939658
74527,7831.636143640609
74532,3511.6759714158497
74540,2616.957456715272
74549,287.76056828107966
74562,9129.175628787238
74564,2382.8743468793455
74573,1614.868036984886
74576,4332.35937053872
74583,1489.0875184941044
74584,4929.240844428678
74589,2600.595672163724
74590,61447.07414934215
74594,1050.9366461952488
74595,675.2334884244458
74603,1753.3523230424728
74615,605.3259606030193
74619,788.233902723576
74621,4472.930316050689
74622,222.11237755995737
74628,363.85369699612767
74633,160.89738501939615
74638,1174.1500399980991
74640,1723.7321966410093
74653,7953.211954911149
74655,2929.7947345181396
74656,1449.2399975305225
74658,672.772149297009
74663,8044.804190780336
74682,410.8568400046454
74690,32593.920892361195
74691,11629.176999329511
74702,1337.9567853928334
74705,28692.89233015783
74717,39.83069588849053
74719,3950.156185773622
74722,4155.466625428877
74724,16640.87364694008
74737,3161.532676779629
74741,6519.5553046361865
74749,19761.247755643602
74751,2916.7994706382406
74760,37730.17119631809
74781,245.47881741775385
74783,18993.266223486396
74785,1066.1409975367067
74799,874.6726146400863
74802,36276.53033880456
74813,2559.35165678661
74820,365.27077205885195
74821,14.015446257062132
74823,1359.761234481308
74836,24136.739685691962
74845,232.6922680294496
74849,163.94393601937256
74855,73.13928599414565
74859,563.7845597038108
74860,625.7629198763808
74863,53.664595109492176
74879,101.78410690629177
74895,6869.888792155789
74897,16709.604014626635
74903,658.077837206907
74904,4641.096167583211
74913,469.1323169728062
74920,22.43039274837208
74921,1839.0139051519195
74928,911.9071727383599
74929,3160.3251361034877
74939,1079.428866987161
74953,120.65103173368452
74965,3385.243182601567
74968,21.004951809578166
74969,130.60377849810288
75004,3739.1558375801524
75006,15978.607834175267
75012,17090.526228985836
75021,4.308325939429716
75023,25.494328871374016
75025,3917.999187661974
75033,17.59760808966811
75037,206.93490871055843
75039,194.80035240961365
75057,2.8808499112322385
75065,44986.964803977804
75066,65.99357057318107
75068,10397.750348865113
75070,22744.05620323774
75074,70.54485527590055
75075,888.7497955791229
75076,306.5202365745453
75078,781.1061348889464
75080,16902.781435162367
75091,35269.94210815923
75092,8508.794005702008
75096,5766.691773861191
75098,624.8743540198395
75102,6489232.6584486505
75106,10490.127192653654
75110,1605.0879971560105
75118,595.470261388235
75128,11.076792860205574
75132,4187.700061300374
75139,64303.07612880608
75144,6420.767646969638
75151,13.705668219518763
75154,1734.5262550261864
75155,243.3133317109709
75157,63.7946858115875
75160,18233.490393494292
75165,33992.12695456954
75168,2573.0325064676726
75181,2.890757462941369
75186,32050.0201898501
75190,4.956011867787379
75193,639.269555489341
75194,2075.728012443678
75199,1604.8524792058631
75208,242.70324662456375
75223,92.19355176084814
75226,2760.5208241921664
75227,8.333376680880857
75242,142.51473072430716
75244,680.272265264215
75255,280.13353475121545
75273,2949.4871368172303
75278,434.8941287031499
75288,26738.40401823818
75312,36949.24271194461
75313,41.76175089935325
75321,2.7094539688444517
75328,907.6509739640127
75330,2753.0251718454574
75337,8.489730631715332
75340,13.471446757323076
75345,226.54186139525976
75356,1097.9759527970837
75361,67.38314789402892
75369,3525.4411600846065
75370,1490.755045291961
75371,15160.034716054266
75372,202308.8621286403
75377,15.787390686683935
75385,35792.1683426448
75386,14887.183173479356
75389,1900.5833074593158
75403,3528.1934538977566
75406,5053323.776251675
75409,290.37430314634975
75410,23858.62889951663
75413,185.78381029630555
75421,288.79198168907135
75423,10916.027846936993
75427,17227.821294321333
75436,34242.992303825864
75440,5229.787697880993
75448,11453038.78178043
75459,55.631542027884656
75460,48278.02036816568
75478,15962.4289927928
75486,4792.823571827818
75489,32.13652584060769
75508,369.20880244885507
75515,238.4732802911019
75519,575.4117013886826
75526,2021.1026631057514
75527,14468.182687492019
75533,4557.507258721935
75537,80.83920757197636
75550,443.4404539291787
75556,127.31818525082018
75562,11.702963167219817
75569,85746.10890043092
75574,2146.7033713274413
75579,9069.524152822052
75583,14224.19566494553
75592,193.38837178799122
75597,758.0412646637429
75603,148170.1594825838
75604,106.4747904651252
75607,228.10885412273728
75608,3295.915013418014
75622,260.03427468310736
75635,2116.5667679063636
75646,97592.92905368192
75648,167.13253898248539
75651,7307.728135782368
75657,104902.9569064198
75667,26288.377901435317
75682,1944.1676790360075
75683,1298.599263035995
75702,439.9529783140911
75711,161.2109924684669
75713,10017.097907611402
75724,399.705727769511
75726,12671.901269681695
75730,25485.340713966794
75740,38418.452512145064
75745,1490.1250405360174
75756,4099.550212328694
75777,202.64897488786204
75780,102.49902085155404
75786,76.7128341176062
75788,422.14072176878324
75803,400.28143014129023
75806,254.0701651968662
75810,5721.012944986826
75811,415.6333977689178
75822,14.798477958012148
75823,26.425951060969236
75825,34.815685259781766
75836,751.3767117231122
75843,70685.59447835677
75844,13.642873656237741
75848,31179.178374593223
75850,288.7423873822199
75859,25.090676044751234
75869,2326.8661674817063
75875,320.1393728167636
75878,1098.564960897064
75881,33.75278889648894
75885,1.0429476856981317
75889,27841.069470058275
75893,4538.784754459783
75900,530.377258214794
75910,631.0267004166037
75916,1146.151339264036
75918,2580.2381178469427
75923,2025.2037201840883
75929,33695.33284230923
75932,3692.8981289535886
75950,251517.85538574023
75951,13523.71558799083
75955,23.597244120076354
75962,675.6772750363216
75965,512.8748622168163
75983,94.34891411253555
75987,3944.4936023985088
75988,2984.7578697718714
76014,2563.6353998877908
76020,21996.354897935515
76029,4274.514702613899
76044,53.61718387638263
76052,446.4096083334244
76054,42.26256685691334
76063,319.6762861454288
76081,23588.52091164639
76089,19.798037579041218
76116,120.93677211133735
76117,1089.0896454998533
76119,243.25390648882347
76128,711.1832811911067
76146,70.72058390145682
76149,25.850760863614298
76170,1387.3298733208705
76172,2.002766282927909
76180,11.208260368035372
76182,35.46629635878341
76193,76.52839817066585
76207,1766.0620058069424
76215,187.30289495759507
76232,800.2102102887651
76242,55.34133502129317
76243,78.20314706253946
76248,419.2209507250348
76264,1039.8775484992004
76272,4472.067864885206
76284,54.78746407946994
76288,6.148126117661261
76293,11.787836188735632
76300,235.25762588195062
76308,29.48601736834926
76313,52.44053314485534
76326,2056.7385792459045
76332,0.9774099148579848
76333,2.9913493912964055
76336,124.20569797610754
76339,306.97566311470734
76343,18451.71613697274
76347,6.68482398799444
76352,2176.8092422012955
76353,186.88923378672558
76359,37034.10138024624
76374,1.9610551472244473
76380,169.46243347664085
76388,102.57183766148871
76394,170.75869289378798
76404,11355.62125341743
76410,1.567751062694696
76429,242.0818776112891
76435,7.115039058722284
76438,199.0740912661395
76444,5.006457300734195
76447,1477.4504954678625
76448,326.8540522112131
76455,22886.43591314642
76460,296.2854867201101
76467,435.9445780679837
76476,94137.435937184
76477,51.445766868388766
76492,1.039621704703732
76499,151.55136117630803
76500,0.9571845825669587
76501,14469.48260343387
76505,11.535568896725534
76508,327.8453820097632
76522,4998.794602642017
76529,188.89563987213418
76531,26.031991385132226
76538,102915.26259619561
76543,6630.839628182422
76558,2568.084534513006
76574,7307.358104124002
76579,305.263722317155
76600,681.5707410421887
76610,33.42552568844155
76617,28249.21386752933
76622,6040.012268059312
76624,17617.506296643627
76625,1427.799253498524
76653,78393.55805236871
76662,7289.564604538142
76664,272.3082388803211
76684,2762.371456267432
76686,2670.5165968585516
76695,64.33508595591427
76697,3150.1716257156822
76707,250.1178913105594
76711,8208.642800394093
76737,9.132929756093745
76739,65.19142978120169
76747,16629.489287143337
76749,9293.349912627442
76755,6772.247106008757
76763,37884.041230287774
76773,29457.552561765966
76774,422.7255958801792
76792,334.3186717930072
76796,28.29989499014373
76797,3004.2105079456655
76804,2.831147672189191
76805,14891.760157940522
76807,3107.1877799782214
76820,20218.866382450666
76821,16138.504135907373
76832,37.24058632749169
76847,310.01369121765816
76855,64.64488049027123
76863,3608.4665566043805
76885,145422.1294966999
76893,8337.113011582047
76909,8697.909032560916
76916,49909.47764212402
76918,62.032956722879604
76938,55.55413419218924
76939,88518.90484061911
76940,328.4025030483375
76941,3821.8632670474585
76947,347.4493061463529
76948,100730.64473767328
76974,2246.26461318168
76978,38046.81905262731
76980,77095.23215282943
76985,3278.2729467517106
76986,16630.425998697032
76989,103656.34187433259
76991,2054.636082399598
76997,8860.237951959964
77005,1452.7416190333
77006,4724.748460073652
77009,2204.6328812048123
77021,906.1600086431419
77027,1615.6397400580233
77042,114.30348040763312
77047,23624.14012923329
77054,1978.4449729259986
77058,4781.745104646549
77061,408.3250251028555
77067,45.46002272693247
77068,79440.85909031748
77076,9444483.88254701
77080,1517.4767482943626
77082,168.509475518269
77087,212074.02650736066
77099,574.8923044126681
77102,6804.115038805868
77109,477.77578420844225
77111,117.89683042129583
77115,1684.489639901058
77123,522.1436506235888
77126,64573.33749906541
77127,573.8040021168113
77131,17586.93999121393
77141,54252.85672450025
77142,462954.8662029486
77160,5314.362754845726
77162,128508.19218098519
77167,328.91468971330755
77170,183.57376894034815
77177,427.122100393166
77182,10.311733089527037
77186,161.09189028411942
77193,1655.8862370172656
77201,43484.925701154425
77202,395236.498294148
77203,3908.1496205592794
77207,447.43852280698377
77211,65.15846638749429
77258,1361.7996722177538
77261,716.5090670629402
77264,676.005434289253
77266,675.8568983260875
77280,105419.77398460671
77286,4968.441663381102
77287,44667.25422318312
77288,472.0369800697194
77294,332.0891957050756
77298,13.643033047069277
77313,87473.14740302681
77328,74.86044014376272
77336,32148.288445196835
77343,494.39778165212795
77360,22.30379188264304
77361,11.932698201233304
77362,1418.2329367879497
77365,348.34668597980175
77383,454235.07582479913
77384,4583.6852993574
77387,629.3294419740333
77388,37776.27674348073
77393,967.0088726798485
77403,193.3431865175016
77408,9137.95715465874
77413,210954.68818810073
77415,78.79002676388475
77422,753.7334817979131
77428,1547.6183426797948
77429,193.37187579391593
77464,89355.75739086459
77493,32.13562418341752
77494,103550.78583630851
77510,1111.019825295571
77513,4241.481313271188
77533,2787.0937929794377
77534,1080.3205233621745
77540,1168.692758429077
77546,364.5868881769002
77547,3.6455370217416037
77551,67018.96757658216
77555,151827.88291294492
77556,1389.1978546445998
77581,1092.4612327940285
77588,806.8736226687597
77591,30216.43402795785
77622,12.211625762852304
77626,68.50122078143366
77633,34.55740597779209
77637,45165.225701647
77644,37725.452119645095
77654,2776.375546132534
77673,2953.0047630311533
77674,1910.0725112328166
77681,2592.1945051715866
77682,1.0116656825128372
77685,6831.168259900695
77689,302.7766471585386
77697,53.68828789005384
77705,33191.49473373318
77706,1872.7451687138637
77707,28870.080642222205
77717,7.141438677959089
77718,99.93747553395049
77727,1.0053558095162034
77731,649.6799379189397
77732,259.28080018837346
77741,883.923217579443
77745,7.365610880385565
77746,436.916442749305
77751,127474.46509407148
77756,12062.082586948412
77757,178.45245333605232
77760,25371.557388044035
77763,153674.86737681585
77766,248.49249011299327
77772,1.035071418637028
77795,46.111017298950145
77796,92550.7383246576
77800,3.256466541450139
77803,428.80445420718934
77804,5.335120325429237
77807,235.19764240553135
77812,221929.9341891028
77820,2847.820656128587
77822,12.40531486370237
77827,442.15550568453244
77849,661.4218771232595
77857,7362.742717455864
77868,16.175310277081966
77882,534.7855368392517
77886,94.60515405625767
77899,19797.883321863683
77908,128828.00614486827
77917,279743.15812141466
77918,2160.6250875675637
77924,20096.47797332037
77941,3597.217777669944
77942,2039.5712245734262
77964,81.83804526877877
77976,7750.084848873226
77982,789.723597583597
77985,697.9538624703748
77987,18869.101358280794
78007,3371.5783855196696
78017,12632.17719195924
78022,766.1448061891838
78038,35313.66128061461
78039,30.469816339242147
78045,3951.153293966928
78047,135048.8482810322
78050,149832.44068512443
78059,124.6721374026315
78060,90345.01723589195
78064,2869.7293108797116
78065,37624.800302669784
78068,139.77517669269835
78082,6251.717363093919
78093,1851.1099035439788
78099,68.11100374120085
78101,1876.3480540214794
78103,60117.212437296694
78104,10033.733675280153
78141,23.610998315221167
78147,2043.079172430232
78149,7468.779721588543
78154,3352.563503627686
78155,855.7241438531352
78160,325950.63574937504
78161,191.71467495109476
78168,12127.084795695166
78179,26.281814626881104
78182,7975.565931076701
78186,1107.0804455121279
78208,104471.19137359975
78211,7162.485670257285
78217,17388.728655598796
78221,15963.720121302364
78224,56957.23863844008
78225,210431.4544996713
78246,207.37755154708574
78250,332.60681600089947
78252,494.2236652852897
78254,8114.495375943683
78267,7.2921510793691935
78269,16612.064368858642
78271,246723.36254228555
78284,290332.45319096296
78294,24541.159268198313
78298,5.379438952696082
78300,107.59115004436998
78308,6836.959047247726
78321,65.23194111154577
78330,326976.5606783221
78331,11080.77839723064
78347,297.050847245302
78357,110926.85028135036
78360,57.54936339808416
78366,390.0170237887505
78367,6.159708464726548
78369,202.51242478790869
78381,110.15696689811412
78382,450.1432283835245
78397,62.17447828061209
78413,399.83507673100314
78417,1395.4839062148196
78423,12581.055964864407
78425,34.98633709765892
78434,668.8884939687639
78436,6682.872858424953
78458,13.960102889604766
78461,21.659947913379437
78469,5.363955218036675
78473,1250.5842907570307
78475,148.4830295213132
78476,267.7234706250683
78490,1295.4453070835343
78515,7692.058596137276
78516,7387.818884587788
78536,263.90560432768916
78543,5804.7002223749505
78545,3119.526732919303
78552,422.37229557344233
78568,118979.53729144682
78584,4.423233340498637
78588,4.977254827432166
78619,155.40218038262898
78623,491.8085263134269
78627,0.9868484218360157
78640,101.6981037540598
78647,6.447288613604117
78654,574.5014057485417
78661,3.828729231346921
78666,1799.7119616732025
78668,208.15829270251464
78674,224.67246703046916
78689,56.454508528139066
78695,1726.0523914702585
78703,272.4964742069889
78711,2133.277505551285
78712,177.41363772206097
78715,10.809012206727395
78718,39.61400111139407
78721,367.5739788843171
78726,71.36808303735944
78728,188.35690251742585
78753,8.917689008119773
78759,101.24165165676621
78766,12592.037075490318
78767,59.9892791131173
78790,75.64253561701669
78796,418.58554973522814
78811,24.253855283503782
78814,228.75999990049775
78843,692.5991538487092
78844,147.29549560222088
78856,63.38706908183232
78865,124.31926494959419
78875,5.2124044796338715
78876,15.184325373067129
78878,1.0039256325271362
78894,5.864606918612127
78897,16.546706845771002
78905,98.91754016794346
78908,1113.6536286998771
78914,549.7762223623241
78916,78.35064718239735
78918,8.93961520427751
78920,3.8696186566461233
78946,2.987567612411873
78954,195.80978095917166
78955,742.6551057888411
78957,3.0929155984395
78961,408.9072312871232
78966,0.9632657078943723
78969,10.755330972634692
78977,193.17944958160004
79030,234.97592036646975
79032,19160.90494762527
79044,48.948836344639574
79046,10.061273270097445
79049,207.54363405356938
79063,7909.5008873491315
79065,497.01064910555317
79068,18705.850428716705
79086,74.62561065137861
79089,6319.531269671029
79107,10539.815307010887
79112,25607.693551373417
79125,70.04263859528815
79129,613.3389070628253
79153,34981.45995133664
79154,25628.451679140406
79155,14045.981134388574
79171,86.55777774400701
79173,691.1985701795771
79175,6588.12072449919
79181,382.4216841278042
79190,1599.2944686491671
79199,42.48036858877319
79207,3.9333469578560853
79215,904.1206484602313
79216,6210.383055254563
79218,378.95820102640903
79222,2368238.956776503
79223,15.342597576226755
79224,563.3015829005718
79250,0.968686126085711
79256,1204.351124061158
79264,146.92381561654506
79268,549.2578417238582
79270,1415739.0445289437
79283,3671.552660974623
79304,1184.5138620955688
79312,6089.982054384865
79313,475.9028003410827
79328,3082.769719408464
79332,386.49412764545286
79333,9294.232076944998
79348,57.624245105039066
79349,2568.5125549404197
79352,1300.232791112851
79353,11497.807632795464
79357,272.7430714491573
79367,834.8094240518152
79371,115.65879924468308
79389,1229.151450598976
79390,870.426215538965
79395,1597.7752458819612
79401,304.93982299721256
79408,720.5322513344149
79409,117.870450988282
79413,61.2988312632081
79417,206.15716069150798
79418,15119.47680766719
79419,436.40523722817073
79437,16334.484962147
79445,414.3446247247022
79449,4020.216641618839
79450,949.1575728439166
79455,2101.0933185955173
79457,7762.8119369082515
79459,230.5312562369943
79461,586.5212150134498
79466,72.049743412817
79491,45481.24026721509
79494,914.1978002879224
79526,142.66157373937452
79529,1906449.6826601555
79538,1634.0024063430426
79543,35.69991017871138
79557,3900.083300439183
79566,299.4847081653463
79572,45.01369350897227
79577,1943.066543073241
79587,91965.23104000984
79589,7681.535758056657
79594,512.8879253190182
79595,5914.8330584207215
79596,1369.7839691831925
79607,12498.482333762202
79618,64.95462769392478
79621,58.84295682252591
79622,206.39228805368845
79632,1154.3081656214572
79636,76757.1922255214
79637,5020.756789522542
79654,1332.7214128563762
79664,1199.5805878547587
79680,935.5357189551532
79685,53358.46220968034
79687,15004.745014564789
79705,144.28047200497002
79722,30.30028241196277
79731,63.65135760933983
79734,5631.800098605416
79737,332.37628641264376
79740,2025.9488456314166
79754,6931.261410491158
79764,164.69719994279453
79768,49.403181427250495
79769,14.875313003355204
79770,1886650.0584310112
79782,15946.061579941252
79783,3299.012676435827
79791,5429205.5281397
79794,66149.75941359646
79801,1676.7379433647022
79808,15991.468138030086
79816,18299.51405729084
79829,11657.580117883894
79830,78427.5347950132
79835,3019.4677575829637
79839,4035.0680257506897
79843,12783.19837774608
79850,1.0346335617063331
79862,2158.3785296555357
79865,1831399.6376970827
79866,749.9513602623949
79869,83304.92637182689
79892,23769.19731088509
79893,44931.34535885588
79896,637.6532763805542
79913,261.3400229759079
79921,1542.0156184825544
79928,55862.13671226188
79933,2062.1173414034424
79934,11.293158951137066
79936,131864.77592035555
79942,22.45473853206208
79947,14218.438200642773
79948,1534.8817400625699
79956,10413.717306497552
79958,240698.97797395318
79971,795.8998192206651
79979,192.46432493016943
79986,20773.03036670039
79990,992.4111751065882
79999,23388.40851367236
80004,37.18450929112396
80005,8364.776510051266
80007,32271.63612797381
80020,103189.00988591339
80022,21022.172366942537
80035,38723.98259603756
80039,50.208468736508024
80046,562.735195420243
80057,10799.186374510557
80077,125.52116237280221
80084,12267.97060755586
80132,5503.19099808127
80139,272.26678225107673
80149,5590.954953772644
80153,222.18843804993116
80154,60927.444272627385
80156,42.07665780681857
80162,757.3272649654202
80170,33.797258629914786
80184,59.52990809367841
80201,6.101138156341144
80214,573.972482095054
80218,39941.244262966284
80246,363.1963032663466
80247,171215.54255277864
80250,17830.96375631772
80253,10999.856987963707
80255,946.7603355402441
80284,37.30611889595374
80286,83.86268180932623
80310,37353.444110411496
80318,249443.75901424533
80319,1235.9800457687957
80322,844.6829404723131
80325,127.31487113075914
80328,681.9517973732277
80330,308.3375151612275
80331,36514.85522936248
80332,11064.726673875872
80348,1132.0041357982825
80352,51756.513387011575
80354,79.58638543149547
80359,75.09079218857264
80362,257.48443516494956
80376,21088.77688723008
80378,568.5105850204858
80383,9286.87130271663
80385,2661.127325980041
80387,2185.5724645310715
80390,182187.4619966189
80401,703.2263284567472
80405,93.26637105784872
80417,16339.52345077673
80420,68.13414813424544
80426,2116.863896887303
80432,39014.95778049126
80436,12132.759962402813
80444,30.203252895076346
80445,15364.354423316829
80447,343.9992815108856
80451,191.41969625406554
80475,22078.778863758416
80497,146.2344917512242
80508,1.0096791003135601
80511,486.2678874539175
80515,398.0933372811032
80516,455.0456207882021
80523,123.98649350880002
80528,36.5054736098259
80532,634.1262685332152
80541,45.07166272016556
80542,85.74551423472722
80543,7.7362160025404805
80546,3039.1205421621053
80547,4524.9417053135285
80549,3567.498815653505
80559,562.3716543905424
80575,1151.7755478806773
80576,398.9733273535997
80578,578.041893168326
80581,189.31450934495928
80592,104.41540983618333
80598,438.1107283264757
80602,1834766.2920185744
80609,20765.643968920685
80629,1.0091544032028463
80638,1.9417061017383168
80639,360.6207509750634
80648,917.013228375875
80660,1300.3202636467981
80661,264.7200822617946
80664,4975.433427910004
80666,4262.729355742608
80673,601.9446574705007
80675,1006.8745824161541
80677,48.11319880173724
80680,40778.66477392694
80686,161.64725650556304
80689,422.5646244593199
80692,14905.299308712229
80697,84.14048757691403
80709,253.0855554963206
80711,15463.749860212665
80722,82.41117842981383
80733,225.9296105323352
80741,314.32570941722497
80743,642.2874630550112
80755,619.3867703778644
80759,30303.26260143968
80764,87200.17801987217
80766,842.9686754072687
80769,719.7328887070561
80770,2171.216923816442
80774,62.53346350376042
80776,865.0867998360537
80790,682.7223283906261
80795,6364.779337292239
80804,708.9132289452981
80812,13.323389461908391
80817,82.84137302875773
80822,8294.42859934161
80837,1056.9742211518894
80845,566895.393340583
80847,16087.437700539005
80860,386.9875470911624
80867,2031.585056374532
80876,591.8300181417633
80877,2292.987437557467
80883,20.92573642597978
80885,1257.8288891032362
80890,680288.1551146078
80910,4784.067617699457
80917,3257.2531713301946
80925,0.9818198178135411
80926,60.932174787283465
80945,319.8227534128462
80950,9741.508963326296
80957,21627.08944227108
80962,770.6409925443933
80967,62.945851080773025
80968,5066.255786311448
80978,17860.838148946965
80979,1784.5299468851986
80986,32.92186314553818
80991,1031.683349993291
80992,715572.6495353588
80993,83.8003265922857
80995,1558.2865106699676
81007,129.36257117196843
81010,611.5559788707886
81013,2216.015351653209
81018,62.142038553379614
81027,272.98881733261004
81033,20.545232041881402
81043,753062.804513332
81045,123.34122084166201
81048,316.16130173346005
81050,2534.5256150377522
81051,928.7086201472235
81054,167.5644302868347
81057,987.350131560371
81061,5204.794836589459
81062,8920.606168062444
81068,2412.558814967908
81096,83.56122558018649
81102,570.2870866981649
81103,230.79463849069236
81108,10116.605444864259
81113,359.6829824996555
81131,7751.531439230687
81136,1.9725561854069258
81137,1667.8265934155163
81150,43.519887742858444
81155,1124484.5091181933
81161,5917.770243156478
81162,299.8931198292841
81179,147.714282331301
81180,2874.9742472040725
81182,34485.968703867125
81183,13.204540557957639
81191,154.58272100650652
81192,58.234966623467656
81198,61.9122061563038
81200,76.92554703420616
81206,24.355663808121548
81215,409.65249088981
81220,1049.6003051418477
81228,22.226581461853534
81232,187.16526891119324
81245,1769.462546442866
81252,134.72874201435997
81259,279013.22736606584
81262,504.83362845830817
81265,17563.117676266775
81273,32.336256597785
81279,216.86944740640638
81287,2633.657229694604
81293,1.0199437787062433
81297,40.84952146214393
81316,147.54301858746496
81317,54272.928603163484
81324,10288.242876162549
81331,7934.309292685218
81333,243.93840965942945
81339,484.8642840303849
81340,5469.62409832615
81357,398.29770476387654
81365,1096.3158211128807
81381,2192.89356337966
81395,1186.630657324028
81396,2366.876882782369
81415,41.137032155816726
81416,284.4309104439723
81438,272.1777080124878
81441,2509.2972695424037
81442,14816.576297586496
81450,264.9899399127899
81453,763.5758078531617
81460,1.014013911678293
81487,1561.000284385843
81489,1737.0441006089752
81490,20252.433358931507
81494,71.60109960236039
81502,1240.1581353283461
81506,48.180080321949944
81507,36.18739625698802
81522,5808.559011102793
81530,31.08124564433028
81540,842.2800463661894
81541,2291.242250242928
81553,17136.471680279865
81555,28.37889004035422
81565,209428.76383649267
81567,2752.569494167925
81569,2905.328521824622
81574,6.422420413690871
81582,102.69291589673313
81584,98.4184239422315
81595,22.77747632889182
81604,792.1412375062699
81606,128159.57422875722
81608,3108.822262759251
81612,46.63115702934903
81613,2023.508218770923
81622,82.14153382947897
81630,29.069964540911197
81635,46.68147359249137
81642,2901.3120860090144
81643,89.31230606421794
81652,5905.556847262695
81655,19448.323721406032
81656,12702.830623424086
81658,195.46340943711468
81661,173320.88731661
81675,14632.800262262837
81686,40.51258048765478
81691,56.714662440950256
81712,259.2358232913087
81723,5751.7351207285465
81729,15.347233928257358
81730,15.646050673565803
81731,28.531473482876905
81738,135.25495846699343
81747,89.0824314026948
81749,1185.4206329265564
81752,3533.466828189646
81769,3217.5094953621865
81774,7.793722999836633
81775,7.500154751292588
81779,22269.869244586065
81782,80758.89624830762
81783,119.77784711698389
81786,22624.20688026777
81790,240.0041414711346
81793,368.46091347331367
81812,4216.464265250201
81817,55.30225637000825
81818,106.51633775285217
81821,8262.799869085477
81826,3077.4900889234204
81827,16287.436751959202
81829,23121.406503615945
81831,246.12671582283494
81837,712.3266573021983
81839,1488.249095474263
81843,64193.21415095099
81851,4355.941005281109
81863,93442.25265630928
81866,1735.2315447592832
81868,173.6252138991205
81879,108.39401404046848
81882,530.732741566122
81890,1902.902818996623
81896,150.09687785835095
81898,42945.8369861457
81900,446.4426282722299
81907,4256.068832746693
81909,90.18060083772538
81911,52.96005155418419
81914,33.49609937273757
81915,1.0502544880768143
81930,241.81726283793662
81932,22593.97223754301
81941,2517.976254154652
81947,665.6787803123334
81950,102853.42988656396
81953,796.1990631894561
81957,273.24202707112
81960,3.8455767448474414
81970,18507.724629247034
81971,4466.804787862759
81980,396.0468067455869
81982,141.41107101537878
81983,474.773975893865
81990,209.6836442677762
81991,132.03407630869415
81992,46205.128747927796
82010,21.27097095079905
82011,388.1741111134524
82025,153.9506098027726
82032,206.24169005394688
82033,83.8414361039541
82034,278.51408195915224
82055,4544.492982151204
82064,23208.876843966078
82073,24995.529784739316
82083,3083.5947966015397
82089,22090.028372747198
82090,3702.0368197184916
82105,178.0982089917668
82121,3612.3155762098604
82127,372.8423843947697
82130,948.2040649121091
82147,165.6916179408469
82156,45.16476784656897
82166,210.9940573779471
82180,1445.9103540885624
82182,28396.006270640057
82184,332.94622218055446
82186,2734.5428176897944
82189,103016.3169721563
82199,6.559608806282669
82214,199818.6508647957
82220,205.4236287461741
82228,1306.4205644136232
82237,91580.58617611081
82249,6.550393909506876
82250,96.19746030245274
82272,12.245545248626772
82282,353.97160622515156
82283,168.83290574825367
82288,49953.789710598045
82319,70257.66532543846
82335,35.26102528200495
82338,18046.456934425136
82341,81524.3954685446
82342,2011.6484460219797
82344,5.24770960575432
82345,1060.7584023549605
82353,5.945190220953812
82358,7068.423990517358
82380,70752.38945460616
82388,99016.77753287728
82409,244204.94816845027
82413,1223.0917163990891
82416,358.08271843052074
82418,2658.0905328755016
82419,177.61115413482304
82423,1819.9275178499552
82434,2059.004103107314
82435,1489.4455795223073
82444,89.18518951322176
82446,192.288203406105
82450,80510.08122154599
82462,5791.523003858383
82467,198890.64422101557
82468,55755.99698643024
82477,771.6752900031405
82484,6730.736088621608
82487,863462.1189476908
82489,3419.762573403556
82492,30825.2172403447
82502,51.632668150517546
82506,1539.3702417019886
82516,6000.223428335459
82518,1548.4795313791387
82525,214374.964107809
82538,89757.69170975508
82542,81402.38872105631
82546,20.255467874477205
82556,41.19958650715157
82562,520.1942592871864
82567,228624.19484113436
82570,0.9993570735841107
82573,305.66936651612946
82580,168070.50534049328
82581,7165.210761543429
82589,1803.6642646506286
82594,5697.767414253325
82603,7345.938442681096
82607,2209.544998385251
82609,548.343702670156
82610,9135.145743732312
82623,108446.28854272082
82631,13064.633665699694
82646,1940.2672944906926
82647,2318.8414682803964
82651,1058.281824540832
82663,9504.628795894943
82666,14370.959441682351
82688,836.1159338016091
82702,176535.20780226015
82712,104849.84432448345
82718,1185.6875176113783
82723,24923.383143847055
82741,2698.358100725885
82743,10596.174386253011
82749,2596.5538442902975
82760,302.0193426912601
82773,7899.304554636798
82781,2631.687574761237
82789,4185.659877763974
82790,1.0759859624962196
82792,42.781554053554444
82793,2545.71541695617
82795,8724.883462929873
82815,94782.61253108978
82823,141.11028683913628
82824,67876.71400856187
82829,21.736757269120627
82842,14163.894194985056
82843,1522.8213133685872
82850,17470.259711933264
82853,10749.541906283072
82855,11.295061330152155
82872,16782.44120220186
82886,2519.233329828968
82893,2147.8521768560886
82896,189970.05895451963
82898,13092.9294393091
82902,5602.300956876507
82906,2394.630947165036
82918,39.33238640483747
82925,4561.861542570581
82927,1328.9490277552254
82930,4111.186113347524
82931,1.0567909535412243
82934,1046.0123544021615
82938,1221.2520917903764
82962,6754.875080584259
82964,55981.539664352786
82965,10956.463473244143
82967,11331.010444789703
82975,3082.3780790473775
82979,961.2701573583643
82981,5207.587350654708
82982,2573.0167138876386
82990,599.5262401444202
82991,71328.52118147747
82997,186.41456134840152
83003,2006.1983507250948
83005,124978.28062009471
83011,10402.39784154076
83023,9.559933045622637
83026,2348.4488646445407
83036,765.410161676505
83044,9057.709959323387
83046,2124.7053236097718
83056,93778.67355278376
83062,3314.829979712529
83084,1340.121951186816
83088,11761.88585623847
83090,156896.68667993674
83091,25255.611270460726
83094,33.20371890996144
83097,5538.8471909658965
83105,4118.514038056591
83117,1249.9019869930692
83147,594431.4351814439
83148,26.94161721135054
83161,772.0496219231826
83173,18.804345421497903
83179,959.4239498664573
83184,399.8969084560978
83188,148.39373039134074
83219,3893.7267331035373
83222,1189.5015694822475
83223,107.53928893806489
83224,153.40217323994156
83236,5.704827282514618
83243,1394.3397102166168
83245,207294.47986460893
83247,3.728831124295565
83251,11089.10976822811
83255,213.65618526959048
83260,260518.94975676975
83262,7.378152338045176
83268,2266.434381611489
83272,90.03601866272137
83276,7608.476953669552
83278,8621.387305210845
83279,155.5829283097552
83280,885.2525366590954
83287,61.46634218676862
83304,280790.869791205
83311,15245.991942304312
83319,11.694249501919005
83330,602.4403385667193
83338,470.524361290749
83339,186.36402566893483
83341,50794.204280434955
83342,540.7482367115387
83343,5625.8516023942275
83347,55012.143260184
83353,4021.4776496711484
83360,6354.177003650557
83362,61358.23438083584
83373,168.67405074495258
83375,243.59617169702736
83390,7.886224347934337
83397,4610.848388352142
83398,906.8875123624388
83399,7.996501394563756
83404,975.4620852734089
83417,232.8772093753378
83424,4513.940405234769
83438,72668.92271951187
83451,539.2736318132974
83458,608.1399036253238
83467,15657.012631049674
83475,82897.02902697238
83490,1566.3087131648324
83495,77010.3606350183
83503,26.7223771852436
83518,10.588961072628102
83530,141788.71128285848
83537,230.98929424478843
83547,222117.29334571317
83548,7790.118671760889
83566,973.088901957799
83574,228652.58657378846
83586,245.15322464460309
83597,969.4068528068805
83599,4531.113954784452
83606,165.32000681971147
83608,24.652991555267995
83613,3802.2241204098136
83618,226271.14741520505
83622,6699.650048470047
83623,266.10806841059974
83625,90543.59456785506
83626,69.0067877786195
83646,82.06289037325783
83655,2646.6163419573304
83661,7394.150113810152
83670,13.07790473260692
83674,391892.348701021
83683,526.6942831049614
83684,9.396746212650076
83686,1168.0368241026592
83692,46.432953229312915
83702,169898.75083874166
83709,13.377096478739162
83721,823.1640726912957
83737,473.92805280504155
83752,56.55432423679143
83753,58256.68314816973
83760,1247.8743811096747
83763,2572.8688535932283
83783,20.753914980924183
83784,355.66302020730984
83786,18.519977933646203
83787,743.8209049697699
83791,155923.63747810657
83797,10.952315048870199
83801,2109267.4664641507
83807,9142.629862259999
83810,737.7926511234826
83813,0.9573549133208925
83819,584.8946937129467
83820,1068.7762213592541
83825,2671.7286000672107
83828,51.782006526731806
83834,652.5732512018652
83837,252.8640744695135
83843,5.202117448002037
83859,186266.60707025527
83862,926.3026645390958
83874,0.9809349515780457
83884,7024.582667080942
83889,20646.30925617554
83892,533.406801815966
83899,4.0902221973432304
83902,28.51032296582218
83905,377.684760725122
83907,71.7703870907544
83929,458.29730523928066
83930,2.0237559959853266
83938,479.9990426566876
83955,1.9912783871248059
83966,724631.4058095851
83968,4913.203272720024
83981,990.9842607793362
83985,421.7068816637261
83989,5222.696868135731
83992,239.1390267559608
84005,1792.252544710953
84015,1218.7034023489127
84019,219.31576916674254
84021,11805.528712624708
84030,6.945101366744804
84034,755.612375656074
84043,1071.6633048488902
84045,6597.652783515999
84046,31.477991368286382
84051,3993.0377849360066
84055,1100.8455833164348
84056,279.4321142523343
84065,52625.659545249924
84067,7864.4744453973035
84086,233363.05378541313
84092,3810.0126591997887
84093,956.2775417741534
84096,38.96475461551225
84098,420.34816235471726
84123,881.4934602924209
84126,59231.20621655247
84129,175.06827316130293
84130,66002.58591002153
84143,271.9177566193962
84149,356.2959262520351
84156,2276.092306501653
84166,4.5309206349399345
84170,274.4982823451156
84179,117.32812803515195
84189,184.19324842329004
84202,590.6773126078501
84207,196784.6635348325
84216,67.19558606018111
84217,271343.4391560696
84219,3819.5588562525386
84224,499.1179606661554
84225,45894.04643438986
84229,42703.10302735115
84231,149.07450027281476
84233,248883.22369071475
84236,3823.7435148684203
84238,6.30794754243855
84241,3556.3782938298186
84242,601.2005119558202
84248,9.887836958533914
84260,30061.55755010206
84271,228.8868651468452
84290,6.3924741413110056
84292,422.86809021882516
84296,1320.3163530407537
84297,4518.831765898323
84304,5.4252075420557535
84305,63.514377527658986
84319,87838.42813856632
84321,17.68044593403234
84337,1126.0403983549616
84358,471.0494065066165
84359,1.9122559705905855
84362,2.6749390380137825
84372,254076.83540745635
84393,40.15076926088227
84395,4396.976086655048
84396,48.88379163859227
84397,11005.21426053368
84405,224.0792633070247
84406,279.1607619546624
84411,13809.90847509066
84415,2270.9314475746055
84418,334.58139614255566
84421,5107.490271013535
84426,4848.212131769306
84433,532761.9251783355
84436,13.702643931537299
84448,27.138615911828783
84457,608.4037760466787
84469,1764.0707791706266
84476,1126.121549952916
84477,2604.6939342104297
84479,977.904204666268
84484,38.296120815631596
84491,6448.434316415778
84493,334.47600920260095
84502,46.08361644750922
84511,793.8551638197905
84515,533.1942301690835
84519,6847.272917545526
84520,33.78287402697354
84527,730.1166101067882
84549,74748.88492031346
84555,152400.72262913367
84557,106597.18863949811
84572,2389.5876069356796
84574,638.3555979277412
84583,47294.52439118781
84585,59623.58645118061
84588,35807.32678769358
84598,1105.0312582102097
84602,1014.1758689107003
84609,53.954283825243046
84618,685.615974996899
84619,12827.170760987825
84628,1851.4331765715424
84635,25483.184638955332
84637,132.95907658495915
84645,23.067549199223407
84647,2114.0344399005103
84648,9.966737343196865
84650,49.45183828571379
84655,1.0093930660866226
84671,2646.960200828122
84672,2451.403564251883
84673,94.43115971199424
84674,198.04647617920483
84681,856.42427111141
84685,916.0316595267899
84694,54404.51244372666
84698,318634.6877073456
84701,420.6971362309934
84715,3721.866329346773
84720,15447.784848719046
84723,152.46073413588974
84728,15144.52495902711
84749,71.44158710496411
84757,1113.0364383299318
84758,642.1951108832548
84765,3217.0026067098893
84767,8976.950749952322
84770,6.20587016167838
84772,68.2416111178576
84773,2046.1947647027066
84775,0.0
84807,1493.5130935579461
84810,2416.5767848478213
84811,5.214386595952728
84813,376.07165654957714
84823,1685.942817970469
84829,919.7269255963474
84838,1704.8445857262236
84844,5343.7955619804725
84845,96.40674495209049
84850,1804.6838408950719
84867,40.25345803209735
84872,39.07250694171382
84877,1901.1027260871049
84878,24514.896167499417
84879,20675.524812718395
84881,11776.164805895643
84890,37888.275637160565
84894,1261.633932877872
84899,2148.4193944814183
84900,31246.311858252328
84901,44.75786464426933
84910,341.63548445871504
84911,172.03792127109094
84914,35.290029149051364
84919,58.154783774036304
84927,26.18358559173894
84931,148.37203084727548
84942,1702.005293950832
84953,49.61275826347027
84956,1939.572401173023
84957,56.65911429096321
84958,84346.37691364254
84968,28726.83701637479
84969,26105.03263767397
84977,12146.600883386362
84978,153.2056907165616
84986,712.1371546537691
84987,1161.482622975183
84992,60.729332717517
84998,383.252678786672
84999,426.55404783275264
85004,4771.774429229677
85012,3335.1173746623813
85015,95.0236914174611
85016,9060.904515037284
85021,1255.4300997241844
85023,44.00925372958077
85024,27672.165132781316
85025,164.47444515453424
85030,33928.457639182096
85033,28552.035568744643
85049,66.54148565840862
85055,113361.06054757988
85060,74.29856279988167
85066,73.86266157770666
85068,721.4919201180759
85071,58395.0275389844
85072,188.54009558699238
85086,114.56904213101069
85089,7114.182452479827
85090,3835.9816097564412
85093,932.8726228231792
85118,58.92078730447503
85120,8228.92007502944
85123,191.24488278776477
85143,7799.107121698981
85150,165.1029359826158
85153,4883.662316953992
85160,88552.0744372173
85169,70234.513878489
85175,104.23807659357614
85186,21430.803007429622
85187,11.615471161582589
85190,15.461364708615651
85197,33365.29866822158
85222,523.4608887873671
85225,604.2480934832508
85227,56.42252096093172
85228,24788.416967265508
85240,3.042668687309731
85251,13.71369469134202
85259,35.1861924109401
85269,79907.60484749384
85274,3425.318019940816
85275,120039.56677148303
85289,19.94395779524094
85292,450.80495032514347
85294,23.66992143925139
85299,1192.0730214258026
85311,1.0479734046082683
85324,21556.547895174062
85329,76.55847812486296
85330,112683.29550143376
85339,7.113429557111053
85340,243.31800978039837
85342,8.401475488969613
85346,40183.18416004321
85351,3061.6946864759534
85359,1967.1185787841114
85362,132.61718659250545
85369,499.28456689235486
85376,72039.67321716741
85385,13320.11544778791
85398,1749.8905219219075
85403,11.15653907056073
85428,2363.5184428538173
85430,4171.275711553192
85434,157.27880033263386
85437,898.9863168107381
85448,103659.62540905688
85450,279.3522935703646
85453,25549.0317868634
85467,4824.717724519881
85472,16575.52098410781
85476,1101.885482051098
85483,19.000123299508967
85485,7.36255092355606
85500,1365.177501378426
85501,189.91368612137168
85513,2239.4906956022774
85544,3489.7300567082043
85565,45.439556355922875
85567,65226.54104590081
85570,414.0980748024598
85585,57.58730145515681
85587,518.6808212479821
85589,4034.089553411864
85600,561.3543044722476
85614,25379.984781803534
85621,1211.384274073092
85645,3961.7059944697903
85649,26620.468343144363
85661,179989.47902487614
85684,5136.339483075091
85685,675.345464668684
85692,80.38880804381193
85696,191.35667791033086
85703,1254.9309101579354
85704,2719.5271006518783
85709,3605.4689132710187
85717,54.84203199131431
85723,48.463338151366955
85727,190.42700368763244
85728,86.27273068800612
85731,13386.500143811827
85751,238.6425632724531
85752,195682.2954227667
85754,7885.732143144406
85772,394.4560569005687
85773,124.64408511488665
85775,4122.460187822283
85777,7.037432560419476
85780,577.4459574106679
85798,68.80216469316602
85803,417.22644439665027
85821,17.05489664424521
85824,441.88326533563423
85832,21202.681795397493
85836,152.1255862589925
85842,3020.660982738151
85843,47.34209148269508
85859,880.9806084273378
85862,343.8945629726686
85888,4918.229396255733
85895,1729.2043841185844
85897,53757.3690756667
85913,55245.13366667717
85917,838.1596711154704
85932,6164.7935715666135
85938,797.0578805629222
85944,27513.818614919794
85951,46.091929903658
85954,324.9073136131751
85955,73.16930833893517
85961,14814.333474809366
85966,2803.44276191569
85970,9776.380515340681
85973,365.5102744039614
85978,10291.806294955693
85990,35.745662932302785
85999,1906.9029169540843
86004,37552.6967511595
86005,52.69848207363003
86008,49235.02456743501
86018,20.625276465233146
86026,133535.71597213813
86027,8.43447656286173
86032,117.53207070759376
86039,87.41921372980691
86041,21.814621490645717
86043,15.562817053163885
86045,139.45079935978265
86047,7082.498975400472
86048,6.7119255646327165
86055,5376.2606227352135
86056,3578.8134867170156
86078,109.2121650822792
86083,136703.63960733684
86089,4.73482185392015
86090,2513.8888531524412
86092,22.258269726956204
86093,4550.411697084685
86097,27.43709517215485
86101,39.868432504623115
86102,3113.4868195937493
86108,212.86634395878812
86112,1076.5294696775957
86118,59.48227305969459
86122,5.979754713275078
86133,12260.499500790609
86141,6364.861879567328
86151,47696.98257054926
86152,29.23067554844824
86153,38202.13435066666
86154,239.85162171070266
86156,618.9557778349298
86175,9573.545682043134
86188,1910.021181191214
86189,190612.81877289264
86200,253.3748602534244
86202,5.177452005423114
86208,16188.307046156435
86222,23157.910460107316
86232,780551.2595700122
86234,1468.8497099084245
86238,25946.255794319313
86241,564.2241072154945
86247,332.8727188016401
86262,8567.437796503686
86274,41.65396599057701
86294,35007.5526689622
86308,15257.2686411384
86314,2.0498678023343464
86317,7963.3981454607065
86320,1.9382094032766848
86323,179502.97122541806
86359,49606.45635896411
86375,25.036108949468463
86393,225.40545108243546
86397,486.72656327146257
86414,749.4807301892519
86437,51423.03180715801
86440,26.93415334144337
86441,10276.463874118852
86444,6542.435803792221
86457,343.3967995638165
86465,25457.35083879735
86467,101.60185095464243
86470,592.2354324302686
86472,35715.684477368646
86478,4.067375222851022
86479,208.84875352885595
86489,22392.757719730074
86490,195.03843494934162
86494,6.686547396617948
86495,113511.60271001628
86506,207.13498411189227
86509,4.9071912119089625
86512,9984.36630280839
86527,76.55899797211492
86535,10106.808114177398
86541,195.0262717779443
86543,0.977191584960652
86548,15843.775952233134
86551,83381.46064101622
86553,250.7339143663297
86564,76315.42765294411
86567,3155.4259183431827
86577,41.595465755179205
86582,7800.353606086022
86583,13397.28415116434
86587,27163.278019058806
86592,2.8490006879079313
86603,310.2177180568373
86606,903.4178336112716
86618,73030.10712639979
86652,304909.66286845633
86657,59.658908442458184
86659,8981.691020887014
86661,20466.796324715287
86667,677.3632831618479
86673,201222.08088166796
86679,139.57311763835074
86684,242.12738528729696
86689,2755.3587590521943
86693,25.318196810482252
86695,1259.695436306084
86697,206.93441359048808
86702,38459.74693079048
86712,11614.891619964808
86716,395.54925977355083
86718,2517.4351122992725
86746,55.90185043755286
86747,5152.76886766
86765,28985.82828362431
86767,2584.19458352264
86768,1930.375264998246
86769,2891.951465161559
86770,155.18596489146842
86776,403.9758699980198
86777,722361.3802664118
86800,11160.790413232728
86816,534.241140167495
86817,195.5456412530298
86829,6.699420114082175
86848,70.92970203175356
86856,4839.733500585596
86859,57.67549925292754
86866,7.099715806754673
86870,678840.0855997049
86884,4617.649683604283
86893,23895.21081351193
86898,1258.7686840194247
86907,321.52495304107373
86914,1703141.2200340817
86920,211.70624490356337
86944,2491.0355531538517
86960,3786.815205739791
86977,28030.530850651765
86979,305.87963286346206
86986,5834.977887587778
86987,375.45539418852536
86988,1753.81205698094
86990,3268.3491634704565
86993,827.2961823757721
87000,2299.9184104393307
87004,2647.786204214204
87010,108.79031434284876
87022,9811.18906327398
87023,227.52937836192996
87032,9292.702877091895
87035,1623.0118030212104
87040,3028.040651129852
87042,158964.03393679822
87053,62.82386686795678
87054,683.1249809714359
87057,5964.768995195624
87062,22007.38027429342
87071,441.4436709720718
87073,613906.5849399586
87075,2500.065437373564
87103,111.57981715817029
87108,1645.0570847872602
87123,2577.9679231631235
87127,3830.744255405065
87139,113.01472570107778
87141,1797.4554445626889
87152,208.1273557491728
87161,32.6096804103332
87162,5494.154664505474
87177,732.244242658738
87195,2777.7973058125613
87204,44199.446266321975
87212,230306.9254470569
87232,1240.2036032740857
87234,38651.65786555974
87238,93061.90150610931
87246,2633.437678902705
87251,2525.149611447988
87252,119.07917901027082
87256,245.78908493570208
87259,3143.5026183431028
87263,10322.227715356457
87268,3019.3729784317156
87269,103.9340454690502
87276,426285.25970434974
87287,4352.428547952477
87288,90303.43484053947
87302,944.5777741497302
87310,46.97236915372236
87326,6659.703857546329
87337,906.3183410275448
87339,676.5397429037567
87347,206.0911826699132
87352,16863.044617559244
87358,55.932857428067976
87364,108.37249865964445
87371,2964.233828904668
87374,18.355846430574292
87378,247871.1540742069
87399,1626.7564416038233
87405,1468.161942273343
87409,71.753308854409
87413,3.1829674342458043
87414,3791.0000869041473
87420,2471.814294880873
87422,91568.01171306596
87433,1107.5588749428398
87436,3464.983126346688
87448,7655.297233715535
87455,23463.09459001535
87462,17.856430015954242
87480,755.6923677106706
87484,265.35559955315136
87495,1178.0340350561974
87512,5402.270336691107
87527,249470.01972737192
87537,188734.76240621947
87538,1049.3654144112368
87539,1370.8527203478764
87541,5436.880127705775
87548,106.41467835590261
87586,932.731589428028
87588,2883.2209715315635
87600,51.03145584123541
87604,2780.393006416009
87611,1299.2488716877444
87617,116.51029900563248
87620,1111.5941263265117
87628,611.0130559549799
87635,728.03189131182
87637,4.745497251641412
87639,1404.5591152357515
87642,837.857954954538
87644,4184.626751418278
87647,2369.1515094643673
87651,5604.856106461234
87673,1357.40897752657
87677,1754.3148036245059
87679,25.889084640782706
87680,271.4306944873012
87684,1123.3325094588754
87690,4.108117213355221
87697,480.6317726609119
87698,144.981585358884
87702,1350.6351816895954
87708,3246.212705136054
87716,144.84544353132804
87722,14372.674478932118
87738,628118.1208103376
87754,965.5588692355816
87756,219002.16011959224
87762,131121.1360497861
87763,18.991305077021185
87772,1509.5650672031898
87775,3.111791197062991
87777,964.9034177998747
87790,17.813165022676362
87792,1.866494719119965
87809,581.1824883068468
87823,3214.8011675048
87834,66.76764073360438
87835,466.5382352497582
87836,23.719478313931504
87842,592.1097168078934
87864,3933.958262137841
87880,1606.869172361947
87886,1622.3594711909611
87891,5313.740283317712
87907,537.6900651317991
87909,344.5000004404756
87923,196.53858269788674
87925,4598.022243319539
87943,1011.216268104923
87945,308437.4618396756
87950,115160.38085233184
87953,516.7567557139943
87955,466.9518798122326
87964,38.41539167091083
87970,837.5590757777895
87985,18.58412511299773
87990,77191.62018143773
87992,13679.912518338124
88010,25.612574393882614
88017,45.420374973357916
88025,33.421399847513996
88026,21708.88463572384
88027,13962.650522127831
88033,97.6182324895281
88035,1844.2586041951392
88040,2.8794950228682508
88045,23049.33608987092
88049,1009.3597256371187
88050,45.149155037382954
88057,478.71209483910536
88059,5.048270890610294
88067,3703.2411265491005
88085,227.40798819030687
88093,26.47887075638143
88094,36.38057368269766
88102,156.24654930161026
88111,631.8283402456423
88114,15426.865227383969
88124,1233.9226542297608
88125,1233.58051759463
88127,792.5345773288094
88129,36299.17410023776
88143,101422.46877895575
88147,1434.9406524494425
88169,8.264468867724338
88170,1205.4358748345128
88174,1345.4868786972909
88179,2089.754395177695
88181,1470.9369526234518
88185,16.580478528710543
88202,149.47814621385743
88203,66073.88315753939
88211,897.028958406855
88213,54.92491818634974
88214,460.8630049840313
88229,695.1509287215292
88244,98108.18972316422
88247,2962.561410934126
88249,48.51783546331486
88250,94.34451685890843
88259,11.569617848377478
88294,55.13268357319044
88299,19268.625408924134
88307,393.51733615129785
88313,3831.848460585299
88316,2408.994843631937
88327,4552.766528878201
88328,35.60737993821738
88329,940.3704214979834
88330,3559.565907806888
88334,12083.83557555676
88338,5955.0281288307315
88344,43.86547545463851
88355,37730.774265982385
88361,1511.0109952738615
88363,3565.9053418676954
88364,398.1681090449013
88367,24610.284789489284
88379,841.4117194673214
88384,6975.444342166738
88388,34.67261748027064
88401,254756.40317967033
88408,203.2116988528131
88410,3994.442874521098
88411,825.6112471704365
88420,782.8400872083421
88430,2750.994366031225
88434,8229.258356309017
88437,6021.072840410987
88443,11.98190316095175
88460,96972.7458414127
88465,42.77616361704109
88466,2786.0958203612754
88481,2812.4432870831997
88501,5.866837430675652
88502,12.882642283387531
88510,691.9608247525956
88515,589.3284159328437
88518,3462.5201073069693
88525,369.21524371816247
88528,11487.607936098944
88531,889.9259491376264
88532,588.0664538684377
88549,45.455715774882265
88553,891.5242903154333
88555,28.355674412415862
88558,3.080137364047973
88563,24.274445373755064
88568,3914.2605108641046
88572,37975.12611876904
88575,2558.3019841689334
88580,4471.519910303384
88585,45922.031299775146
88600,521.7681808547965
88609,1189.1893485647518
88614,28605.330514041332
88623,5.010326983203529
88625,79.60046368764614
88630,1411.0445801151461
88634,1475.2951877912885
88638,626.3840056181648
88647,1767.0533599930468
88649,8666.29767204099
88653,19813.943935167943
88657,4181.883612313026
88667,20565.36228604878
88678,94.77201392651872
88684,213.9424168245063
88701,1748.7428783894065
88704,298.69724048388133
88707,21996.000177717087
88712,26940.60515305356
88721,138613.7200877451
88724,762.8887339432599
88725,275.33267488523813
88730,2359.8844010133816
88732,574.9387670867341
88738,473.75597105415005
88741,1759.0478477692852
88743,13176.436158881132
88755,4304.402388910958
88766,49.41980548689486
88771,109.4459488667818
88773,14.721420420958136
88777,3496.9389575073683
88780,5076.581694157197
88782,23.338293005958278
88788,108.57637261757863
88802,9417.034101535748
88808,91.28903692156332
88820,5754.342383949914
88826,104.02084017631947
88829,39571.27437687501
88839,88.39492463749956
88846,510.18670674455154
88848,6249.885868623654
88855,163.4281367529683
88858,2.1479233064482393
88861,195.0733168874399
88862,642.1952529119791
88877,62928.16450649006
88887,230.22408621029484
88902,2156.421894700569
88931,2307.589032122094
88936,53068.48909656147
88938,276.56103974506794
88945,11822.061366134749
88946,252.08532267149653
88949,90674.06953850384
88950,4.109577007094564
88953,5.7304118427394934
88956,31.246622270750336
88958,959.4424786924565
88960,109.2433659957333
88968,602.5624170473022
88969,412.91158084501785
88973,3.798181660740089
88981,42.66140564092674
88985,44.29412164574805
88997,85512.4466787454
89002,460.9690146113364
89006,58.79984707346457
89016,558.4987734485812
89029,140.65731753537304
89040,1238.0019573271152
89041,462.5736972335975
89046,10274.498949590816
89058,136.73224327975004
89070,2486.215380954256
89093,449.39415281483997
89103,7358.956090963618
89107,366.57877453402335
89109,163.7364242535151
89110,344.4175600847228
89120,4.631226901934758
89135,2312.49870519356
89136,14866.422996531803
89140,156.4105439986467
89144,5.07637841798185
89146,2328.1663136092398
89147,40907.955203245954
89149,141289.9867692546
89155,1139.8099973343951
89170,53.555701874168015
89186,2193.8389354605215
89192,68681.96507001192
89193,212.51857765332088
89199,5213.949008783043
89200,2279.4794283504884
89216,245.7399619398518
89223,10109.110685183015
89231,4267.346743623389
89242,19.49684508075832
89245,1688.8807297761475
89249,4097.32933280686
89257,13.82143158932629
89263,373.53636940108765
89270,172112.17937225028
89294,459.79155016185484
89296,7309.265047738498
89297,5.931310643975232
89307,1311.2395757366694
89309,95.09429892890982
89319,6521.72624767547
89320,141.55197331080979
89323,479.5737525003481
89325,268.1791246211964
89333,1315.6890280557923
89349,31574.970709541645
89351,53387.12391434363
89353,3041.8118202017718
89355,18152.949409656758
89373,8236.211839597665
89385,27.41784675465995
89387,30601.705999789327
89389,49724.618722935484
89410,7554.836529458703
89415,72561.54783556651
89422,63036.071324597026
89426,3537.5398253629787
89427,14892.328114795155
89429,188450.60591056506
89433,3.195811275815081
89434,388.19954056884853
89444,362.50101641002715
89449,2403.8447461298374
89452,257.52021105073925
89454,3123.3733954300615
89457,7758.419199441337
89466,37149.317915492735
89475,334.31302047983337
89482,920.9291593253665
89495,28.988388056013925
89500,64.46446042119322
89504,75658.90489593627
89519,718.191400156981
89535,90579.7431244209
89544,46941.60080779524
89558,1662.447684307167
89560,83.00511061198732
89563,1267.5693552668138
89564,75.43971775279066
89575,197.0250140781599
89577,19.391474540673286
89587,3.8537950379250803
89590,10549.451622342001
89594,5394.282426502957
89598,1645.686872849657
89603,106762.30687135577
89605,50.81225350097603
89606,44.78797395836275
89610,16.449653893509023
89616,18736.915648229555
89618,117.67939619980744
89626,3.914536249540924
89629,28176.676985869537
89631,29355.777470057597
89643,114670.10242005097
89655,3957.5855041878294
89662,5522.449108361885
89670,1.748790172455029
89676,6478.129415223178
89685,72.16053946327597
89694,113.82073500143292
89695,367.83047300282186
89700,266.96339207279374
89702,4.015959178876803
89705,2.0999365188284767
89706,7747.7638803047
89710,493.97710735023276
89713,1301.8495866088704
89721,40.98925410656668
89738,1.8772964181645588
89739,12776.011661329663
89742,453.59123332630537
89744,131.1722082900846
89748,7733.390922076873
89754,4.618481798677136
89756,5.95041431632048
89777,49909.727185217365
89780,1925.234864789347
89787,23530.763427747796
89790,154.98154406284218
89795,947.4023151227436
89798,2340.3522858968768
89801,136.38903153397843
89815,1574.5879731593539
89816,6684.907115968175
89817,14.084912224112834
89819,19471.944369001405
89824,3.9152308973153263
89833,2006.6094211691811
89838,9254.813673988858
89839,207326.344117583
89843,3239.3034719630637
89846,6606.570994509755
89848,43930.457790383996
89858,24035.51421456233
89868,1287.9237966968828
89877,145831.55324698394
89885,31253.541244950586
89890,5183.207858861808
89893,0.9309046069756146
89902,8654.453610464234
89907,5375.000729136721
89916,4529.252271749816
89917,11965.000035335599
89920,21157.65082958987
89935,77.01603747813536
89939,5898.620027694336
89945,14585.10210662291
89964,5166.783727911478
89967,6239.544131776095
89975,11282.290733084777
89982,919.9404023521067
89986,7060.752024992489
90010,13534.905676835444
90012,17319.928608892325
90024,12459.260573615351
90030,2819.8704688329317
90039,17216.862191304157
90045,106357.8877758744
90067,4712.768172038328
90072,3293.385275830767
90074,133.6950950901564
90076,3967.645999387605
90087,2118.337330903477
90098,145089.35813948448
90103,2545.0447558861174
90111,3391.1984487648474
90113,738.4597486399855
90122,6971.150718003296
90123,5455.789898316046
90127,11612.046021709191
90131,4647.291408965286
90132,173.34677082963492
90134,1487.8069005320033
90138,17598.333107137285
90141,9725.211840886464
90148,400.67861746742074
90163,82268.8238831931
90166,935.2630446819351
90170,9780.2734101014
90171,67875.25822526563
90179,5.106891911245365
90195,2004.85067865647
90200,3695.022887867094
90203,39266.446596795504
90217,1582.9419776646682
90222,885.3271993951597
90230,1841.4612733778479
90238,132242.7364604653
90240,48664.25335966216
90241,4219.088855031208
90247,5353.439302275292
90260,1333.296428975471
90268,2920.393250865011
90269,35393.85131950863
90273,3680.6628795282404
90275,114.9128003769735
90276,5872.889249510046
90295,117686.01806913168
90298,14139.299496399384
90304,2.950224391725824
90308,5930.5042149115825
90315,639.7837109427845
90318,1483.2639695164596
90326,6115.452737596544
90334,6657.32707147582
90346,2107.917273383166
90351,219.72562652787084
90360,2775.2027070895106
90370,12290.201759307509
90376,232708.26127904127
90386,1412.7453185239576
90395,124.98188095181185
90398,490.42982728097513
90399,17321.04081272976
90401,4971.741191204454
90407,8981.86372462043
90412,4748.865585332605
90417,2392.405854547823
90423,1088.4299444768405
90445,7402.7173382498195
90456,161249.55775305256
90479,597.5690856753516
90482,896.9952352463579
90483,159256.1362979629
90484,179851.24719582015
90491,49.27624606665749
90500,62689.94161206295
90505,1329.6209165089692
90520,1240.1383099987331
90529,217.08336952014665
90536,22970.672134316585
90548,67.27782678264502
90562,189.1342792149685
90567,3831.9237173437205
90586,70.91770622217084
90592,2813.5793615169623
90594,183421.36058925831
90599,126.47680463457185
90602,47.48061648881194
90603,8841.305696843157
90616,3091.327104357293
90623,1843.5160541644386
90638,6451.59528038871
90643,10363.02045314255
90654,23768.19129492593
90656,4.6826114596985855
90679,1229.5954855775801
90683,254.64278936399168
90694,6816.526824559395
90708,1098.334671503551
90715,12554.625707623503
90729,3466.009601794129
90735,135175.12496618376
90739,14.61798528448508
90745,255.94705875581576
90750,2.838158194765069
90758,15211.532213670847
90760,693303.4682127034
90762,2.0239055779021022
90770,442.32495042527506
90771,2430.3675498423413
90776,401.0060355068636
90781,136137.9023146405
90792,58.39659327429754
90793,21.862542439701407
90803,53.8579787169856
90805,555.5303898343133
90806,179.10804499435514
90814,14.929666765204605
90822,61.030373209917926
90830,16910.71328517897
90845,455.08867332124237
90858,223.47305254149057
90862,1966.467237457074
90863,4763.3481905476065
90868,982.613269081695
90875,10.735771651233595
90877,35.88890570535989
90883,1212.5498635804759
90884,120.60532812024886
90895,4153.457586909
90907,4069.4485168245537
90912,5505.831413772393
90913,71.72557507809294
90915,219589.40015709595
90917,68.65416253543701
90918,54.2093126786762
90923,1231.254796479151
90926,5872.656830677046
90937,2.502925681610686
90941,9.04940721134559
90947,6998.3725721438195
90948,1373.573973049784
90952,731.9436427727661
90961,5164.392903454829
90968,1864.5160043276735
90985,197.67467605770716
91016,7698.665058908253
91028,313076.47375016735
91032,4.893685686229613
91035,4552.574011210417
91036,207.06436907574772
91045,2953.207976223113
91053,132.54967476832715
91064,370.4663824253082
91080,426.59900633528434
91081,3934.4271281856654
91083,735.5103248542753
91084,4072.4643237795863
91091,605.1067425951815
91102,4.675098824337869
91107,14.07673682667247
91110,2.9777001790603146
91115,5976.65900264087
91128,396.3471344620604
91136,117.67037525625474
91148,459.5081376671487
91157,1.031869692487378
91158,11.654203288518694
91160,232.81745051933038
91166,42386.77122827293
91181,1016.1805006705335
91210,85.525696536964
91211,601.9555179758473
91223,18.293582813258972
91244,1642.162536960116
91246,1204.082039740396
91248,86350.03077586043
91251,424.99770314560243
91255,2022220.939746375
91271,113874.60987321236
91278,10887.80568112393
91279,781.6584013897707
91280,216.62690830274212
91285,38.34412719450865
91289,3122.7729009752047
91307,771.5245848321601
91308,637.8851989242962
91315,615.7046903834314
91326,3506.3610297696523
91334,40.423201915649884
91339,1496489.5042784007
91341,2012.1827085106179
91348,21612.911285837446
91357,46.91828461051764
91364,572.1299036200653
91367,10520.116920783392
91381,0.9927605650050143
91387,2916.406055199081
91393,28918.196270712957
91400,322480.08313752094
91408,1290.041959185848
91418,576.958407165509
91436,745.7445427547475
91439,43704.420386791695
91441,1895.6486351254134
91449,284.39450718100784
91452,1380.3049585563856
91454,238.1607123916865
91466,15.434619904228978
91469,49449.05586654313
91475,2.862143132214139
91476,273.77836328434745
91494,230030.3597514641
91500,6932.139887028798
91516,65.84468028401675
91521,2082.672478090221
91524,1431.079837361131
91529,14694.162163395222
91540,759.9640682807698
91544,10897.576517866493
91559,1.8688624772568334
91574,2655.500211914507
91576,358.8182456149417
91584,17125.362226476343
91585,551.4710593095168
91593,511.84139662632083
91604,78.0557827188613
91608,599.8385642838751
91618,1.9276289627686887
91621,997562.107197972
91631,1318.3519964701482
91664,29.157607648427774
91694,181.03622876563492
91697,441.0948527111234
91741,3637.1826445974725
91748,775.7188033856013
91752,268.507079872228
91756,37536.54843206095
91772,35.0873094582455
91778,1113.9047692771214
91784,235.56763542139615
91787,3937.381573121996
91788,17292.92762531923
91792,390.39769971669256
91795,40082.48304715461
91799,150.5165596924439
91801,29.59074822922446
91819,801.0682608895435
91821,9334.50214979234
91823,780.5027216237564
91825,343193.82662244944
91828,3501.050045657593
91831,705.5770851144365
91841,1.9790115248835813
91843,1318.0007200115854
91846,515.2619983483416
91854,5567.075981560082
91862,11263.576054167252
91865,6517.003719615683
91900,238300.9742544359
91901,8.400780709644444
91904,1150950.5511859083
91922,861.6549584761112
91927,1502.5291573371053
91946,190.86670798017363
91963,6479.081205728858
91976,2472.6367796995305
91978,408.31318094830687
91980,234.6922155594404
91991,2.0516365602745235
92007,1636.8043967219996
92009,96605.72998888696
92017,5896.892916801863
92023,2874.2662451438146
92027,16567.193189562735
92030,21107.6306070557
92039,807.3281098124689
92046,208659.2688507346
92048,116348.18909625846
92051,375841.3196337135
92053,27.93263013194194
92055,19979.445400917815
92058,2418.328388211651
92068,93586.56462192205
92080,58684.628354097644
92082,13724.219250689932
92088,1150.145892290936
92089,254698.23861098872
92097,812.9444281377124
92099,12327.029616171187
92105,5761.459740598101
92107,1144.3656507764786
92122,2999.493128824356
92158,4160.03216821261
92160,13563.13548099012
92167,8.493430622927072
92169,18353.892107110634
92171,1931.8109449521799
92177,1384.9471591058425
92182,12571.759330200171
92196,4674.347720983597
92198,18764.553489110873
92199,455.70054282005077
92205,23383.58983908296
92223,1876.1900286824343
92224,148.99874007155407
92236,115572.52054760316
92237,116.40315289970972
92239,6.754992775520961
92245,1167.7942460402594
92254,1821.9240971261406
92260,291.07120861174946
92263,2316.3321951105822
92265,3671.8162856794565
92276,170060.4391162815
92286,1.8900471304125275
92298,335.8756572183467
92302,2.9312511359197546
92310,19.329159259955105
92313,1400.4234244611446
92315,10261.76706384428
92317,780.651454953496
92319,1735.4222724940191
92337,24722.6474032238
92358,1467.4420828996585
92364,253255.6220491368
92368,17.9724972213105
92377,6682.255587198249
92380,5.277462069508153
92408,822.9331388777402
92409,57.384838296250386
92422,48.41293674255543
92423,2114.980755230203
92424,29.547731679424235
92433,22535.98811107574
92436,406.1431027585782
92456,362.52381082360023
92459,1264.1742272845927
92470,808.3342732752478
92471,170407.6033044754
92474,2099.802238254183
92485,335.6400007606997
92488,3.7916251707413
92489,45359.50369118987
92493,29475.123432852943
92498,245.16713975841338
92499,130232.12094232574
92511,2089.106063960846
92514,993.3453107240194
92517,3.0737306785338117
92535,3.045982391460962
92540,142774.58623507823
92544,38.88763915488839
92548,890.4599143063178
92549,42.819277506623735
92560,236.73971344012992
92564,58779.18519652208
92576,2088.446079094339
92580,678.7046676457275
92584,23065.072288264586
92588,946.6588160736361
92590,2922.84253576036
92592,2189.0089065150323
92593,91.48406755207024
92594,114.74566315655552
92597,2703.0787896885417
92607,100.49264203212249
92621,6.793433935920704
92638,833.9782652998166
92640,518.781327816122
92641,1875.6876880353443
92650,3934.4345898039237
92683,304.9358427913064
92688,33.98978348804604
92700,20.45638209897055
92708,106.26901046026708
92715,23355.74823529731
92735,911.1664295072561
92739,32213.628845492713
92770,376.03793631527344
92776,85.89854059113203
92780,107.40659515088888
92781,2467.2330560784485
92790,7483.669814797532
92791,137158.98837689037
92794,50.41204158624397
92797,37.54753657052026
92800,17.94334983277544
92806,1133.989312088626
92815,77.65909634834917
92820,1698.4790733676687
92825,7621.279539398396
92831,5.892912671704817
92850,37.45492440085048
92864,161684.26454616984
92878,281.74994583208877
92879,3368.3702757317265
92885,1.0205769703375116
92888,1130.690345489117
92895,4301.933570091117
92898,5.124612150064913
92907,11.066665791571706
92908,21.801287035921934
92913,58.1687646932607
92920,876.9253911725675
92921,18423.859814609714
92923,0.5733211891636262
92931,54.57140236207609
92935,11.424505121732437
92942,11.687570433417063
92943,156.3251174090515
92958,3.7744718615424673
92966,0.9813353860444722
92977,572.7213044819133
92980,17918.40386550038
93002,754.0986146386407
93006,105321.32094510293
93007,56.415060812705136
93009,15054.04946753922
93018,488.16448339741936
93019,4337.672456448387
93023,142.26489308949337
93024,35.157483780221526
93029,10519.082530711621
93031,3.8399432987130955
93034,4.196808944962475
93037,491.8242458017147
93059,1706.2968027422612
93064,574269.2381353804
93069,1199.084435219775
93075,188571.4914048938
93085,42050.90224753605
93087,2810.4676846648663
93102,321.13616123510144
93105,2.048447708870147
93107,56.36322231674472
93110,54.86132413797936
93113,181.37375112873852
93115,2042.0536804847695
93118,1741.727466271599
93119,24.836928395930258
93121,101.06585378772208
93128,44.298504622700385
93131,9917.61999946502
93134,31.90367805200193
93136,37.92270924584021
93144,1323.4311994384923
93148,26.249812332349794
93152,684.6972825013404
93158,21.50623346182321
93167,43.7406734413627
93170,13475.35688634758
93186,42.1668281519978
93187,97.36118940504831
93191,1.8438061505810013
93194,2.075927784071927
93202,61805.03972002135
93216,2.072328970007771
93226,169.72203937434068
93229,48.108812532492074
93235,111.67231903647661
93238,675.1590623359942
93242,18.002594314074102
93243,113.37997665735767
93245,709.2933819628803
93273,2.0448039029119776
93298,24.013764572476976
93310,170.75212473657146
93311,856.3546797412212
93333,0.0
93339,209.9776283418248
93347,2213.083773303267
93349,2313.3151237023962
93352,96.9618835064912
93357,43.53502898491812
93361,77.08228043130399
93362,151.1383667059716
93366,9.580783963506436
93371,993.1023909404886
93377,228478.138507881
93384,22.700968106536926
93389,39.155355392593826
93396,255.64833243709086
93398,393.88018162214235
93405,130.1246649663414
93413,153.54060595050404
93429,2338.348564862492
93430,107.42392541315824
93438,1.974288480001783
93457,75.17988321130899
93468,232.08347273168457
93471,277855.9414815591
93475,18.520540796257066
93476,1213.2412934234223
93487,66.30306868501509
93496,1151.5535095604303
93501,35.41483312442805
93503,275.3893471413537
93506,772.498968917039
93512,126.10297243035163
93513,244.65299174078183
93540,27578.568067477085
93543,832628.8312795005
93548,282.2484838696746
93553,15.705317572990523
93554,26.28927048388679
93557,1.9430370961534527
93559,289641.20161092014
93566,50.60461100119222
93568,1.9325472466662343
93573,714.6262554325865
93583,66258.05564726025
93590,256421.20568585474
93602,3.9614260850271172
93603,139.50462854398873
93614,6.07587940345279
93625,65.16099390961813
93626,55079.85149154401
93641,2743.365401735194
93654,35.88178367473662
93658,79.47451706230996
93668,364.6486418485242
93676,62798.90332838977
93681,62.78903680101604
93683,62868.76629674174
93687,49.96284916210186
93692,55.27369637067942
93715,521.5735093682882
93717,1.9054621679284505
93718,2.120524098411733
93719,6.180066768357532
93745,276.1947811422523
93746,20.580183955313675
93756,1.9621034876733836
93759,43.31743803139357
93767,5.512176943217628
93773,124.82618132842943
93782,1077.7340337583316
93783,54908.95490678435
93797,627.5256602654326
93818,63.25245471719363
93820,118.587704777126
93822,21506.32438794404
93825,56833.87513261981
93831,40210.14579071422
93852,7.467653295783231
93857,47.23990418083027
93860,37.27694644243688
93861,8.656865925728251
93872,289.9978618997771
93876,360898.593554241
93882,11.641408461974702
93883,50569.41429820044
93888,183349.76125077362
93891,18877.579042790432
93898,1.8168684839466318
93903,8934.949067349413
93905,2.0177916046087727
93912,82.91234193030857
93918,965.8141155910397
93920,514.8625662756126
93922,324796.79927722435
93928,232.78433484195162
93933,33.508049103218276
93935,220.35023828443113
93938,7.906529690193797
93969,972.8721977126443
93978,6625.390023428514
93979,298.23835428183264
93984,97.86951848015671
93985,615.9930816957619
93988,294.5586888348782
93995,182666.1248467519
94000,6578.246904130018
94002,5660.454953267165
94003,1504.0781265440166
94005,213934.62479578707
94008,29760.353731245912
94010,703.4298399528121
94019,216.10683002403348
94033,2618.201355044715
94051,3203.7634694019816
94060,5024.187081410652
94064,2047.994317251441
94066,741.236022510986
94069,7720.828489574747
94074,1749.0354710092402
94089,1.9242837234670505
94094,140786.25792344366
94098,2972.196311650039
94101,66635.08882134104
94104,16735.971134572046
94119,5.259564668362896
94126,1574.3468503255767
94133,18.510464876300354
94137,590.1877446826597
94143,1058.1827275737
94146,514.8999759532038
94150,78.14847708562685
94152,4732.633273170261
94158,28.194446086498303
94159,40257.40918614568
94161,1653.9747464428585
94162,19135.865396034293
94173,456.38371045913124
94174,3735.6675363164513
94186,1809.7795547961282
94189,3660.2249352707045
94190,23.832944663838827
94196,2.0179078811785094
94215,94187.71968003229
94221,4866.025724111351
94225,2400.9045467032315
94247,29384.64772873587
94255,103.93444894916529
94257,56.73903907912173
94260,221.67637086369822
94264,14010.184470395496
94271,804.0714367892707
94273,280616.41972234554
94278,10499.487923393473
94279,107.39679778691875
94290,179.36613638146108
94297,73.24056858126369
94303,34808.51292574481
94311,27.429565134565618
94314,408.85960343369874
94326,1850.7080715204586
94336,83.2725721613731
94341,2573.1533674849893
94348,1081.1439379204705
94364,73.91973365077617
94365,36.45233729377635
94366,10.679258499464128
94367,11458.241413687198
94368,141.00220223472934
94372,13324.511380857692
94390,4321.3221145592115
94391,1649.2873055065124
94393,169.4099832730825
94406,100661.62744216259
94423,41964.23421691725
94429,2946.012503297017
94443,88.09112603579047
94456,4003.7167386762185
94457,37291.61122263587
94458,1190.5326522536238
94468,169770.34514853676
94470,57.39700508366558
94474,43.56166330102532
94476,11308.541604538656
94480,39564.29644914734
94485,77.9597458176934
94489,1996.1108324606366
94512,3260.9915645052056
94521,2260.8206689135227
94531,3015.880155013255
94533,3705.10681751093
94543,117.32955177064257
94546,459.447100280188
94557,1121.9780238443427
94564,1424.753774162028
94567,1082.112727368219
94571,2988.48681011434
94583,288.45024248383226
94586,5085.265212639155
94589,4243.054626175199
94590,2016.9389717852305
94594,158.3809770347698
94601,187.0115034582973
94602,216760.6012883411
94604,354.5597642460847
94609,38.001948623982315
94630,2448.0852121169614
94633,232120.98031479982
94634,87665.5586713085
94642,240.41587835222413
94646,3082.414027077226
94660,149176.23074589443
94667,74.52587642855262
94689,69.8481273517351
94690,229514.0412683576
94701,4110.518723171668
94713,3498.150355148873
94714,3901.460014428131
94726,188.734381974157
94727,545.3181677764516
94750,113428.31908872539
94759,40531.01312285215
94764,75.60838003127128
94765,2783.2612369764634
94768,331026.99776964454
94770,24107.272253841606
94775,3.139118996542844
94781,10.561206627603122
94790,49.971206020309225
94797,4298.408818995142
94808,28.765899215268615
94810,1411.8955634271772
94824,48481.256033683385
94827,91270.15643004699
94835,2993.906213864728
94839,2112.3674146395742
94853,122814.74366505134
94877,8330.423411972308
94894,575.1253740387426
94897,141307.24278711563
94907,5984.554721483737
94909,4039.924184233408
94910,1093.434176991767
94911,62497.989042222056
94916,56.61972379935288
94918,2833.8538919658963
94919,502.3514844468646
94935,8700.132231257978
94944,206.63693520205473
94947,502.331412099725
94961,355.9508090112872
94975,4124.2438538695105
94978,65.17092238033608
94984,448.04600233710494
94986,1730.814773047183
94990,1119.1109883017862
94999,301.0771197075772
95002,51.84078919379874
95003,61.64017643802341
95009,339.3195136352598
95011,6471.321223677857
95023,3981.971013379756
95025,125.0653580129799
95031,19.100744126895233
95036,12854.308584429611
95039,867.3089342554534
95045,417.7591582948993
95067,72.43497745251736
95076,17047.95180103151
95078,25.003176783410247
95088,1832.8006197726581
95091,63.35345612309933
95097,179.8650835678509
95098,28.276815611957343
95103,39.79402809470523
95104,222.55444552935694
95106,28743.53723613893
95113,484.44750771074865
95124,1959.7369694108008
95126,15.473585971641064
95127,25.11702008122248
95137,208.35867259700024
95138,77.76319916489692
95140,1.0911809726685102
95142,159.62302760067462
95145,121.85207136625993
95157,1509.2627100405593
95159,1030.6610187820443
95161,247.02938610734336
95167,3647.586218337709
95168,71.98221150260478
95172,1889.886627096348
95179,6379.549873006372
95184,264.2745945674122
95198,4976.432016111386
95202,7464.054008172904
95203,20.632446435683864
95219,1.6118580911401674
95220,97.32680707196025
95235,3.865668971863299
95252,40.2852585625381
95267,5578.003955703336
95270,465.1668071695318
95276,25.373091663650566
95277,26364.02928458552
95281,179459.68490836478
95287,706.0708815269642
95292,8.22331133711863
95302,14.675484706657606
95326,5462.877560925904
95340,52.122726862700794
95341,24.295100081245728
95342,4243.307666155646
95353,100.58578155225582
95358,36.18676772714973
95359,187.60380519153296
95366,1.0256054709542726
95369,85.23625617543716
95384,74501.02168607415
95389,64.38386228617274
95394,6833.790930274275
95397,47.27600990131587
95398,92.14912800335998
95399,65097.467317902825
95400,195.837839263837
95402,40.69003954472443
95405,277.2171714337763
95427,339.3122754304767
95436,29095.502774410248
95470,15.713868628672412
95480,22.507041639588667
95496,7.926736489605579
95499,4.178984133832709
95502,732.4493398165482
95525,136.28166508601927
95559,5.311552800182251
95561,10.953792059142069
95563,6.952482659060415
95565,8371.324322329803
95566,28.114793891110484
95576,0.9908852201960675
95577,147.3933931151056
95578,710.8454396275486
95590,802.1346824775092
95597,45.41560262471938
95598,7.60451079166808
95629,50.12223706727506
95636,29.809522646387656
95639,9.673557448734458
95646,8.111034681297228
95652,647.6835686251862
95655,129.88377039686338
95656,4152.494157881769
95662,100036.67358967115
95667,46603.28608087009
95673,3.9892250878505853
95678,8.15952213214998
95689,106.62958904902226
95692,119.57489564517365
95693,507.13838160223304
95695,7.165488290157112
95696,3930.5361003780154
95702,26205.378916575508
95709,267122.0782611709
95718,7.447939398765657
95720,0.9455369381560953
95728,406.637818076955
95769,69.5295724136318
95776,251593.31931633776
95777,1672.8747974108312
95791,14.56081371261357
95793,67.71213321872597
95803,1.0027160212867203
95807,44.63404619007588
95812,2.899543507898694
95824,106.49745951058455
95826,24458.826542292965
95832,13.097868640989567
95835,693.9873919505096
95843,40.521410582293214
95849,209686.50133532364
95852,3503.230758572028
95854,10502.250993341107
95863,84.26676360961385
95865,3796.6813732762043
95868,926.87467089598
95869,19015.561883899933
95870,24.91676464742491
95874,60.17132900248028
95876,3219.2945458579397
95882,18492.254832008235
95887,1958.2144235581281
95892,452.8499238774095
95894,42.74452346437536
95896,192.98404634503342
95898,66.32935700693052
95900,7.828002693089871
95908,1880.2229917702036
95915,2901.646743002152
95918,46.64649142873107
95927,20279.67791340982
95936,337.2721603665795
95942,145.52522947719993
95946,69.73551666925091
95948,0.9810458602074974
95956,1467.3187560272947
95959,1168.520632387676
95962,14.907244092225357
95963,1302.1895873758476
95964,72.01956594871535
95974,55610.57386189122
95982,876.3665196128813
95992,20640.474107381044
95999,204.7779760165629
96006,27.78044883000621
96014,75693.82293043527
96020,1841.2069776062672
96025,22.988217439404508
96042,2066.855326875116
96052,69.3765590364861
96058,140.05447216264017
96066,5.117074678779865
96068,83932.83755059156
96069,1556.5868693567256
96074,18280.60008683286
96083,4323.663561035921
96084,85.89590337991807
96086,14.129076946505261
96095,347429258.1460607
96098,22.83518029463195
96107,290.1616417464727
96113,75225.90892237383
96115,31822.927130911365
96116,2517.234366192485
96122,1356.0426228807282
96143,931.5532281243875
96147,0.0
96148,0.0
96162,21792.102346304102
96168,0.0
96181,11.707552117267987
96194,10003.134483217384
96200,17.739960121856164
96209,24.976343492638055
96211,13.104415646109864
96213,22467.209437538313
96214,74.94120602114481
96220,364242581.6043166
96221,155.50123187290086
96225,21.583371924174184
96232,4006.3240951077487
96239,64028.149614483686
96245,912.2466669631549
96249,254169416.3034926
96250,190.59026810142944
96252,78.41686193429555
96257,52.34799097091991
96268,21.287743297034147
96271,5.5615665969683805
96275,145.1333543120547
96278,257.9961121627516
96286,659.1936974246868
96299,698.5154108646435
96318,495.2838853966243
96321,419.9955525581438
96323,292.5310986291002
96327,430.76504754537547
96328,28.982686336913382
96344,17.313839167287515
96364,1286.491344932546
96370,31686.678676722597
96387,3831.1291400931036
96392,1239.728161567195
96394,143.2275410492464
96408,1513.4384906055614
96410,148562.5071510889
96411,3787.402709903057
96430,0.0
96431,0.0
96434,78329.04167822887
96441,22384.752124842427
96444,10215.76247448881
96451,524.2039589991099
96452,326222332.3130906
96456,17670.535440121217
96459,6947.331826260294
96462,124.71317211834538
96481,24124.032478341785
96487,1323.0943842070626
96489,401262263.12177145
96498,4626.665830759549
96505,109.35644318928166
96524,19.612422264851524
96529,263.10875037440815
96535,11910.325483734729
96537,1.9046308871919388
96541,786.7445373844265
96544,571.8043749361301
96552,4757.061846283581
96554,706.1655091779165
96568,235588216.39169496
96573,7779.689745210008
96583,32553.39166052473
96589,724.1274973995581
96599,567.3623910574892
96602,6.828140736997879
96604,575207.3738692203
96611,534.3556873775833
96612,124.75416496394989
96620,6828.135073637203
96625,2171.2763037773584
96626,1.0183052727703943
96628,0.9996562031003497
96635,87220066.61021261
96644,28.317633670129393
96645,1.9438910239540401
96647,2987.1825178087042
96653,7885.469295370007
96680,1317.3965961176923
96684,7640.084737201467
96693,257817.68568399438
96707,0.0
96708,7845.448556700462
96714,4704.938810953571
96717,15382.304579906979
96732,1.0639044176896777
96735,103.9701573623329
96742,8033.550312347161
96745,846.9402273320907
96752,1809.0460008771472
96764,5.6017467102222405
96769,7598.417075907485
96774,71059.03282011054
96778,4645.253942549475
96781,677.2579331102254
96784,50671.48870729133
96788,2982.234845249274
96789,1229.5829125599817
96796,6.237710816803794
96808,3628.029216765423
96812,729.2228871045721
96814,1235.8593405888105
96816,40.024829500986726
96833,0.9690939030664946
96850,4638.639186326061
96852,9.8917815948855
96854,2.0586912809865683
96858,24773.37641477256
96863,5519.189814167969
96867,520.121876075783
96869,994.8678117113661
96876,2610.1180880173297
96892,243522.17817954044
96895,522.5189162049719
96904,601.4316831642612
96913,95.60639316770978
96917,153.50388820520422
96923,13161.949273988399
96946,606.1028721086312
96947,4.72003528630496
96956,15430.026489832002
96957,4672.8156334400555
96963,362.1513393979301
96965,15562.514592010068
96978,12718.166340776143
96981,37893.361856205
97004,10994.12382326604
97014,69777.06714554153
97015,433.0074438089703
97034,0.0
97039,733.8388856251089
97041,88610.3842117606
97043,8357.025079208335
97049,0.0
97051,3902.0259416147533
97065,255.4661992094967
97068,6171.701012251943
97069,9112.439153254418
97070,163.50200616898417
97087,5648.150784582985
97091,845.1494450108918
97093,59221.40398615549
97110,0.9934122155320303
97122,7916.687376318005
97124,194.4673039624676
97137,163.64186584578368
97142,437885937.0898619
97143,351.2010529148323
97151,31577.575622042757
97156,389.3472622683045
97157,181.11414064315744
97161,5008.199177784612
97166,24443.642969523295
97168,392.1282336673725
97179,2511.290324876121
97184,34910.09688295462
97201,167.08528273907308
97220,460.7954992020023
97222,13628.083545345318
97232,6962.826288345519
97238,27940.402595602765
97253,65.67931700925065
97254,2283.414324639323
97255,24492.869188107412
97267,109.95647846085663
97288,9901.864744519098
97296,21406.66929921808
97297,21416.63759282511
97302,15949.141746707817
97309,0.0
97311,3387.8416934028164
97317,1.0591566209022256
97327,21037.56697466809
97328,457001968.2358996
97344,7531.169522612841
97345,0.9955184289519758
97350,1.021414305853175
97352,475180583.9732981
97355,3195.761725262793
97357,230.26939950154951
97359,4677.754131486013
97369,412764866.357717
97372,3090.728913055689
97373,14595.177830972214
97388,21.27096488559213
97396,1.0593526648484937
97404,50.79453200321205
97413,0.960208849837368
97419,452713096.5869982
97433,438506539.17038363
97434,79.65479093455225
97443,30378.712133302663
97458,5976.151675943296
97471,4825.249019960007
97474,481574189.8277589
97478,6400.721941999524
97483,6526.492063590048
97489,34468.210987933635
97495,558.2312306165026
97497,1.055032518432215
97508,1947.728055224822
97523,252.78232752102912
97525,17254.74949274696
97532,231.04344966002316
97536,13.397731167057675
97540,2548.65659037165
97545,263.2526980276459
97551,9960.922257143191
97554,400029670.1870147
97564,1360.044860599187
97578,0.9724629789365868
97587,3148.5411344022177
97594,0.0
97596,0.0
97603,549364.8688507319
97609,0.0
97610,1345.643312901893
97611,12387.349831084908
97615,0.0
97619,1318.2440130262999
97622,0.0
97623,0.0
97626,0.0
97627,213.01622382609565
97630,279.00161109853326
97638,432010797.35316163
97641,150.7304724079647
97645,5484.649437140474
97651,2892.3534842041468
97661,4.121399122915755
97663,12145.486148328886
97664,2864.235882809684
97665,2407.5314435741852
97668,20.880419043688462
97676,1354.1113045820412
97682,39.645179278101935
97685,446.6461761585741
97694,1378.7550863902145
97704,1486.1103533848006
97714,2107.073331692148
97725,4878.8675257686755
97726,1411.3304781960562
97729,2064.805613328241
97732,937.7475314742409
97734,781.2225682294556
97741,1423.3509715456341
97747,811.5394515239936
97749,7544.004097692547
97770,361.4669971419158
97782,658840.5768840264
97784,2208.9193836602026
97790,6481.150599768536
97791,21.184801152025816
97796,11.443091724677142
97804,373.09966088545286
97816,451.4920109884919
97824,801.2779630013963
97829,224398336.3674006
97830,570.4249197640698
97840,1381.6875012306302
97847,82.24257313810628
97853,2.039181390239897
97858,0.0
97859,1440.0936539390254
97868,15483.49035858588
97869,0.0
97874,145140.45766165966
97875,0.0
97892,27.426312702925525
97899,0.0
97900,0.0
97904,1870.897274995688
97921,333.5760214916037
97922,17083.7501114864
97936,361.41441534934694
97967,15776.041836762777
97984,984.6379831401173
97986,124.52227328657519
98003,228566.76574101357
98007,35450.18742175348
98022,1024.0274796799893
98026,126.7499162605599
98037,6849.386458879439
98039,26444.665286416403
98045,116010340.98661536
98048,18910.301688259777
98049,55.1972516539981
98073,781.2626457576301
98076,16694.62880036677
98077,3277.710497667909
98079,999518734.7764425
98082,286.4973818541598
98093,690.2876025865334
98107,184.58292235008443
98116,13020.177435013858
98118,2184.725078696815
98122,93.0028171521193
98124,74710.27189481728
98131,0.0
98134,0.0
98139,615.6833685932614
98140,20.768912977427124
98141,20598.19818760974
98147,22976.997377113985
98150,81688.45524318148
98161,2267.4856911530824
98162,923346855.9727637
98165,25.83547141252396
98172,224.96017680214476
98178,13448.309781353533
98179,19039.432955998112
98184,305.8024069722642
98187,5030.976140441469
98192,1847.5480498492052
98193,1.0292977208171896
98201,412.79392727005643
98219,1.0685906685675401
98220,1797.3235201634836
98222,293.9283371123152
98224,52655.24253570034
98230,9620.128423365977
98233,1170.1988859410978
98241,1226.6213084899523
98249,194.24869605793572
98253,196.06143729594774
98259,729256687.7785251
98261,47922.67599484481
98263,2639.1634825277183
98270,737.5750463259849
98271,898629074.4726323
98272,242.16480631915866
98285,426.03074140103024
98292,873.6180059026076
98293,3714.648509509173
98297,11575.46292482939
98302,451.8061963734216
98307,759.2176086238642
98308,2433.2901664268566
98326,231020.74899920894
98328,168.27161018240903
98330,9352.002859884708
98331,58989.433873010326
98341,9951.936532023154
98350,422.381369130054
98354,26137.036801524217
98359,9450.429068076499
98362,5422.821358377305
98364,413.9161602013491
98366,3011.112252853981
98371,3.1176311603326545
98376,56148.88044258719
98377,658.3253297805112
98378,0.9398811846334404
98388,11173.787109678013
98393,65318.760874252854
98394,0.0
98401,766595391.6622456
98406,0.0
98408,0.0
98414,3922.1003197551427
98422,5402.085538022584
98426,0.0
98436,0.0
98439,1584.655657843125
98447,3.9280607555577474
98448,74.5537679878562
98460,318.2637171391328
98462,7256.22285912048
98464,4715.721396464921
98468,5.27073385253357
98470,817885978.7614803
98476,19305.612680972685
98477,10248.741463891734
98478,0.9414578900337528
98486,824401981.5667069
98489,194770.31754930847
98490,483.78607792424333
98500,5246.250548008284
98512,50393.65019517088
98526,44937.57846149151
98530,227.8018550776099
98540,480.6716073636784
98548,33.58305545033091
98550,23161.067242664536
98552,1172.4254474853437
98554,1555.3931046939047
98555,935524582.2441747
98565,509.43206608364005
98568,1078703773.0101025
98574,29.71358084373142
98593,140937.14125617043
98594,491.8439746316692
98595,11709.235733481335
98596,1008.2843700261794
98598,21610.04770761001
98599,113356.48527210767
98600,641.3808119927348
98617,5614.582195788787
98618,1066.0318166379927
98621,14932.223149030391
98622,1840.487854418826
98628,105.82809747742886
98629,3170.6896113410103
98647,224659358.35877442
98653,1533.9072470556257
98665,182.82108833802968
98669,151280.20850906387
98670,3387.4886402491084
98676,1809.6049246871532
98690,134397.34096072539
98695,120918.72072291654
98697,5530.289889792398
98698,1652.3417777875707
98716,19.752450611286513
98723,31554.296406285088
98732,10313.221585172781
98734,1110.3639651416395
98743,837.1179222385655
98750,22.024928006111637
98771,88259.01194358918
98776,3195.699287390376
98787,11.303088424081047
98791,1160.9135952821584
98805,376.9498226601956
98808,18862.964797330736
98810,81341.82855410462
98813,1962.2995238634985
98818,95528.57253735836
98831,996.6143197708246
98834,405520379.4666118
98845,248.9613810492779
98850,102880.01552833349
98852,326.9029038997491
98860,113112.5565062371
98862,1310.9423247973157
98884,9507.076860150037
98890,47429.95292887065
98894,85091.12069623226
98896,11105.827591414583
98898,148757.8316516503
98914,892.0424131077012
98917,477658109.7816295
98922,10.82369485978818
98925,418.3094480497762
98927,107.9933153996148
98934,2066.849897553482
98938,13109.386662761977
98946,4211.362632478547
98950,69.28460996627322
98953,4.099111411449907
98958,61520.86930352839
98964,1378.4607099762857
98966,904.5170941344708
98967,301.2608399213556
98974,74.78738933150636
98981,1528.2054175851815
98992,18024.58315927272
98994,46.2372593108714
98995,388.6762511951812
98999,11165.15684070769
99002,6970.114938863608
99006,1141.1646369737061
99009,60.177765861741456
99012,3.041339006456993
99025,119879223.00860687
99026,1376.7483970503736
99035,1393.1144131165056
99038,122476418.81433357
99044,4127.073303195986
99046,6406.887096518944
99047,1381.739325285084
99049,0.0
99050,0.0
99055,502.707803935751
99057,638.5428041399393
99065,1562.8027486999113
99066,66717.94678369306
99067,0.0
99092,3927.692787076448
99094,0.0
99095,6042.865295022149
99101,4508.319743280185
99103,17674.655953735644
99121,113447989.50404994
99123,1781.8455394571583
99138,54.0111845674824
99144,553.2631170585148
99155,3317.491550555528
99161,12.285571647037493
99165,2986.644273502492
99171,5675.428365039954
99172,527.2216470828494
99174,861.7923784475734
99175,11.619543362504526
99181,312550.606659313
99184,221.8641712915375
99190,119689411.34142599
99212,834.1194962598062
99214,707.788000440082
99218,298.548861329791
99231,711.6706489966607
99237,9538.357379032142
99245,832.4093882945992
99246,17781.284470590006
99251,978.1489061350809
99272,156.59865475140091
99282,1410.6688157940298
99295,1200.449404867056
99296,707411013.613167
99312,31664.734918616796
99317,63.677256792393045
99326,0.0
99327,1148.62276338137
99331,270.9764266339924
99334,0.0
99341,618.8612519901593
99343,357.51038449500214
99357,3535.526222992434
99364,2234.246610660283
99366,0.0
99368,462355.36561057495
99381,79.2424333452583
99392,496.0083142489237
99402,603.9835455199282
99417,505.8725143714613
99420,38.12450591665807
99421,166.40597673632507
99439,338.6535616503008
99440,444.1806163984043
99452,561.0326464112323
99465,1098.7283969415087
99466,421.27367597243676
99467,564634863.0851554
99471,89.53207769349261
99478,420.5188369854431
99485,155.95174230950616
99491,501.93823543711227
99496,2892.958251600101
99499,79.76777602189976
99504,162.20263202641385
99506,14341.540845272611
99518,448971.15591601067
99519,74267.60068615274
99521,69.62806148395313
99522,14394.072168797753
99531,116.01208891772902
99532,41068.177360364214
99541,292.01044171081713
99543,37669.70994309671
99548,16129.806610782802
99555,186.93200241685165
99559,45392.81863516503
99567,514626714.8452821
99577,17.993673295743516
99578,25340.427912760013
99586,1893.7744146165433
99602,1467.010563171992
99604,46503.07002048033
99610,19934.88617314434
99621,0.0
99641,42.133998331413466
99646,20.814637426576507
99650,1198.783818567489
99662,22488.634951383494
99663,5134.096606540434
99664,24902.50894146651
99668,243.54243027009122
99671,213.63147751811402
99673,7348.866196693261
99695,98.4727606132427
99708,61.21301033325736
99717,674.6046435840365
99723,27025.833704934674
99727,13733.939523556497
99734,129975.35830504977
99735,151.15881737128208
99736,28782.826761278637
99741,609.7900817581695
99742,717.8297797901724
99750,2.026191295209398
99753,171.18868970827884
99757,24258.13350982839
99759,19365.852681902397
99768,61.95710892534188
99774,4961.375186590208
99778,410.65689552382537
99791,76298.5798366609
99795,49101.29219117255
99798,675.8681529391965
99802,563.4637003152023
99810,924.4484931787271
99811,26285661.067280203
99825,42332453.28079099
99831,27470.254798998176
99833,6934.160292929454
99837,306.8600937634365
99842,4044.0237552624835
99844,115.77928280654535
99861,49856171.989307374
99863,795.2693223124428
99878,289.97902717782
99891,342.3490554293287
99898,0.0
99901,205.2787162276247
99913,107965.59571387275
99926,5902.672611601392
99933,188.570562530561
99939,1.0475254405748773
99941,5422.113896940278
99952,22547.131356842547
99961,533.9303502803954
99967,511.64662719148856
99969,3.0041489414156937
99971,1.9782287406218013
99972,7869.2033756547235
99988,4627.241944096144
99989,365.8718387478254
100005,18.57014231509793
100011,5664.010691870861
100015,360.5083294689087
100022,2699.146669775093
100023,5501.848919947595
100037,92.35695055239407
100039,561.3647773307923
100040,24445.47775278134
100047,671.662404020665
100050,171.38345232803258
100055,60553.68882598531
100056,485.8340642133694
100063,689.2051073444333
100068,116.63615915338787
100078,145.29807931585916
100079,2.9159371966423087
100087,7.42514553486348
100089,4915.380913212286
100107,46978.732965627874
100116,26040.21135522368
100124,3627.2387449216717
100129,1930.2703894375604
100130,14.161676327021743
100137,172.06330225699782
100138,5246.954062236209
100154,771.342194938753
100157,3484.249102348285
100162,680.119341520919
100164,5130.333448970644
100165,471.98368182292774
100171,2.0790609968021965
100172,57.86084723637026
100181,147.64105182335916
100205,6.071332442106115
100207,8.780541680766072
100210,214.92928629683703
100215,1161.7792244443924
100221,4152.310993250248
100224,5.366191223663385
100226,198.72493300964118
100238,1130.558607303874
100265,142.83220613738172
100272,1619.2207684508992
100273,217.28618549749345
100274,385.924505754756
100275,74.31349550586613
100295,1172.8410296201193
100299,9328.583980071464
100300,34.383194417053545
100302,0.0
100303,0.0
100319,431.12847078876126
100335,20.144459137632285
100345,228.9863292934013
100347,1.0601481084291993
100354,43.48574755179808
100363,278.18157380188495
100380,1280.6892940544428
100387,10124.955516368425
100389,40.722669596996745
100394,277.487756418528
100400,9579.439484957195
100413,7491.3302390763065
100420,4.1298755788918164
100421,157.49540917368466
100429,2926.570635541995
100446,181.137401360117
100461,18.8538640927744
100463,129.20481214310345
100464,66.23261184512575
100466,250.89900965193166
100467,64.70693915154624
100472,903.1868286634287
100484,740.4079311231167
100502,397.2291697598138
100507,116.081790558702
100512,63.3201601818578
100518,60.726705320360246
100524,1954.1464204311544
100530,542.5564707004453
100532,78.18121167041491
100533,1128.7952810303316
100537,3303.1024058518365
100548,2.0345398580681833
100549,2859.9304084578835
100555,14.13186642923141
100557,33.95939049039203
100568,1099.4662939628724
100575,112.43326448838688
100583,540.779196820525
100593,4838.716610941725
100612,4.762954741949347
100613,14.523685378328729
100621,201.44155116809995
100629,1025.609390931657
100632,0.0
100633,0.0
100636,2.0880085746418517
100643,0.0
100645,0.0
100651,1336.6934550514475
100655,709.7802345129885
100665,24.325101352046623
100679,9.340251037360618
100681,234.28755437260617
100684,12381.251525468213
100691,130459.21785422009
100703,11.040896279921379
100710,19052.515433132983
100711,1207.4019773677749
100715,7.245839207986183
100718,1178.1187754481737
100725,11457.761344287193
100747,725.1480595076141
100776,19.637633783969413
100778,160595.93691752583
100781,202.91986950242125
100784,0.9636218534428074
100785,1114.8872202977361
100790,347.3102112607292
100791,69259.80667794224
100796,933.4888263824512
100804,90052.41768579543
100811,194895.5805167763
100813,168.75857706808821
100815,48.17802465026025
100816,2502.0268596762094
100819,11492.610749851274
100828,812.5677274485593
100845,3274.4115613049453
100847,11563.787509146228
100859,708.2829293183248
100863,3593.763889539051
100875,1823.4232496813881
100876,585.2395141847378
100877,35.373621622451346
100878,7488.454698721346
100886,27756.957680101863
100899,8327.700022897066
100920,5849.312312867214
100934,33.13082850180897
100947,0.9149363185255659
100965,7088.749563854705
100967,952.9960939267922
100970,653.689561328773
100972,224.06253537153557
100973,1.0397032668858153
100976,5743.025547783963
100981,64.77735687529673
100982,72.31853819274217
100989,1.013815880468103
100992,124.4041094723187
101005,5265.147886719071
101010,98.25045701080442
101016,1524.1016017217364
101017,1.9146229762149725
101022,192.23951033924126
101027,1986.9965362997827
101038,2829.978422001848
101044,0.0
101061,0.0
101064,2.089648262436371
101065,228.9302039806172
101070,10.934756112481983
101075,5789.871717807444
101106,49520.184082911386
101108,0.0
101111,2583.012195917432
101113,13.696999626600457
101115,125.45929456223188
101118,7026.6459615572085
101130,5097.0600125389365
101139,4391.012516469279
101146,422.3232430638695
101161,200.27650097177178
101181,189.08213082610266
101183,4782.445672941997
101185,6.753372293849254
101189,6429.996828910764
101196,1702.607119730263
101203,4992.645955934879
101208,7543.032485181634
101209,6.311492518880995
101230,13418.986833367104
101249,136.878198640806
101277,184.37475068852248
101279,5861.232303072401
101280,401.9883470918833
101283,35.23444319677016
101303,121.49054752425235
101315,2286.382900586565
101337,30.24268191481142
101343,179.59436128958004
101345,218.71509065314456
101346,294.1807088119747
101357,7.785324068536551
101372,7776.02681217352
101385,91.24363629292851
101389,5163.09412136088
101392,609.017546367611
101395,5.238897783631056
101397,431.89332831450366
101423,178.15717549162423
101441,22.64272055884579
101448,530.9136918972926
101469,0.9750281933583925
101479,107.09079181055627
101482,3004.8206625932935
101483,68527.21526210882
101494,1570.7874161909626
101505,15.509028536365697
101507,231.1962259615746
101511,91690.84959100203
101514,1807.964948827402
101518,205.11984371961523
101538,344.43502060503045
101540,36.65466538730568
101550,1148.4802321556522
101557,61.79359082520551
101569,38.57305029737946
101579,5795.300827269053
101581,69.42713375722343
101584,1658.4743112736528
101586,0.009316404455209237
101591,0.0
101594,0.0
101600,8416.129307084222
101611,24410.337377355205
101621,7923.862767268442
101627,4133.113599083776
101643,454.12307561004934
101646,0.0
101653,677.4530657670746
101655,916.2975522349468
101657,57.11922136277505
101658,0.0
101674,1788.6785357598574
101676,3.009959790632828
101682,4816.397765627905
101705,62.85193274930884
101708,1562.714063568439
101747,999.5090274713967
101749,33071.9612528433
101750,860.4046426574063
101757,5.1856608944366345
101773,9275.084299979486
101778,785.9831962856101
101791,143.06456036684094
101794,14851.690597379644
101803,2049.4750652236035
101816,8718.907506046216
101817,29834.692646609114
101818,10.724194338014339
101829,60.55149820753125
101836,713.1170903227271
101838,46724.15222075512
101839,1314.127709863873
101845,2846.625870389939
101846,3280.0739963485134
101873,1111.4008905644296
101879,2216.84410003352
101881,25.71645445683761
101890,156.36138735666398
101892,141.41196819309377
101906,48.85971427599769
101912,1.8699980845430992
101924,593.1313556252726
101925,351.47819001344664
101954,929.845294613348
101956,9163.272879645181
101975,24947.133726093023
101978,84663.76515356159
101982,195.9686373929615
101985,13014.305391390033
101986,27.297098192268482
101994,3788.088636200963
101998,100771.80533451914
101999,178.13549379316873
102004,354.4105410865399
102006,186.84761722681915
102009,849.7785466695113
102014,176421.22960588124
102025,1611.427457434314
102029,168.27713067768167
102044,111955.7327364201
102048,548.9480241290712
102070,617.0489265825045
102079,72.74931997699585
102088,257.7134208299639
102090,101282.2286323096
102098,71.81447552786827
102099,0.0
102102,0.0
102107,1139.6170419628238
102115,956.595064649846
102122,120.83233939995625
102126,4257.57510958947
102135,18617.26499622166
102137,2765.4878495016046
102144,0.0
102152,0.0
102154,0.0
102156,0.0
102171,238.7463560580436
102174,109.33943998722432
102175,3694.9018536915714
102181,129264.00741459984
102201,3161.817628563744
102202,17365.761066935906
102213,19107.314354395683
102229,1825.3949031462032
102244,12.15214225818604
102248,64039.384411979474
102255,86.25013664145517
102270,17258.197456834976
102280,2713.2150253603963
102282,169.1855575357038
102283,746.5112630492804
102288,182448.73548690384
102313,60109.12407976267
102314,2008.0491992430455
102317,1699.10122218039
102321,49.06119885931725
102337,4395.122229460906
102340,21.59579863636543
102344,365.7787819690472
102349,137144.53749824304
102354,14803.684443136619
102365,284.01766463053997
102370,868.9119031327394
102378,8.431042834200563
102391,1697.710159589327
102397,24.249234052313017
102408,146241.13121250094
102410,417.9337555128107
102413,49.86605348097232
102415,587.1645823109607
102422,15317.331192148553
102442,37.42787670693832
102449,1.9206153031450712
102458,277261.6930346791
102460,5945.260295263272
102467,99.0992122266967
102470,7681.114297765244
102483,32045.72891454441
102484,0.9787568328906466
102496,11984.119634107361
102504,1896.0146638647068
102531,81.88499470896554
102547,1974.4459778570897
102558,0.008965593406982178
102576,0.009889067613253491
102583,0.0
102586,691.3955877719158
102594,0.0
102598,1966.9521907828916
102608,11209.519622043807
102619,71.38915061241798
102621,1139.6776742020925
102626,5775.239305693438
102633,44496.43041435595
102647,131283.64431125464
102650,1504.8504887526146
102654,4496.107294914659
102668,184825.3894092437
102675,34843.79613305746
102690,0.9672834820221679
102692,30.552533141569075
102700,12146.683915628331
102714,0.942070256161381
102726,3.0630594122135366
102731,22.67319433832036
102733,1639.0249791228935
102748,9171.834945312956
102754,3567.7715657684785
102757,13126.693337296747
102767,53255.30928279796
102773,9607.470366067553
102784,10.412810491003437
102788,1477.1777524281797
102792,241.48430659343393
102794,5.58265159778093
102803,28.172366109459144
102808,520.7571530258931
102818,1.9034493463114646
102824,363021.2310669865
102827,1140.023649546198
102833,87323.98258547469
102836,1621.2367429060218
102841,13747.534360606636
102846,346728.8981478152
102850,9405.288211335972
102857,1149.1335409002602
102860,503.4112660568477
102867,273.4902488583869
102868,57975.51841859116
102872,126047.61794522965
102877,1938.4945830089769
102882,76245.54181115428
102892,516.7092621286231
102908,38.92843906687748
102913,2278.638541740524
102917,216.9481602681237
102920,6653.959089266142
102927,4113.832670291555
102928,148.04092385862774
102940,94.42502069991434
102942,6982.057406041883
102947,552.2625816373795
102950,2601.2568606837694
102953,446.8464883277588
102970,0.0
102977,5113.126137366817
102981,4.788729077411105
102983,3690.3613298333917
102987,66.38652332031972
102993,1945.1740784887622
102994,0.009199010405400495
103003,120.46379996599723
103011,880.2448213501003
103018,7.382887056116941
103019,1159.2464461580644
103020,3238.5130030959012
103023,111.7207330008981
103034,11881.770751576754
103037,10.951477541174974
103041,3665.4899300332304
103047,37911.36127897014
103063,8.876293418056578
103073,154.11642566995226
103074,117121.71064905458
103077,325.9669184352176
103080,48.004810099545594
103082,21.70372733447175
103088,11.109661281915503
103089,126133.89711438847
103108,1345.5426046685
103132,1.055338316786417
103141,167.2490939844635
103142,2822.8084515528417
103148,353.2492367995117
103165,2.886450646266393
103174,259.2788035769438
103176,484.1829423125104
103180,28.794278498392362
103188,1.9133288332619798
103189,760.2147408368294
103190,20.870378237167287
103194,268.68873196541614
103196,2455.1256145007546
103203,10.060006603193425
103204,828.2390777536868
103206,1119.2562365901504
103209,6.014254347056556
103215,1.0074901754940098
103217,10.701183327508499
103221,416.62336940067314
103252,303697.7216738101
103265,8.004504683675778
103287,0.0
103293,14.328580348088304
103311,10.250299802665024
103314,14551.569167449143
103321,505.5737232278708
103322,2627.3948875700175
103331,3994.401323543741
103363,145.94083172593287
103364,4376.040548311031
103371,2412.588075815244
103372,86.46442114190434
103381,298.87848309479574
103392,15130.628727490086
103393,5439.946290512461
103397,465.0027683081723
103407,11.307891845850255
103408,94.58000805585478
103410,2.0286820480223837
103413,0.9973016243599964
103415,465.0418420005559
103418,7935.369694862227
103427,13.343192406388352
103435,12469.675216268588
103453,5442.67119606943
103461,14444.49946705733
103472,1975.1197474322278
103481,2241.735532764464
103485,2773.8688188004985
103487,13.675595923622897
103488,4.199120929285299
103490,3.0609149860252347
103492,383048.00046802993
103493,15.247806021361583
103495,12.845650747272511
103500,121.66299954007683
103508,21573.813636977935
103512,46.26087403692067
103517,54.09365666098735
103535,3.0007109614563436
103545,631.7127487267527
103565,76.72025527451206
103566,0.9840081898686369
103567,119257.51185319792
103570,43552.21181506229
103571,172.18506765058183
103572,912.7065491724452
103583,1464940.0965001325
103586,27.06109050573884
103595,4986.710676622991
103597,605.8209947314865
103605,244193.72340321782
103606,6795.377860702965
103608,4879.554434221703
103615,12234.348990240373
103628,7.402130020545586
103647,3540.8441787882234
103655,543.7278615440326
103656,6.2247658872165825
103658,7693.310199451094
103668,85.83652025666362
103672,652.9420835697396
103682,5.7209933053813256
103697,104.89570899982921
103705,30.912968115621407
103709,3.007873973259733
103716,1.0608137351249178
103740,0.0
103746,0.0
103749,1.8366579121121511
103759,10528.61687693942
103765,9573.843881410516
103766,3950.9119645355136
103784,2960.0613617371173
103786,0.0
103793,0.9691656601258573
103798,16950.397156395455
103799,1041.7455731131847
103803,115586.72610372787
103814,2374.4041136824594
103820,12406.059565894768
103821,616.0689296447689
103833,10930.150910626333
103836,184441.04879251245
103839,2688.6539595950308
103842,130.67143529658446
103843,2.877774144631203
103849,2.9011328959675797
103872,7131.5936562637025
103880,16059.878345449866
103883,218.20617400703787
103900,2906.4175047447766
103906,5097.455933854964
103915,94350.79039484766
103916,6.705037743037445
103920,5165.225852244815
103921,14.020435455057587
103923,74.29692482055394
103945,463.55742649045226
103946,390.2132045200481
103950,4748.891281393701
103965,62.75308365999395
103981,92477.55859824023
103982,8.479914383949426
103983,3191.0085145722796
103998,27422.83781771417
104009,932.8003752509038
104019,1394.0529612219025
104035,16.0884895321585
104046,62.84295333551846
104056,6177.7376110051555
104057,32.87690798920344
104087,176.46304619756734
104088,15.832585239171982
104089,8378.060457017662
104100,9369.090849084594
104116,278.72497466372886
104128,77356.46906230177
104129,193.67353811888526
104138,12.084506163596714
104155,3245.7996427365024
104159,163.5188199143375
104161,4467.161887094736
104162,19648.853808101903
104167,10.686516876720024
104169,212.31782390503543
104184,14855.462070019072
104188,34.4557683265201
104206,4330.334627612192
104214,209.69614244827653
104217,100.81184570495654
104218,2.9427589464323876
104222,289.54862972053536
104236,74628.79987343618
104238,2351.0839473076608
104258,93.9023448476981
104263,0.0
104265,34363.16923188482
104269,0.0
104281,5400.546560879422
104287,30.011974272154365
104288,4728.614501229788
104289,36088.19431177869
104292,2753.7195553507277
104300,0.0
104306,31392.45256913514
104308,0.0
104309,0.0
104311,0.0
104317,2.75371945171314
104320,92.76599628808374
104321,10.810987964359892
104323,1105.3472727593717
104326,60558.18015797521
104339,289.0424901384934
104340,160042.71953041194
104343,22009.985312093155
104355,138463.27624655675
104363,46.548702782802195
104366,99.38976906584276
104373,50245.45546978791
104381,30810.60498354927
104394,5233.271564154868
104396,3.4757057886494067
104408,9347.373602091859
104413,1288.313745804
104417,4.079247280411698
104423,4283.551630386718
104425,134.46709488996223
104427,3234.9367357275196
104431,303.3814603307689
104434,312.64423925476825
104438,126.52924030859626
104449,31.285349056257814
104462,32913.407585757464
104476,7280.012975339159
104484,9686.732419705497
104500,57.58479281113589
104510,13072.243282565147
104523,194.02707780708826
104524,30746.03347676214
104528,586.2987503260017
104530,115.05504282985017
104541,2465.816630198968
104558,33095.3840874859
104561,183228.19089336638
104566,392.8784913150689
104571,9916.089281210232
104593,361637.818506525
104598,32.10596807706274
104613,125442.7347474585
104624,207.1495951432363
104625,2733.8211727130106
104629,108323.30036254672
104640,43.01096492020033
104646,30098.58852375092
104647,279.4040960155587
104650,1125.102183927334
104656,35.03143243062337
104662,142.1586803218424
104685,578.5158185997338
104688,24316.97451270569
104696,144807.67299996025
104703,3541.6761143849158
104705,2302.1418429854803
104706,43264.77247774827
104722,11261.099239686413
104728,2.113463671523171
104744,196.13823952256362
104745,85249.18053735685
104749,6832.630322623651
104764,38348.742920452794
104790,171.7109886187503
104791,11915.406992138427
104793,79.92525195796173
104799,75949.3293467964
104800,0.0
104831,297.67502429595424
104840,3.3600006434112326
104849,164.0593015385226
104857,20.765459208250263
104859,853.9696551389638
104860,0.0
104883,452.01096477289906
104886,1079.936804878519
104898,17.888775563525968
104909,33071.42132510542
104920,28652.83032647617
104930,3060.788472594949
104937,12448.858118079164
104939,386.7886235270836
104942,1.8258048532444477
104957,3176.6335329468593
104960,100881.66000286298
104962,68.15996866778715
104976,1.0074361563302454
104978,2.0749705049929896
104990,125.51852858195625
104991,459.3972636764726
104992,14056.261485755886
104995,175.7849622477085
104999,2.9974113651063616
105016,177955.4779358744
105021,12780.560439047556
105029,99709.09052331946
105032,3.143816460249319
105069,116.36742066945772
105071,5202.9583534721505
105082,18370.244615521184
105085,8575.022708343078
105087,41.197520464845795
105109,35.637329348695395
105116,3.061705025434173
105117,2.064621887705719
105128,24645.741144772688
105131,975.4602288782498
105132,16.167469043615423
105136,71.8102267937314
105146,3.8788631109809573
105149,5124.194263980151
105153,272.6036665026173
105160,19120.885527872968
105163,1698.006722950893
105173,4523.725006204458
105174,4472.509129001094
105175,705.0267456626306
105186,6252.841848974005
105187,65494.01420855898
105188,956.6962158516857
105194,1.0393427099434667
105200,1741.949207891923
105215,65.7314708038475
105218,2937.6098001357486
105231,299.698201750524
105241,5120.772461652609
105247,5204.688266242248
105248,2143.8061823509693
105254,422.5205032273847
105270,4877.054925933641
105272,816.4360478631896
105282,2042.2678566538038
105283,133345.62331508088
105284,0.0
105285,0.0
105287,0.0
105294,150.23467878601397
105296,2060.408426775972
105300,0.0
105306,9110.129168029222
105308,1723.9102334235677
105312,2.9193823484478
105315,7054.013488792762
105320,3998.3320163612916
105322,0.0
105329,19.616969929816705
105339,0.0
105340,941.2931490829521
105345,926.3201413253864
105346,1021.6967286462702
105356,142339.15189966134
105370,1644.0906166728014
105375,6976.558376694695
105381,148390.01879641967
105384,134045.85091780892
105392,1054.909554811265
105393,3.055810141362585
105402,4803.660263174688
105410,93291.72564888447
105414,3281.621027474938
105419,2079.5663938227467
105425,4048.82354866472
105446,188.3306452309989
105447,1307.3141669705387
105454,2117.6646808638257
105456,94134.35647462177
105477,381.5022523997877
105483,21876.580203600126
105486,84.08318342742155
105510,36.2381874180742
105516,534.2238794132003
105520,5212.503547684962
105529,25.13011287753997
105531,1163.7155255909363
105532,5280.338519416247
105536,43.40399419965341
105549,4.61736151180508
105556,32389.72815997527
105560,20332.94617908595
105562,438189.8299269707
105563,7.414541053210116
105568,21284.140117681807
105569,159149.32665053473
105570,183.3716870424874
105573,12771.330600709216
105576,1013.4545693408817
105578,13401.541240565999
105584,10604.5410366289
105591,5699.8498033532505
105599,504.45380463929814
105619,102.7991704120875
105640,914.7694439199673
105649,68244.1058634438
105656,22551.391087310763
105658,378.94314869742783
105660,18408.35713841961
105663,355.79303118381443
105667,50.245795386740355
105676,2320.7368878219672
105682,1.0289338332667282
105683,23924.027765275383
105690,388.45736890012824
105693,2.880675549675492
105701,15.781196981662113
105702,62.009175378014675
105705,33634.1877174357
105708,544.9237545290745
105713,87.34723456612504
105717,72.95827500207608
105726,1002.9697542142155
105731,0.0
105744,33210.44999945479
105751,44.409891678576386
105761,384185.48782918864
105763,33.85884006080099
105772,0.0
105782,0.0
105783,20347.159571843225
105784,0.0
105798,62.40175455873231
105816,10358.224598314706
105817,26903.640831143137
105821,4641.433126176367
105824,710.0458743990795
105836,114.15208574295441
105867,280436.494447664
105872,23748.255688843296
105884,18.17827905408053
105885,363135.49766051705
105886,21.327366133876282
105888,117515.89866426363
105896,24.183212217723348
105898,27513.773538918824
105908,14233.422053045317
105923,26.183605710833127
105925,30902.589037416677
105931,717.6007741426453
105936,34.209463045998206
105937,6516.964286040771
105947,11.611453319864646
105955,7545.450864612132
105957,2390.0943163278894
105967,137279.38308106677
105972,227761.601073927
105975,13148.856974035385
105990,46.66955667808901
106002,88.61542025287287
106006,263.34585209060623
106028,116.63502673063738
106041,44.697471410788616
106054,5.700038223975484
106059,278.2862547394846
106079,6562.314216251691
106084,309502.2658304667
106089,346099.20921411994
106097,9852.687307861672
106099,0.0
106108,251.8654488459752
106118,17197.8099181087
106122,1.8915348230780906
106134,14.977205284972728
106145,1840.5687208220213
106147,223.15346632100238
106152,119.95875221410212
106154,112.59945939926995
106155,3853.011062503835
106157,161060.3683402671
106164,28566.185998720022
106167,2500.297562911596
106170,148562.23695861208
106177,324.0092794056321
106181,0.9492810898483919
106183,2246.3384341358856
106187,4236.089678673344
106194,50.69112075988416
106204,14168.724394127068
106207,0.0
106208,0.0
106212,4587.481707440019
106218,3670.320938654607
106233,1419.1483829612357
106241,3361.9418495689883
106248,0.9622682440490357
106277,150125.61300519487
106291,23331.885187629323
106293,63.99676474504397
106307,58.14726621124845
106309,3729.0915653084867
106310,1081.8632554453072
106316,26.703291578633234
106320,27532.001681349288
106325,299.29017498744446
106340,53228.754046161215
106345,308286.4820155802
106346,5613.272175230244
106348,138.34950654536684
106366,0.9563625450287241
106368,2058.2194195343454
106377,365.7118906307216
106383,699.3466406413529
106388,578590.3030947465
106409,60.33339062086289
106412,37.27607808848196
106414,61.4179520087122
106429,230.44114677336418
106446,23528.408904789125
106452,336.32716829768304
106456,14099.46667976794
106459,112.70814074512516
106461,54.87973709990131
106471,22.649939163514862
106477,84350.34213112041
106478,3378.959642799157
106483,47.25674715865751
106489,13.150563617559747
106499,21186.47011170077
106502,112.49466651502426
106503,15293.129499484461
106505,0.9676293379624898
106519,143.30032844489273
106533,17716.922045165942
106540,73.03505970506224
106541,11534.436992475501
106543,42.73441294723754
106552,130191.62855008645
106561,145.56720550048956
106565,6.611968729846681
106573,692.4423932938282
106586,5203.005917438112
106591,253.46200600191315
106592,457.92654881379605
106598,13.2147367302773
106609,19793.628530403792
106611,23747.22749689605
106621,16210.228942792299
106625,2580.6787540261535
106631,137.3164382253592
106651,85.81911799356435
106652,81.83551679605927
106655,9.348752356816803
106656,72.35557803702908
106670,13538.930347562291
106675,32.283062772624604
106676,98.52280993791886
106685,34.6394330724603
106691,5834.480190273048
106709,0.09810230201471619
106715,3648.0343334929203
106720,17847.57938104244
106726,19.728246213911806
106739,99.51352649110642
106746,10669.273104023712
106750,3785.9303515836104
106751,1795.2894280848202
106754,0.0
106755,39807.06342956621
106761,13.656024106717437
106771,2813.9904521571107
106781,19.787919652159143
106799,76.73002467664912
106808,9344.786177176438
106822,3129.9883712323867
106825,66.55538186755372
106851,1522.6020864461548
106853,1565.6741295085862
106865,7.299378933049382
106870,3.005936117829919
106889,8302.858880116515
106901,7623.752734563147
106908,2.0954549796047885
106911,29.53252137437898
106927,1214.926289985898
106944,10794.463791388443
106946,79627.25398010887
106958,24.606214946937268
106959,9.849618903356664
106966,2275.097866959295
106985,39.317386726136775
106987,5.649243250296465
106994,15.133859308632255
107005,31.634526460821203
107014,11.68302775801389
107034,99.57362360222191
107040,89159.85425900348
107050,951.5719992715829
107056,593.2530532109834
107058,1.0111955051198283
107064,3294.7087479948177
107067,19343.15957148233
107070,4323.790912560551
107074,121.86238945654867
107083,1301.9173969326494
107085,1.8607150451551213
107096,171.50010034851326
107106,146.749780849543
107110,0.9806840623733496
107121,135.83363403764096
107124,22.85704891419355
107132,10802.196697922063
107142,557.8222557909033
107143,3991.863781721399
107144,574.949439790303
107154,52.12773090095384
107170,15.338954494317154
107172,47708.37571326826
107178,6.06525449004298
107179,126079.4336170339
107183,149700.6147953671
107185,689.0482482395844
107186,693.785202894589
107190,0.0
107200,68.87042709165266
107203,21.79369601918246
107211,168.83969600656843
107214,15.26926045295888
107230,7491.8572093931125
107245,1552.1321163460307
107254,269.5646112881965
107264,874.9144937505081
107296,66.24588265017567
107302,493.86835034218416
107305,423.1402293176464
107307,154.07838053892374
107308,11327.667464497543
107315,45.74509885795252
107320,7736.051962484903
107324,138.50764379357176
107339,243.88541593500142
107350,681.0089966977362
107361,28515.23308772006
107362,258.89306769808826
107363,6.828522758918985
107364,863.8557030404822
107368,91513.86402159784
107369,12.065933001481678
107371,113.42303446392916
107386,64.3974330639202
107391,95.22860070330762
107393,305949.04143564316
107395,90253.03656748806
107404,22.44777265040989
107409,9763.952001367172
107415,3105.828611960861
107428,446106.89338101563
107437,2.8476694532959725
107461,204.70421939163586
107465,3328.6551537825717
107472,5602.4159132146615
107483,2602.5007604914367
107512,184.6268520818987
107517,236.00486566321356
107521,2093.965927681411
107523,34837.95490627612
107529,161.89280611553383
107535,7765.40957809841
107542,2694.5439178607844
107554,53906.11652560705
107569,6099.541178160878
107571,175578.7159524768
107572,0.0
107574,0.0
107580,35.219785092098896
107586,0.0
107593,901.5195541420691
107606,287604.7474441544
107607,0.0
107616,0.0
107620,0.0
107622,24410.20060448409
107627,0.0
107630,588.9288634081176
107633,30664.559408990706
107635,42701.969914292684
107641,65087.46598363325
107655,40869.954323621656
107662,1381.5906742557663
107663,1980.2993336809502
107668,91499.02871053062
107675,388.6986828018481
107682,406.6078218092328
107687,63.57087032598914
107690,18205.913315646176
107695,11021.427538251155
107700,27339.596977165722
107702,2456.694005447129
107719,11603.484056687672
107726,23081.222247946214
107732,13.245006771184658
107736,8386.022700592444
107743,25363.20834316972
107745,5.151693780608509
107750,168.94347912508675
107763,260.4041471925511
107774,81.73810323072787
107778,269646.3899842793
107781,13.04100045245282
107782,1068.9075756329255
107785,74600.02507313834
107795,2891.8573140209423
107798,110.44677977547187
107811,216.27297375556327
107817,84.79274067726571
107818,87522.92736454826
107830,884.2974576974432
107834,645.4437579633578
107840,85.3842512887841
107846,20100.040618008647
107849,19.054065979821843
107865,1881.152502900975
107872,289.6556737436759
107888,15.547441539893063
107890,32222.597061239503
107895,133904.48313504813
107903,2299.2772196008123
107904,2.080834192715037
107913,1751.4620503707308
107917,337.74219056980604
107922,16.173814892779248
107925,76.50388940044824
107946,160.4971217744749
107951,119.08292602629426
107957,3390.966439884918
107960,2762.153624441022
107964,10.653117635994459
107991,382.72517294729266
107995,0.0
107996,340.0908366429138
108004,2635.689208437958
108010,2133.6430129048863
108021,36031.12908097747
108022,141.19950662318354
108027,188028.3284305188
108033,0.0
108046,2909.548340516501
108048,0.0
108053,2099.9045988825023
108062,62121.06007498562
108066,124.91023826528885
108075,4873.821814685068
108077,4.339217379457568
108082,3191.8667190581514
108098,238668.18713984604
108099,5338.470296191105
108102,62.81247516791323
108133,973.393012413266
108143,19915.131210737756
108162,904.9300457781579
108184,1.9339853011281307
108186,343.12294153889013
108193,208.78492240304658
108196,25348.084237674124
108197,14.962482961212766
108199,1007.2013489386744
108204,255.41359989430262
108210,61.963591858524
108213,358.9137407355917
108216,895.5068001921793
108225,10.708389787494763
108226,19.430800063497195
108230,26.433543871296557
108238,318.90110468159116
108242,7.289868449259577
108248,3.012306274307522
108288,199.9811893110085
108290,2.1168657396531856
108298,352.0985169147764
108300,11646.249469740618
108303,559.7948730640794
108310,1204.584640995315
108319,72.54701454960423
108325,199.12841007657224
108327,89.95627785354833
108329,343.444411689626
108346,190.12124965255074
108351,1281.360630374585
108357,68310.42605115661
108365,1.0401865112830189
108372,178.5475362369567
108381,3.214617376042014
108383,1191831.539004835
108386,570.2064719817837
108387,6636.925089084945
108396,88.36681217840103
108413,0.8868996189047358
108414,415849.1269454857
108421,7.786506157475039
108426,115.69988271782462
108431,85.41697721681412
108434,215.96345606848752
108441,3309.2998690778486
108443,1.9547725766333883
108445,809.1045718172654
108453,1361.9297428911384
108454,12.674106592615283
108457,6.046866659383225
108462,4803.653062334213
108468,127813.07079746808
108471,94.9010537467055
108473,3009.9072901355557
108483,137.40734617088432
108484,407.23892249719074
108492,3163.9631727954484
108496,0.0
108500,0.0
108541,3153.476745321852
108548,7862.458511423177
108558,356.0595590624039
108574,5784.726869779837
108575,4245.2356160257195
108587,205138.88735288806
108607,1310.3061978333797
108611,5.532799864726156
108615,24.95112367561212
108623,160.24289546003715
108640,4.6415897907230645
108657,14.105257457603738
108665,2.9033361926803494
108666,59341.303141117736
108669,17.156882776845034
108681,8.537963224292952
108696,91.21615035234576
108708,39.75036811718822
108725,1571.1846131015334
108754,39258.574090837086
108755,43.16862545748417
108759,124.50915658422126
108764,79.54469149384717
108765,171.4149069495597
108772,56206.224825771955
108779,80.75586379570132
108788,35119.78380791022
108789,19.475951083012948
108791,240.4469510151562
108804,26164.700151334564
108812,514.5301940915258
108817,51.73231123970145
108822,29.168785700129533
108826,289.3585290227918
108827,82.4142947539183
108837,54818.45270412605
108847,23.446861818238318
108850,53.69052040185346
108860,1.8207371578580855
108861,815701.8756069216
108865,274.9444880616125
108869,32143.510497196246
108871,27.871718334323198
108874,2932.6327560326845
108875,10752.539353585127
108883,243625.22214306318
108889,1.1309171020424342
108890,11.70731350369127
108892,192.02174261819184
108895,106.60889776853297
108915,9.125823931694768
108919,725.7789825078671
108920,18072.000683938113
108931,1.1001455493428016
108933,9.832560625706947
108942,11.047436451990574
108962,2001.5320487256658
108973,12.393271742758088
108997,0.0
109015,13.153774307138985
109020,102.10891046656981
109027,0.0
109031,16.50061205749349
109041,1129.1346480965499
109045,0.0
109051,10902.558491481688
109057,31276.176979263884
109065,11712.717396781984
109067,192296.0230784079
109069,510.61816154202796
109075,587.3702204811251
109083,70.8768831643294
109091,100.57098143436956
109094,20.67171404597459
109095,272.7656418971282
109097,7376.687148278154
109114,12569.912322058937
109116,181051.1378771334
109130,41.98442606366991
109134,549.5623078290363
109136,230717.68674229184
109137,79.57978619068496
109142,20.676462741641764
109147,449.34195339140797
109149,6.796125403256328
109165,579.4971462386284
109168,514.2430470453693
109178,5471.134538694717
109184,2.056660664828065
109185,3.143580084077729
109187,1339.775480315839
109192,11084.77555911262
109195,4.631232215857099
109196,258589.0384949347
109203,117.0216896075273
109217,5101.851344643614
109218,18.05078496408685
109219,3.1334271453405793
109221,270182.3723220787
109234,40946.85588311415
109243,4.171836626497093
109257,42530.5856146715
109261,262.9496341786227
109262,37.384591246260584
109281,18597.541818485948
109295,3242.809083266662
109298,6648.274783520591
109299,95.85301860964745
109303,297.08014390813105
109312,6784.168390080177
109321,220.20074086265362
109325,22.653574963508472
109327,1584.1397832051075
109331,244.50715569329432
109349,30338.669732594735
109368,71.95720225593546
109374,53536.848952058885
109383,32728.69457362449
109386,232.47942741152664
109392,3713.6161543960848
109395,4449.330440183847
109396,93.77136225721148
109410,36034.685313565715
109421,0.0
109424,0.0
109429,4050.877544049119
109433,63.71289538934066
109435,5352.10213543669
109437,9398.727097929625
109438,1655.6651228575581
109445,10846.507111853165
109455,0.0
109457,0.0
109458,0.0
109470,89.03424493602012
109473,0.0
109479,8056.069063460338
109485,4776.531593824504
109489,9.285486247405895
109493,4035.0497656426755
109494,208.2219682213178
109500,5784.545833881412
109504,5.918849161960482
109508,381.830723213339
109511,395.9919492511621
109533,104.21969431801664
109535,254.8744864518397
109541,54.38101602764218
109545,1326.922627078447
109549,11504.902050963537
109553,295.7217854079862
109558,347.4352679099657
109560,126.62879689743573
109563,7.1663567296372435
109569,9.414914717214906
109575,615.2613171731247
109590,11163.198977709182
109594,5686.306998400703
109598,4791.687167479164
109613,4805.252896522654
109615,4218.055403718564
109642,3250.8959715186097
109655,5744.790393460555
109670,6591.512255730918
109671,3299.593604677232
109675,529.880776775031
109679,5005.871569163727
109709,653.4066637324721
109712,13497.169970905628
109721,3145.4837321890377
109726,176438.46287574372
109728,3511.397799044728
109740,318996.71474827064
109776,63.406982941969865
109786,20313.183233330372
109787,12364.666828296251
109793,401.1896479823782
109798,1832.847317746271
109799,14412.053335725797
109802,11485.577987437708
109804,22488.725499118264
109808,95511.55747303765
109814,51.84836836187783
109816,6779.477740581733
109839,8.26021073608712
109849,11989.346832858471
109856,194.75390896243667
109857,28.168824193848153
109865,20.03947201181492
109877,989.802550966634
109878,25.325141719177594
109888,159.92165722751312
109894,40.12778989950859
109897,178913.72760077895
109907,1.9027305064457938
109909,29970.34511925259
109910,0.0
109914,0.0
109915,0.0
109917,279.1527113992028
109934,24.925591088956594
109937,14832.179375838605
109938,217523.56265976367
109939,41573.912694050174
109946,34517.80015173703
109949,978.4071462992903
109961,0.0
109968,193.98096254229486
109970,361.85016688607794
109973,0.9700588910446045
109981,13775.241080710473
109984,148.5097480327111
109985,987.9850949752122
109992,0.9931982895301835
109999,59.711659522293665
110018,64.39932836341862
110020,45068.26676249777
110021,3140.7055033855027
110025,2195.944117285347
110034,64529.21515316827
110037,347.29324088123326
110040,25099.79126840842
110045,95.15901775394445
110062,122521.88736807446
110070,103.83333352702765
110073,556.0285259688
110083,87.889958887254
110090,35.40749349451116
110097,231.80867960047124
110098,1737.2681997858392
110105,58.95373025211967
110107,3087.456241044022
110108,144.86397042223257
110111,15.348532335323448
110121,5759.089927449313
110122,68017.57286106118
110127,7.914619113717603
110136,829.8020207010873
110143,3471.482238669917
110156,47232.11617844666
110158,4288.848803145172
110162,104.79896524742931
110164,88.00984547888942
110165,269.9206468966759
110167,4.12492101737695
110170,160.99864989021236
110172,26112.535385393167
110176,58209.45516169398
110178,42.94775294432527
110179,7904.398893054981
110191,48.68670860835766
110192,340.05196108239505
110193,3691.315786746772
110200,2.8460369383886306
110204,4679.649960675892
110211,88.41442313487829
110217,116.81062372797544
110219,110597.7798229852
110231,3.8959457304549945
110234,60762.50404530467
110241,20229.292123812247
110256,5190.443911153885
110257,225.07410371742137
110259,440.01498814244064
110262,4550.760599128562
110320,0.11107288591473757
110321,60115.298397056926
110323,78.49273739753092
110330,148.8201053741847
110331,10.176542899442644
110341,12195.216280566392
110346,24.111425679394344
110350,7334.4388857069525
110351,25.412052390792923
110352,281.3898396783784
110353,574.5982203446298
110357,5.375366472979557
110371,51761.23254555309
110380,0.0
110385,17.295997699571814
110401,774.8344899452283
110405,7450.827146633569
110411,0.0
110418,0.0
110439,353.48075556666276
110442,5506.422478115984
110447,195.13967943122563
110453,2140.6605418103027
110460,93469.12008394254
110466,15010.985389461775
110471,1008.4229344687083
110478,2234.157137456435
110481,2179.7093976964793
110482,2019.8575661009545
110483,1.0453035520961493
110485,0.9379676644073085
110486,2.806019810778847
110499,25.030935071946075
110502,90.06108202219754
110505,6459.0862218463
110511,5.870660405209951
110528,4143.908273433889
110530,390.3495117295691
110535,6.879789868963544
110545,2489.5652009554933
110547,2511.900491643697
110559,12.714282485966798
110569,5.014956261523422
110572,153.8549200780023
110580,7478.40722229799
110585,524.0632577893562
110589,22.533487646196516
110596,3021.202460845389
110606,15308.973833650527
110607,6.413208987290638
110609,4255.93240005416
110615,21.49149186847261
110619,6663.603817605285
110623,114.98173162503984
110639,1362.8208096687463
110656,27.78730380984844
110663,48.39124785154093
110664,18.89803231243019
110665,32.49100665400746
110670,30750.461815636012
110676,2637.7091425170706
110677,1626.3021458528463
110683,223.07950032324666
110684,19942.00155525888
110687,492.33474045657294
110705,1.9458614984598175
110706,1777.872049549233
110719,29483.057134346196
110725,12698.75229127952
110728,14094.407088316719
110730,7170.910410689873
110739,576.905996197576
110750,100.89771846202336
110752,87511.96656243656
110756,68794.11429306646
110757,189.97577562350045
110762,5251.515266744576
110766,26.12986660693244
110777,247.85933184264874
110792,29270.635169258112
110803,12.806358351266873
110805,2.019253933791365
110811,468.3718952787834
110813,1.0378737528752617
110818,208.01873471311376
110831,143.02258011909444
110835,2.881483739784085
110838,126.23539110279141
110844,109351.5995451887
110856,0.9283003910165066
110860,85288.55413083565
110873,0.0
110874,0.0
110877,370.6095290162209
110891,0.0
110896,43250.675132086384
110906,1777.8287599660116
110910,832.6708061507103
110913,18.037202988645184
110918,1.0255388229383415
110936,136.40845800151752
110938,3175.6658284373416
110944,0.0
110952,20547.805009193427
110953,13468.108709402495
110957,469.7367182693836
110970,147.1933947501376
110974,18173.145476209294
110981,4061.879699570887
111009,3142.1227396923364
111013,9820.312540352168
111015,799.3806031760861
111025,48.839817415461624
111051,11249.54251181632
111055,11435.08076622893
111059,9.070720757659437
111073,13.97949480639637
111074,10454.521779895618
111075,303.0794582435094
111077,11743.410938854307
111079,76.91468725212329
111081,11132.385387066073
111089,0.9519516423001827
111090,38.567784956825555
111102,398.06775776367334
111117,0.9702191099646575
111119,549.0332609491867
111132,280.4274613635419
111136,10.960335229848837
111140,93122.79506848054
111145,125772.72359386364
111147,211.25375122717205
111156,9269.751850382756
111164,29.7344725856591
111169,2.9478503236388693
111170,157717.75699060908
111183,6192.972080316428
111188,104.19491886940597
111191,439.42027308237766
111195,296.86990093804724
111196,95522.2070552951
111207,8.19244005250304
111215,4997.160792631538
111224,107500.22473047687
111237,1.0308322544934954
111238,18.07029810544135
111243,20.242066881236763
111247,282.81709101272935
111256,222.98095319333063
111263,25.85878068956004
111264,11047.204346033825
111276,367.8269922550015
111278,9.574164846208944
111280,9.80386340582745
111292,325.9219083686586
111297,36922.023420857986
111299,79203.3098378082
111328,60045.35475621166
111333,19551.726769918943
111345,1084.280077352841
111346,741.5519145397908
111356,55488.35280654101
111382,96379.91583213465
111383,43516.85286325403
111391,41.56457420453766
111392,24.680755457680018
111401,1482.1073872307463
111403,27821.14945612333
111404,73.23596737560695
111409,167.30071609992103
111410,123338.33506568465
111412,9704.38248427427
111420,1.0121857723231467
111421,8194.459365457986
111432,0.0
111445,331.6760865333366
111450,640.6301997879802
111458,7995.164793599878
111466,4321.534288239516
111471,148422.53995953812
111472,17397.096790006308
111486,346.8276586441235
111495,6254.115653526644
111496,524.6350000684582
111512,10.915175579402295
111523,566.7781318347061
111526,7340.310998880863
111538,13.919280824786474
111539,11.091296882487281
111544,710.5564440343348
111555,956.6377955897931
111556,18355.08153954078
111557,124.11210722604068
111559,2260.5317022133017
111568,14.97022362647099
111574,7688.078516637326
111576,296.09081205566446
111577,44359.11931572037
111589,951.010817119564
111593,1.920100038427171
111599,182.25832750318398
111603,355.5417148599308
111608,6770.731043403657
111612,9606.34005780468
111618,32245.87504040936
111621,2836.572352325405
111627,6458.337848723913
111630,3360.2425020386318
111636,21.237499534861943
111651,89.69603651281956
111665,33794.6183906139
111666,27533.64192517402
111669,30.022359289191304
111682,3526.353890678366
111691,5244.202373281699
111696,180.5641233448721
111697,8638.580532371541
111704,4576.531526844191
111708,12429.948180383211
111710,51918.531695064084
111716,23766.53303707425
111720,1.0332629904629587
111722,4.605369086748967
111727,303.44648870810096
111735,7495.4021036366175
111754,26.60728135259108
111763,442.09669873206195
111772,380583.2305823837
111778,1859.7572726741016
111783,814.3576451173498
111790,22.520205478296393
111792,343124.94236864784
111793,6684.202232249418
111805,50134.79300696616
111807,372.15120491718443
111838,41.186208345387094
111852,795.3101877516566
111853,3.028589234135036
111856,4.229385339066308
111860,317.43087412059157
111861,33968.31963628242
111864,241.11812189977647
111884,762.5897574051561
111886,333.76240594283047
111899,1279.8599445317575
111901,14612.983241879761
111909,1443.0804786102933
111911,57452.366344194146
111913,9413.25731374555
111965,54.90979362689493
111969,0.0
111982,183.0175004033288
111989,368.56281691327445
111996,13837.049997316633
112004,505.9050686755721
112016,431.73664022017755
112021,5966.607951498459
112023,13119.71193633309
112032,8.921628698162868
112046,1507.1695392941704
112053,23744.34165064582
112060,38200.085473028856
112062,7.785125596596822
112075,1305.2312006632355
112094,1652.2821718086138
112100,3136.704100843947
112101,803.3161621332966
112102,1624.1393123964076
112108,67.72095460024667
112118,126.80480574652636
112127,9.083883996388485
112131,56.197667413550356
112132,2870.7765406445997
112133,3.879191857719152
112134,762.3065860482548
112141,1429.5479516941202
112144,57.391940633899935
112155,22055.957009902875
112158,104919.7283622373
112167,8062.6753365356235
112178,1286.232810453508
112184,3780.3473901348175
112194,7791.418406802439
112195,2316.680752520225
112196,270.2826474951011
112201,0.9804047652853428
112207,91.43377858354582
112210,59.32760666936568
112211,3363.195381923964
112215,278.0402905281972
112229,4565.685269577811
112236,11764.408755092383
112246,68051.45756461685
112252,49.16748192401323
112260,130.10477014440733
112261,816.9891638514918
112269,13807.314188225506
112272,148.00007487177947
112276,6463.805069500034
112277,5378.99987776864
112283,212.09149898608993
112286,141803.45921948587
112298,97779.22857260595
112304,13941.878139742394
112308,62.05474255936548
112311,9161.701387904674
112339,1166.643242343779
112349,495.5616193797973
112350,276.45063867758
112353,42786.085469181446
112357,2186.7019507401164
112361,21.88929378316714
112362,0.9889253269659333
112382,2804.887078352463
112385,261.7321905491995
112392,81194.58620004929
112396,110559.57785323697
112412,460.72821512724795
112427,620.345317713672
112431,1670.053732593009
112460,2691.397936383998
112463,0.0
112481,197566.16477503433
112490,8033.569498530283
112491,27971.912661783226
112493,403.56826638557953
112498,376.4210410087373
112504,291.8728419115037
112508,262.081327894121
112514,52528.07270876238
112522,0.9221315781262265
112536,63033.23221975267
112538,203931.82471708808
112540,608.3473431882703
112548,40.963400872506206
112552,46986.2156007828
112557,1105.2595716090061
112559,63.38356668019084
112563,34242.65850738887
112568,2.035397551167385
112570,1.0035769469303697
112572,478.90356280662047
112574,70.04411239074295
112575,1187.2936417399915
112578,252898.68905370467
112584,40.271677436851704
112593,175.18122484508882
112597,239.29580926876068
112608,1407.1100953276102
112616,167222.89797712758
112625,1624.9670952039496
112629,337411.5973924347
112637,131123.79194274163
112638,15154.624142420429
112646,5.021202117662251
112657,29997.86259519904
112672,342.5765352191905
112674,873.4692043302754
112693,19956.241253680746
112700,357.09818895935814
112708,313974.6210687882
112710,26453.185956397196
112716,16938.36813998967
112719,24059.781697017028
112723,1.8210202448916668
112728,308.93770535332595
112738,98.91287566983002
112741,1109.166182567376
112753,1060.6190435896408
112756,5369.001229512996
112781,4328.532887699771
112790,147.66420082041913
112797,6.9545881865797154
112806,34409.00834389338
112810,187965.94724720294
112811,3.92236573974189
112812,116.43034627773368
112820,68531.83083730483
112826,393.9965282629897
112841,3.686200709923895
112842,116.29095615432958
112844,0.0
112845,244.44801656121896
112857,528.6155268376681
112861,1658.6212861541337
112871,0.0
112875,0.0
112881,0.0
112883,0.0
112892,568.7397515600021
112900,2.0696543546621835
112915,316.2781912369089
112916,1056.7314422908703
112929,35771.93119388387
112931,2555.064765554856
112949,1697.6655426061745
112950,38037.32011874409
112962,6767.348544579044
112974,1951.4834726410827
112980,326.4440379269353
112983,6366.847718838953
112984,1.8717159309869587
112986,377.0060049976541
112990,37.90856995265488
113002,332.17368696506634
113004,7193.407144004001
113006,1.9666456882515018
113015,19636.327634945785
113037,749.5346186645022
113042,8252.90143036464
113048,122.72713192808213
113051,91.99078348421997
113055,380.40888374897
113059,27.729825127286382
113076,2.3483048527734143
113080,370463.84632154193
113105,37.90020378289966
113107,38451.91686842903
113112,7819.0275507667075
113115,1256.127799882723
113117,175161.04815818084
113118,474.8348427000087
113131,100.79046203849218
113134,220336.7680097913
113141,154.48351831046364
113144,891.9004345373247
113147,1302.526204009127
113166,261.8419569475187
113168,8724.81640452706
113174,659.2686743214105
113177,137728.6691695069
113186,119.8217658585445
113188,10.064067755931616
113190,38.2749227274888
113197,15784.74459640319
113204,62.10430861539324
113211,12337.93156905055
113213,127.61014922614169
113216,13.712825613539893
113222,8685.974573276295
113232,26.252889127409667
113233,15887.997766575623
113236,0.0
113238,0.0
113244,0.0
113245,10043.819117444513
113249,10691.364057793848
113254,31148.232810533824
113271,21003.923429405593
113276,0.0
113279,0.0
113282,185.79775479353108
113297,39053.52398809259
113300,110.623816372024
113302,1254.8655906155732
113303,114.00962932331856
113305,825.0703833093057
113311,14.268647529543257
113313,284.8403101086929
113316,546.9624675229549
113320,506070.77118450974
113324,17.690214188041725
113332,174.48719287319918
113336,161311.94526058662
113338,18948.3435569866
113340,217.9117793407384
113347,26755.638490654263
113355,75.14371397771902
113365,20868.57294451326
113366,46.09109713990389
113384,5653.789386150106
113390,81700.16030275893
113393,656.3780911568415
113404,421.96477136870607
113419,7520.652557405775
113420,155408.72534195095
113422,5.074277207721364
113427,209152.17790817306
113432,462.3304546084203
113433,509.7386063942653
113441,7494.651163171917
113448,231.02758424430598
113452,790.1751284042404
113465,683063.4823648781
113485,13172.668042628511
113492,727.7394074960516
113495,20699.413774295655
113513,4559.225637346802
113515,1.0418173408117375
113517,5.366753353303091
113526,339.21449180062547
113533,22.919037388031033
113540,1331.0052379818985
113542,16905.370165095745
113544,323.86501429204776
113550,282.874447047153
113554,134.5702506592954
113572,1506.36827022445
113576,23814.340838341133
113584,18824.206008054247
113589,621.8073006971371
113591,309.64860288114454
113595,57327.00703761411
113618,71945.67177545719
113619,2630.929823784645
113637,318.29170385731004
113642,51316.19484330835
113655,92.06963364830465
113664,2867.6702123255955
113677,120.56670201286639
113685,127.1358431169987
113702,0.0
113708,251.57289348674084
113726,77972.4483937391
113738,4.848905068465669
113741,0.0
113753,0.0
113754,0.0
113755,44.86695939333014
113758,0.0
113764,4074.6700235638086
113765,54410.051856161626
113776,5.239150849529244
113785,4.236784619638187
113789,15.648390362055203
113795,1079.7872764684594
113802,22.559639007759245
113803,28.635658549260018
113811,24.847169119268223
113812,15.067645628655864
113824,4810.455025147165
113838,2105.3445189642302
113841,55.32735161005147
113861,2772.0967346059615
113872,308.4344137314678
113875,3.867950222461996
113891,19.48713619629888
113893,17960.03980421334
113894,30.259147062218194
113896,290.28859902293436
113897,117292.32826163883
113898,43.12505474446405
113901,59715.550089826844
113903,23.628953491029126
113910,102070.38891835819
113919,3716.8523313880237
113920,287.5783551450613
113922,9660.759463857063
113923,108.99072718725978
113935,43267.53386442815
113938,10.800741351607746
113940,108898.3735185947
113944,150.49982925225774
113945,23.226297289732035
113980,358.9803152064377
113998,629.5022791266298
114000,18630.30798929972
114017,1295.1766285195451
114018,4094.5026410944733
114027,1821.05746542748
114038,2277.0689502968166
114052,2244.637188551575
114059,152.0289222833673
114070,26.80338026794371
114073,2644.5109473960156
114080,2308.5003254730223
114081,31550.388660618984
114087,27.594744598532923
114089,3027.187535641736
114106,55865.73843776857
114108,11625.520000790173
114111,323.22258827185186
114116,4236.766634636611
114124,58.82659029156396
114138,986.2040874852241
114154,0.0
114159,2889.204856768442
114162,0.0
114165,40.97508329185176
114179,11924.752925245457
114183,49.89213464889132
114188,0.0
114198,0.0
114214,349.83176997570376
114217,55787.41773008913
114231,89.01268972626164
114234,317.5334122612605
114241,2481.0450697581928
114249,4017.87872004224
114256,2872.0755592452
114270,7.020337434884521
114288,7.324035105186489
114290,24.409716324200925
114292,1620.0984157956623
114294,73628.92927096394
114296,10093.072693197879
114299,54994.078011275815
114303,2679.328686347121
114323,2422.1933923523256
114330,7188.3661445657835
114344,339.3824208662117
114356,7198.76687146972
114390,13.82994149811611
114395,3855.5198687218162
114406,21.89055909556582
114424,7923.685297324016
114426,5392.978324606059
114431,312.22584276440756
114432,11373.279945631391
114443,93228.79987857121
114456,15858.343981216904
114474,37588.83039236569
114477,18.19015576849245
114490,6288.1854190412105
114499,111.24359450985966
114510,143526.78901660017
114512,100298.82502873825
114513,8495.720087141639
114514,306.0814492507814
114516,960.1355557470483
114518,3.2058189779438973
114522,5545.314082279675
114530,113636.72747493653
114531,9400.53670760147
114537,52.54920632090075
114538,354.66729015933646
114546,12.773551534814896
114554,320.0292492518414
114558,1.871848582861073
114561,145.22235030755488
114565,33.34518737263488
114570,4.206312172648489
114605,200.57587700795372
114636,2.083610540673766
114640,2553.2249459590175
114642,9.614336412944803
114660,0.0
114662,0.0
114666,0.0
114684,5346.756470869118
114692,132061.48033263467
114694,24895.044845046
114706,14.21145856125529
114709,5613.8592080201115
114710,161.84732351520577
114711,5.14755367204803
114715,75130.07432209021
114718,149278.09070539701
114721,7220.855655923592
114725,7176.015110221319
114729,11667.959084011933
114739,3.9149420308346756
114744,177007.44101429725
114745,12794.142206178276
114748,31.73244519802032
114750,7503.09456790805
114752,2.0916652619667415
114753,304287.14282367827
114755,159.31721506546413
114756,298.69278057047404
114761,258.17146722275146
114764,12.251261833969565
114766,318.1819760102527
114769,8.938305497139915
114774,44.3505391755261
114776,7.734885213127466
114778,3025.1510287877686
114783,210600.45654573687
114791,29.857218446735725
114794,1666.1678816718463
114810,280.6379356784032
114820,277.17609095216596
114821,662.2396874902087
114832,300.9608468162967
114835,10845.367915367418
114836,1340.0329644037377
114841,6174.2323514807995
114842,2445.183347000359
114856,261.1329956726397
114863,105172.94976443402
114879,24024.75067411102
114880,34.6741943812296
114883,554.781627776185
114891,663.5491324886696
114894,612.0758424398715
114899,722038.7002380093
114900,289.55036301806723
114906,25.62466375281719
114922,195901.0058520666
114923,8490.97150700221
114928,137.95186079345206
114933,28.33235463687791
114935,9761.629042314387
114941,2382.3974541570237
114946,63.04127850953922
114957,2533.0836848381477
114966,3732.360374980442
114967,21.306875670384834
114974,9187.046540614554
114975,340128.5421777598
114981,425.3899100666342
114982,2770.077285148871
114983,2841.8390934169774
114989,500.10072301562815
115000,8.959475635884358
115006,7031.9438118989665
115009,733.0663049585081
115033,2.0316215950231533
115045,87890.85082152575
115058,424.2918879991288
115061,164796.4409990793
115078,2.0109208515242947
115079,411.45006444864686
115087,26.6761934695903
115090,497.8785007225826
115099,0.0
115104,0.0
115113,452.19525511191296
115139,0.0
115151,0.0
115169,1239.6565201123865
115173,2313.3088357763245
115174,650.7084098466732
115177,3220.089569989205
115187,43777.63782575561
115189,1163.5819454616917
115192,330087.9342111055
115207,4.890682304186884
115214,208463.40345918777
115220,440.4748032473902
115221,1349.8079429561544
115227,9927.58189282582
115236,20.70891226953045
115237,266857.08949737775
115245,94934.79381714303
115252,1205.965436776756
115263,2270.3805931232637
115271,495.8527713418399
115286,48047.7571455841
115296,1800.390274694482
115297,933.9166328567421
115304,461.58860825723366
115309,1.0348814672550277
115310,2924.761402594128
115318,11733.707448192055
115320,1046.6324709531307
115323,1550.90989971508
115350,1922.0293778420278
115351,16804.017530062116
115363,492430.3081647299
115371,474.007000715973
115373,1439.7467439478603
115380,53.87424383516245
115382,4.990475658923787
115385,90791.99372192289
115387,1631.4101424094763
115395,848.585123918728
115402,6188.8823878845205
115411,699.2294864026202
115414,4604.807072790463
115425,823.3674276274561
115450,36463.97477687591
115463,85929.38262748238
115468,177.8689926760259
115487,7.954021268872516
115505,255.35905645582915
115517,15591.520158889267
115520,4657.801674034133
115522,1.0078312524977615
115542,187.85296046595556
115547,13299.908770501546
115548,0.0
115550,786.2608233988979
115555,279.94296373478625
115577,1164.7268877448487
115580,23.058783691239118
115585,0.0
115592,21185.769433660804
115596,0.0
115597,1162.6409726822114
115599,3746.280560486932
115602,348.6099171555932
115611,5756.241845662827
115618,4268.4661435071075
115620,32900.04202037443
115621,13.008556610519422
115625,6.565826528419408
115638,361.1465153064736
115640,153978.09956640034
115644,117.72173369944757
115653,788.763570025613
115666,4983.593545651861
115667,17.668176839896297
115669,239.79647358650345
115692,3.038608827343617
115693,535.6026006560589
115696,8149.677654620884
115702,223795.31212702586
115712,234905.34008455495
115722,605.2494180030563
115726,254.5722066139347
115733,167.93084214063745
115743,262.8889698970878
115745,32308.157855111585
115749,653.8333431128533
115765,64048.49588433461
115767,1323.1331609900146
115805,39774.19986737224
115807,329.23150747651295
115815,584.4530433346217
115822,48920.56199759206
115830,9315.159999286285
115831,121.57821756487611
115838,4.309802676899329
115842,732.8672389316902
115844,418.2028562428115
115860,83191.24013434605
115864,1031.1378813831511
115882,1.008816760052149
115885,305596.1201360997
115893,238.59447583295537
115904,4449.716589492257
115905,571.4062551217161
115907,7950.430435277374
115908,431.8167982620905
115917,4639.6968759691235
115929,76963.92382785985
115958,295.67785045907374
115963,4197.639088433431
115967,54.29820360903916
115975,207.60065884484516
115980,1387.3393594526708
115986,9196.499438335319
115990,7689.6704258189075
115994,61.82431845583522
115996,80.06220501554007
116019,6505.994733759986
116029,62.7361169816748
116033,4928.76539347013
116044,5713.573451561721
116046,6.379884394034715
116047,23.990213063588747
116051,3245.3018055486637
116052,124022.91059475653
116062,873.260709299907
116063,202945.94995948262
116072,111.94985379972886
116074,0.0
116086,6372.265649847234
116087,362.2402689982761
116090,12997.071776236024
116092,93256.98735057228
116095,7820.681281919021
116101,7480.6053097587965
116102,841.8479536468744
116108,1273.4357623381388
116117,1.005925309529699
116128,1251.1962811422657
116139,189.89646198509226
116142,946.1271351653384
116147,12535.960945871062
116150,721.8698766258098
116152,7020.438744406075
116155,790.0835012747505
116156,124980.13381034504
116157,29.76639780184003
116169,587.1775315976708
116170,12267.559748591137
116175,12922.732384414294
116176,3843.0474070566934
116177,2297.9828148195434
116181,7675.194593559656
116191,79.69760861023197
116193,9.658800503142755
116194,8019.69493627645
116201,40.82619246476258
116202,16079.97967680429
116219,64.96511799036385
116222,12666.846259483484
116244,18047.977531321492
116255,5.897320498915244
116263,1819.709817494786
116281,416.822131390137
116288,788.6642943118939
116289,794.3208872400261
116294,268.3028975779275
116307,3090.378159761982
116322,20754.158394005914
116325,556.0681226899352
116329,44.316947307701554
116331,6.692956299482888
116342,71696.56296936623
116350,370245.8571861217
116351,24.1700202664253
116352,118.8156943310478
116362,24.127386338129128
116370,1203.029647434891
116377,4753.6957543604
116383,3.894084587906007
116390,238.7391882352613
116391,41389.961894438005
116395,39.365230639602686
116399,619.5801302995719
116403,101.18711677123564
116405,158894.13207745855
116408,653.4441812009889
116411,837.3220087271351
116421,603.660881250058
116427,1331.7836944864664
116437,896.6280235888653
116439,5173.014341710608
116453,13.186011769805306
116456,342.2443227587884
116458,4518.651462290823
116461,3500.579008392772
116467,825.6478460189246
116485,3824.136674985554
116513,256.4423292898044
116514,694.879528748657
116515,3373.9703978677135
116525,1006.6600556128269
116526,68128.2752660946
116532,76.04825805172932
116538,0.0
116544,0.0
116547,0.0
116548,14295.580364763731
116560,88.66731081409029
116567,2.045686790419297
116571,4.074909283518488
116582,0.0
116587,30640.551122345427
116588,0.0
116608,5732.0913300722505
116619,2.8754614727801564
116629,37.99189146311819
116643,3053.117254862137
116644,35375.84163506242
116647,1.8275169392761104
116648,174046.70487469112
116652,2022.4378725703596
116654,16.70605625609887
116661,58.723325817975024
116665,168396.57313569833
116667,172469.39617499406
116673,3940.95701908854
116685,684.5895461723181
116693,99.50307447254089
116701,981.9280250577752
116712,301.9725575044549
116714,8151.910827882589
116716,11.617874978634267
116719,1087.7791666188748
116720,3098.3104890765057
116730,1587.3123637789965
116731,24691.532334531807
116737,1245.9040790245572
116763,3982.4167740306725
116768,16473.637261213138
116769,499.9775877051911
116788,288.6310405382499
116791,1394.5266160441129
116800,1.8424703727201779
116807,12025.142760766385
116809,415.04357672184443
116818,2678.8306554367136
116827,7991.5698767755375
116832,5.278114710228669
116845,5827.16139084001
116852,6.896097199378767
116856,615.875259576882
116861,364.0066835331241
116863,11960.705800915874
116868,29285.304046009795
116877,2999.5916578725373
116885,6.045222025526664
116888,828.3699729818942
116891,322.80881393410846
116896,100.88527684664318
116907,289.77614225733123
116914,74850.47927834695
116915,23100.31916389035
116920,6761.140511140779
116922,962.7783580662536
116924,322.09348429886126
116927,7668.199504919421
116935,81862.883651482
116945,7639.505580709072
116951,4439.258366548057
116981,1386.2821646724137
116984,320.74651919388015
116991,309.8592249815213
117002,3.698731391484774
117005,3198.763179337845
117007,0.023265410621390405
117025,13956.564473201908
117027,3146.5458619267674
117060,0.0
117061,0.0
117081,13905.280137539128
117083,71142.14588675246
117086,923.3263524649294
117090,0.0
117099,0.0
117101,0.0
117106,2082.268174285484
117107,131.92411105408127
117110,6191.130595527176
117114,43.38780072209542
117116,785.4512043436454
117126,988.9474992630664
117128,186.03713828184803
117131,19650.223982031388
117133,107.897949119841
117147,13177.372340683492
117150,58449.12975362612
117158,1842.3622766275798
117169,703.4829633147876
117176,47748.49935757943
117182,500.73212274995103
117216,469.7335700303192
117217,1673.2653898746078
117224,40.75076454294092
117229,22.989032936506877
117233,48855.11058661511
117236,660.5847475005279
117239,131.13738753188355
117247,3.8529737163906037
117253,4854.576903158676
117259,0.9982982044022458
117261,452.54880705477314
117271,839.7487962085086
117272,16828.30859176022
117292,22665.720434867522
117297,765.2370682474474
117302,126.5963695519622
117315,28.27204753408784
117318,62.067197272077415
117323,141552.45535393144
117332,13.07629561843511
117333,1130.9219797481053
117341,25554.07762711393
117345,3.157129546309206
117347,7434.078630532029
117352,1135.6697170710358
117362,1.041811587355721
117365,1458.6032704032718
117368,644.1640922176259
117383,2591.6937593844386
117384,568.7629379614772
117389,10.281062363665704
117391,18291.51561761735
117392,2110.6203611513924
117396,1.8134485363760822
117404,1235.90381005044
117407,838.535755044955
117415,4572.01021075551
117418,224.74074777161852
117435,92.15163755704036
117436,3181.7790697323894
117442,56.47196838129318
117443,274.843916105674
117447,1441.4547858542335
117450,6.080375625029623
117458,322789.75375108694
117466,66.89044798026916
117474,125.67510664503718
117477,8.23306872377186
117478,212236.69362487816
117485,152136.5546239106
117510,26.74058158809526
117511,276477.994646712
117517,1172.8115068906775
117541,0.0
117542,0.0
117553,106554.00525686168
117554,302.9020515311676
117556,64.62926488627075
117558,102.02928287492932
117561,9503.111224744152
117570,367.3395045991236
117577,0.0
117582,1702.2722815758766
117585,0.0
117592,144250.58213280546
117600,960.9359058329628
117602,25383.448963234987
117605,88020.72762884074
117607,136.89131524543805
117608,67.16084256222418
117610,414421.9413669974
117615,90120.50409596169
117616,332.75397534054474
117631,686.7832253854538
117636,10159.48230272193
117640,4990.410819222785
117646,121.95143141743837
117650,194317.7103736009
117652,87490.12626287721
117660,334124.9717747455
117661,331.68581946219564
117666,31.866034157264792
117667,42116.59472344915
117672,404.5098493439006
117695,4020.768020642534
117708,245.92363318517877
117710,446.13139264360433
117711,55.95090216682703
117713,516.4758164551514
117714,4211.112596235509
117725,4786.273496173209
117730,7.761436412097313
117744,23.571492645016093
117752,3236.2987422939646
117754,57.572084595467246
117767,338542.16264150525
117777,174.46569606032293
117792,2506.358390445479
117796,597131.8644690227
117798,507.40465692739537
117809,1959.450247703031
117825,751.0397303904614
117830,71.68067456919438
117838,37.02211362942584
117843,90649.73443643816
117857,19.85053320327673
117863,9179.412038934033
117867,87233.79286239005
117873,6234.169569821616
117899,0.10245714102051331
117906,24360.206689470757
117907,54.356529994289616
117913,103018.0405134807
117917,4851.390954931373
117920,29065.155902049242
117925,231.79669093508076
117928,11819.277416240166
117935,36571.25356987985
117937,2.019906307625016
117942,258.2467016754066
117946,55.942472495916384
117951,6.474135315963885
117952,7319.04038655626
117953,2.205538192833607
117961,1.0676935836283235
117962,110061.62908177605
117965,70123.23747451186
117971,12800.959959799171
117974,84189.11842842419
117980,1266.885331449012
117992,1788.6394880922846
118002,3348.622013762721
118005,1.0433884385434227
118007,0.0
118010,0.0
118019,14004.189715276449
118024,7.0331366507509845
118026,0.9719910775479845
118032,25425.53900533989
118044,21.576958302429894
118059,8642.791036093397
118064,0.0
118075,303.47053975118575
118078,5506.371396085212
118079,15551.092544112198
118089,4103.836748457447
118092,1.9703510066875618
118096,10615.26135682124
118097,16935.26087187775
118112,2367.1542096979415
118114,1.9521854321350303
118119,4172.914091176408
118124,10970.853917655908
118132,1.8132147430622858
118139,98.42391259514395
118146,7264.584600850773
118153,0.9236294235786904
118160,15104.739768938074
118165,6289.271049522548
118178,5557.132726372479
118183,5.69341777110185
118185,74.79920933075412
118191,0.9939314284156144
118195,4593.152645428508
118198,13296.58899688879
118201,88.12144284426917
118212,72.51459400726664
118230,14.173378586495625
118235,471.3224195901956
118236,725.8596306279127
118252,855.9987485810553
118265,1316.3191350457241
118285,647.696642042113
118286,24.084576113205873
118291,32842.45443079998
118292,15.473560430868913
118298,18.842130356338597
118306,1539.0445538282754
118307,33629.158962827576
118315,0.9366610421634335
118318,64.59954171858158
118319,181.8077110340934
118322,14232.568274755147
118325,17105.22044564253
118329,21.781519910189928
118350,53.04590684423277
118359,24770.42206425784
118361,23.917948344682788
118365,40950.795991640145
118366,26.10011988918027
118367,62.53205823780311
118369,97.08997591381531
118375,44326.57691105069
118376,4930.924494825521
118382,1008.3804488512569
118384,336398.9212809246
118385,117.44812911108151
118393,3.0808765306393595
118397,375.3794782405658
118406,4503.739792188973
118407,47893.257406760145
118409,397.8347904802718
118420,34936.49646892206
118424,93.3836970657432
118427,29731.368053089613
118428,3857.4230026690666
118447,238.80997809394282
118451,4017.38010231738
118462,2.036381957600228
118465,1389.0240961516201
118467,2724.6530583698523
118470,18.213847953491776
118481,3614.8596488114003
118485,13584.70288411736
118488,490.00475698325425
118493,3129.6776715152464
118498,102.81935384643891
118503,1027.0958755466781
118508,317.0322148232182
118517,22.80399699925567
118519,1955.5604493126577
118522,3204.7122915476357
118523,19786.298735917477
118530,0.0
118531,30.435150490834385
118537,0.0
118558,9.630716305625022
118564,2091.6694861113256
118576,961.1703533649885
118589,4994.982301430788
118599,617.2834119934595
118612,812.6845394928827
118621,101913.20554946865
118625,1819.7214025561439
118626,520.3681092081318
118629,313.2074670110511
118630,209.81640156860007
118632,18620.884173983537
118636,2343.935704842358
118644,35.27528769839808
118652,1510.2703533902811
118656,204.87179090738834
118671,93.755332123144
118677,6.933352008693129
118678,1266.5058340376695
118691,2518.4193921255496
118692,5982.137963979975
118694,380.4239107324365
118695,788.7836527895665
118705,7.640254174930216
118712,250.9243737968089
118713,196.45175481941635
118750,4541.423925108389
118751,2002.9907284232183
118770,5945.780816788854
118772,3129.8521819674975
118783,76.3041435502003
118813,936.2955836088055
118817,1.03964380462676
118821,34.73678001801314
118824,2669.961130401319
118826,1663.2572707659358
118858,139.59549745204984
118861,13241.149813242146
118862,2904.9392519747003
118865,1.9356996269762516
118866,45.00791237014292
118867,7943.893187870576
118868,692.4214000018028
118875,334.23064891487576
118885,2928.54028776551
118888,1767.5220331560392
118903,1962.9614108389242
118913,202645.7038734146
118922,303.820322315184
118932,1484.130088757677
118933,35217.59833790847
118952,64127.98665814337
118961,1.0420415269922545
118978,1102.909227544691
118982,1603.361939306174
118983,8.685155549219147
118993,210059.32701907845
118994,28.1288590497266
119006,72.52755188515185
119014,39354.035053972686
119016,970.4054212893061
119018,161.499656453392
119019,1.897742924377665
119020,156381.63480535374
119022,65.51786731185047
119024,14.558272899056986
119043,101.24014990710386
119046,1.0311585790429267
119048,1.8669193907870603
119054,49812.536222924566
119058,345.7993422613775
119067,407.43757128551516
119071,0.0
119080,0.0
119081,0.0
119088,14181.371837929706
119091,0.0
119096,2487.3265461177425
119099,266.2452631593104
119106,78.05965775249766
119108,3110.4145653790765
119115,477.14476502904023
119118,1.9753573877194675
119126,4.061339956951015
119135,50913.719319351076
119138,426.10221172221117
119143,31314.05609905201
119152,110346.27817935942
119163,154.71505738202166
119167,1114.6271119219723
119169,1607.9743318249762
119177,72370.16655539605
119180,163.58199553595946
119188,11437.832721767754
119194,36206.16562245493
119196,86.28706255984923
119210,47602.06446493405
119213,6638.745226315857
119246,14.067831349156513
119249,29956.025928854608
119250,57725.43424124192
119255,345.6410598208833
119260,7695.313450838566
119261,1.0079973470667247
119263,10659.645333317128
119269,23.080664030887924
119272,286.73627412878864
119279,73.88211299912139
119285,123133.4816491453
119295,113501.83066493623
119300,1371.2893606219914
119301,1.0010723074001064
119304,10911.504736732255
119308,39.094431031682
119311,80250.44827152615
119316,289566.80488665844
119326,2.6746539293930067
119327,686.9646435392589
119328,2.23630124514495
119338,4007.2025174307105
119344,115.61425058058082
119345,1.0157725023709347
119356,2742.8255339367006
119360,10401.80226229958
119375,688.6505036593614
119389,19597.875065398206
119400,951.0558257578404
119406,21.732695639788552
119407,155.8464052130798
119415,13053.28321016103
119428,203.21511805903438
119429,9355.217415603143
119431,2750.125228463809
119435,109.78903511421471
119442,2146.09931402995
119443,34.29528990922783
119449,53.67428349343102
119451,13.535334443335072
119454,10.383160575116346
119457,0.0
119459,1089.3619301595159
119466,2385.80438395663
119473,12206.744809655489
119476,93599.13152717835
119488,0.0
119490,21464.468601909684
119499,12.022163857299489
119500,208049.7885509403
119506,47.6146579800829
119507,82621.34788109238
119511,268.62886570730825
119512,3453.3820693729654
119527,72.99258250260128
119528,446.9986355842391
119533,3577.182669393034
119536,79.58085970818168
119537,2474.262411107399
119547,103308.17038192056
119552,48.62467223538921
119569,102368.78564222969
119576,815.2323971466619
119584,243.43677656642106
119586,6674.056333770721
119592,1981.803108889549
119602,28201.638629830864
119607,10291.331037012173
119610,676.5863544280045
119613,12.68900121475883
119618,11349.266657542283
119625,757.1218774770603
119631,180.57801160067382
119635,59.36699071876399
119648,1045.0592172734464
119666,120.42297666328156
119675,1547.027264407035
119680,15962.128844410161
119692,527.8408583340129
119698,1055.8265246590265
119713,117.58005387556895
119715,919.3402468549594
119716,485.44629368234496
119719,9531.044139995045
119731,76013.53686185747
119733,25897.550682297868
119739,111621.0401863979
119756,0.9618727051304857
119761,2336.9215355575407
119762,27129.046014161442
119794,123.99053097206748
119799,19884.810353155815
119803,73.02807401647327
119804,85848.9200470567
119805,7700.4181603835805
119821,235995.252260138
119835,23591.36645680766
119839,4364.169964945488
119843,14246.34673629146
119845,933.661242960805
119854,0.0
119862,0.0
119863,0.0
119874,19609.720218856924
119877,11557.967374191612
119878,0.009626217268884227
119879,8514.976260786509
119885,92249.35739135444
119887,2062.0986127475535
119889,12.98098838355478
119898,581.404589645996
119906,273.0161669551048
119916,7812.120691097438
119925,62359.12513363178
119935,5625.823739446013
119943,10036.634427363806
119951,8029.887253247361
119952,2021.974100330756
119959,5325.574256743884
119983,32.81933567405455
119985,767.6775660343875
119986,6761.570644974565
119987,4065.096447589296
119999,4.387218288760225
120000,3767.420735261832
120024,3395.7851342763624
120047,0.9913405931989404
120066,1.046444912289088
120068,828.1043682653323
120069,3941.2275658516246
120075,101245.21963452919
120077,99.67788937430562
120080,325.67651444368266
120106,28039.691559207607
120110,2255.517751759807
120111,296.70682595455446
120117,50.057265975880995
120122,119.59076273166959
120131,9227.639516168301
120140,194278.74027069428
120142,32499.89954692876
120146,23.07974762454097
120160,5163.663711668502
120164,0.9263473785658017
120172,18091.66159350589
120174,14.942359365618987
120187,726.1238396292405
120192,650.6140005995296
120200,25900.132083218363
120202,2221.3813822652082
120208,3463.9521590081154
120210,313.3731766308143
120212,21764.02738800998
120219,0.0
120220,2.97258202639384
120224,55539.4316317802
120238,73.38577096118028
120240,3142.299279531237
120253,57133.8041032319
120265,0.09778989908351839
120281,1170.1745908964392
120287,2.024331253909539
120288,16252.376495439044
120295,184.27614671827402
120298,3391.840360367941
120307,0.09754865235129279
120310,10534.603251675531
120319,1.0205081771035336
120326,154.3960414107408
120331,139.37466718479814
120333,211.67387474416964
120336,0.0
120340,1295.964485175511
120344,0.0
120349,40.60589049925696
120366,0.0
120379,1273.6043520202686
120394,4619.908929618995
120402,243.81662372499537
120406,716.4390890066117
120407,20.931050632350257
120420,3740.9151518647577
120422,16959.462250659137
120427,70180.0083003123
120435,29.37039636331877
120446,4231.173962806509
120451,797.8477553965274
120461,552.3776676887938
120468,36010.01739152835
120478,2397.9846850464146
120485,2887.901848226383
120490,1.7852161154940303
120502,10374.426541889583
120509,17.88434886638637
120513,4594.761891286887
120514,3021.932062400091
120518,0.9721595535014343
120525,7995.830288125467
120528,53.1075493291049
120537,2037.1536797558708
120545,9.973380330272331
120551,7.154984325999343
120554,4.09268808565002
120555,1.8752805333431362
120570,1383.517686523848
120576,2.0899134169620663
120581,223.744319833902
120584,5.959685491806497
120589,6622.761187752827
120592,14.12965232528908
120594,66373.33947291896
120602,1940.7283066755706
120604,2741.787906397624
120613,14974.329876696505
120633,1855.862362205022
120638,131786.18532092817
120640,74.79025889088483
120646,207.53951589955264
120648,0.9820678089259244
120660,101907.90141630697
120661,75.10285289934403
120663,136.23250475470473
120669,322.16786147778254
120671,139268.70002813276
120676,94.60045325691492
120682,21.64698992671172
120693,7328.959524469461
120694,23.84125494345775
120716,64.29181097266515
120720,66.78610477443782
120726,26623.50773500864
120737,1599.844788186284
120755,2564.817537987541
120763,54.85459376273289
120768,7005.094767389075
120769,279.90632104349856
120771,15.003601810749183
120775,7101.83288559131
120776,24565.09941416609
120786,2946.320785778016
120799,105.48217900380135
120815,93.61305964091612
120820,65801.08794813101
120825,232.14754421508883
120827,18727.651967885427
120829,416.3628962111749
120831,30.96126069204047
120834,94.7599183369227
120843,2989.5951465075523
120848,1482.781731415674
120851,57.73005323730961
120853,508.86503617706126
120858,8539.448151298056
120871,849.1032686205249
120872,3875.460104556582
120876,6349.170945859775
120887,17756.456086339334
120893,2460.308296138798
120906,95.51157594430035
120924,1461.3604755043561
120933,99.49275112061089
120938,18045.91343670528
120942,1944.2149327587786
120945,2961.7885971271126
120946,27675.226957744024
120973,1603.2056997393345
120980,43098.61910229662
120988,0.0
120993,409.01745453077785
120996,3608.0932570527875
121010,4927.995746032774
121014,6531.118579629142
121017,22537.905302334217
121030,0.0
121034,142.74347064380459
121050,20990.377089062455
121056,25484.88603004552
121062,6286.2480946420665
121068,12298.288995372015
121073,17653.32174322606
121084,157.21998891434905
121096,9626.10436423922
121101,1133.4090532273747
121104,379.6370711263949
121120,89.93114892893976
121129,11801.693628536847
121138,2.0136128980730295
121139,43.394619518926774
121143,27930.691865670557
121151,4638.649887396871
121152,4243.364371789002
121156,26642.072943743813
121158,7735.098717558425
121164,24.83906583185759
121175,12684.144021552373
121184,292.57065204156856
121211,1851.693440236607
121229,1094.3494253978545
121232,9127.209159842498
121254,905.3696807819186
121264,1735.0402502973302
121273,1169.9767433040186
121276,10112.651113168291
121305,82.85834483528289
121306,1390.2869989829753
121308,284.2207380176779
121317,26122.08605941902
121323,4.786469702696851
121330,75.07368444058875
121345,178.5609109531348
121348,198.88673504401746
121350,5057.519507274235
121353,1320.4466717018588
121357,95.1101237700557
121362,420.2263950477545
121370,3.8535210256425807
121375,9716.562771708128
121381,950.5031569641892
121382,326.0682449196826
121390,59.00905200203372
121391,25477.26295547266
121401,0.9560509150734481
121406,7.934060749677322
121410,32.74410016579997
121416,16.776767317409444
121419,4795.863344611301
121422,15.12654806217064
121423,4.00793635544592
121424,3.0267151347150922
121430,3.88690001062802
121443,22.007154856491294
121454,1.0375794612248272
121457,15066.007105670873
121458,1107.3586353709934
121490,0.0
121500,3.3817505141943394
121503,7.629236261030583
121519,215.62985144195915
121523,0.0
121525,0.0
121528,31140.69908317
121530,2944.8872098053334
121531,218.235784807566
121541,14016.128785182804
121544,278153.2894381515
121550,220.75122585771769
121553,363585.7701050551
121555,21068.877257570664
121569,112.88113475801215
121570,414826.9858152038
121571,7.458417203347982
121575,59.828950127647666
121589,5493.362615639664
121590,11.555625976542663
121597,1571.1194214384302
121601,69.16772841230592
121610,98.72199201616813
121618,468.3646580353853
121628,470.00893340030814
121635,75.16204128381676
121636,2442.0910636084427
121637,12.81893764943272
121638,93.82586415055265
121646,3541.544822600674
121663,18030.648705823987
121666,2030.391950375502
121670,64.5246302823066
121671,698.1307004910446
121673,6.714741162158371
121677,80.42564172243416
121706,142387.8672031937
121709,140.58141015335417
121712,106.64087543569158
121715,4.145125024858575
121716,22841.953856264343
121721,235.02811480823948
121725,2.845605130815199
121729,1541.6922940921302
121732,635064.9273279741
121745,88720.53068322795
121750,49.294505748165356
121753,15764.69462835758
121755,650079.5105248132
121756,753.6916682034641
121758,33.75434675463959
121777,5369.457408240604
121781,99718.86792467539
121793,99417.6540898508
121811,19.388109956925717
121822,1679.16153168587
121832,367.59763774116436
121846,310.5177868017661
121858,485.88509687740236
121861,7.623288605924949
121869,19762.98454177164
121873,247.12985839666203
121875,1151.9044388333377
121893,13014.11839342689
121900,195.96955550626942
121901,1789.1552927571704
121902,882.2781572657109
121905,19883.057148173895
121906,0.0
121907,0.0
121909,0.0
121921,717.4824354942702
121923,2818.401279068985
121924,18.527275794786693
121928,566.8318055818893
121944,0.0
121945,0.0
121948,45.72387332074927
121960,24.874520564896034
121961,13.27595613508677
121969,1055.579139025431
121972,1307.8721059221448
121976,4.32160579524469
121978,890.4649443598347
121982,1947.216699530928
121985,6270.587027770085
121995,2940.436480369913
122003,762.2130572487051
122007,593.2830824315677
122025,13.090812423099926
122031,666.3587836995512
122037,414.0286733573016
122055,30.200434288263573
122057,12.900101414370923
122058,526.9254841625896
122065,669.8702604836911
122077,553.0926940287583
122097,5299.210693633705
122101,971.5834398408653
122104,28408.979873687378
122106,676.357227409173
122108,638.414564746694
122112,6.12288835622852
122118,36859.266612189575
122133,152.73976994388403
122139,1033.8324704391591
122144,296.1360471879507
122146,445.01400683993995
122147,4196.275043280022
122151,46528.88865115537
122166,939.9550037925345
122167,3015.1700419423773
122168,975.2773813694329
122177,451.6861361822236
122186,3139.4637020711725
122195,95.53500368427095
122211,10.405790306713804
122216,1.0335467441654964
122224,53.18397563816948
122235,9521.640190248207
122239,494.68998568299514
122246,6486.122220478023
122270,46394.2133541161
122271,971.1499077255604
122274,1595.680701376476
122293,112708.95517633916
122295,636.631649836317
122298,38313.8794093515
122300,0.10436239844547757
122303,24.772168662815165
122322,492.29757325754787
122324,300018.0769591548
122334,461.61995364780404
122346,637.5349455056858
122361,107.86186332158663
122362,0.0
122364,0.0
122366,252.9721238688436
122373,596.0352018784716
122376,13735.62928865614
122386,192035.8323957611
122393,0.0
122400,0.0
122401,1191.997253055114
122411,0.0
122416,21773.068481554412
122420,133.38087000330012
122433,1412.2843320113816
122435,18.418245268447368
122442,5.404274641914468
122449,191119.23656824397
122471,8143.067979780163
122481,201.07894745547213
122485,1680.4900205816416
122490,4294.066077360745
122505,422.46443423622316
122507,1067.7883652907003
122508,1685.8752953873116
122527,2510.440196077434
122535,90.69701138945672
122541,17164.515106640396
122551,521.1749147791631
122564,274855.13489937305
122573,403.27691167487575
122578,190731.76280623398
122589,993.5269112487352
122599,397.0635557189479
122601,332.4639505458009
122604,75.24124597103906
122606,14807.18758365671
122619,4049.6528941884203
122622,2666.806463554442
122629,17.635132787758657
122631,309735.5475258722
122639,308.6921544249409
122647,17.207841412603244
122650,5204.144175344656
122654,8735.479703743493
122677,6074.158660624559
122683,132.6573025595892
122701,12932.463830656587
122705,7543.806235512266
122715,443.80013176675084
122720,101.13408102278309
122731,652.163713320901
122732,9485.261885513022
122734,480.2034255373111
122744,187232.8878404215
122756,184.7778808452321
122763,683.0871249928695
122766,575.7264400144801
122770,196.256645721252
122774,1731.8898511961252
122790,101.450645385109
122796,408.18466795474296
122799,4029.368463105358
122806,158280.88461855863
122811,11249.35666982295
122820,5855.5247973676605
122839,183.35818921130493
122859,1499.156699171328
122882,7164.541624403969
122887,4712.316661398311
122892,4284.045207146022
122899,384.3241805711002
122923,2324.43393609076
122943,149945.34676156114
122945,5203.772668630114
122951,6706.1610603648305
122960,25.329453009441938
122961,9308.310953538003
122975,158.07631061845356
122984,2.9550067821066794
122985,266.3706380478032
122989,26.54592677953531
122990,2740.563623429823
122991,37.055318184319816
122999,2296.581043519243
123001,68817.14259139767
123003,389.06090784746715
123025,2374.765556837554
123026,110071.85634833209
123033,6083276.942555085
123040,47.73639107713628
123050,12951.683671379758
123056,11542676.233864648
123068,167755.9670963074
123070,216095.568541423
123076,3068.764633585968
123078,98.1780464406155
123090,9436.127900302643
123091,102.42192114989133
123113,46.74308535446197
123122,3942.5806883856753
123127,3651.955612468442
123143,9568933.204498034
123152,3291.6065891329317
123154,37362.794572103376
123164,60342.94509323469
123179,2974.192771138084
123182,257581.56396024878
123191,926.503321310717
123198,5616.084714118184
123199,31331.807203862245
123200,1970.8279165060644
123202,59514.66006076623
123208,32294.83328786612
123210,1242.9854530337698
123225,1480.374283783611
123233,2394.9118916804273
123257,10289.109492893404
123261,2174.0056496626767
123267,42094.7175432222
123270,165941.49596833347
123289,203829.02211028177
123299,15684.000812645232
123300,100.1329962686405
123305,681.4201497603749
123307,26596.97901622055
123309,6227.548164543376
123323,19039.796188389766
123326,0.0
123327,647.9095658593989
123343,20863.82692467531
123344,943.756947650231
123349,1223.8968930471208
123364,70008.43809386944
123371,2761.995624946739
123385,723.3371623519294
123389,42.93293910386598
123397,461.5302360817467
123406,8437.24666528814
123413,1490.2364986501511
123416,62858.27619092085
123419,283728.8165608422
123435,53570.9798728986
123443,228664.53176027947
123446,9317.591832636568
123451,2050.792684791553
123458,34396.74885885432
123459,102.6399885493652
123463,7632.344078896167
123468,614.404932299055
123472,92235.21171884432
123477,12060.573731235805
123486,35948.43227731551
123503,100.5012503776276
123504,123970.85165909743
123510,56226.13215072364
123518,849.7407832385613
123523,3521.796483764503
123565,29729.798788607925
123572,5609.496125694988
123574,103.82315525773072
123577,0.0
123586,61341.87053783016
123591,163771.27573167058
123598,121305.04333213856
123599,314.9265802838317
123608,104.2615789462084
123609,97.89761233747204
123626,29695.814935853068
123628,1324.8743937079394
123650,26777.690763979826
123651,105.37800027460132
123652,96.47284567524656
123657,209.2956437902159
123684,6013.835004585853
123690,1186.232959606182
123691,93307.70519213748
123710,100.93301837235546
123712,59211.224258271955
123716,227126.2401236542
123720,100.54515097974155
123723,99.98215312331547
123725,50449.02020352446
123740,16620.310999457073
123769,36.59196896824184
123789,5515.964553099504
123796,525.5206579161598
123797,51545.35996117311
123805,1476.9719351544145
123810,60075.93019718865
123824,110726.23486614045
123837,28181.134680528758
123839,3031.7386759490464
123859,2667.6863518624864
123864,492060.803411383
123868,99.80024726415756
123869,52.82869263607386
123883,94.67385194166002
123891,23407.131846758344
123895,461.2520867660963
123899,291.8046503679346
123911,100976.55553401735
123931,6826.976141682477
123943,2262.9195739089564
123957,34787.38077965943
123959,4780.192457297565
123962,431.9274626628451
123967,5039.070751651734
123969,148485.5179750415
123972,89.76768700598072
123974,6560.3469705805
123975,66671.9990060148
123980,13554.783314171418
123984,5255.506374328658
123986,67463.71503160938
123990,411.08125263564517
123998,1250.0685768406154
124005,110.17398510484514
124010,91204.4973037962
124014,3361.4192187016006
124018,1117.0829737878998
124021,1108.8356803615313
124022,3617.995532882571
124051,84697.19320368626
124057,40899.03841300969
124058,385.61848492958507
124076,6674.73114153898
124082,5278.280991003776
124086,115.16040617714367
124103,201.3457888614341
124109,402.6866291631409
124114,2360.897901820528
124126,5226.607529018572
124129,1222.1517773412368
124136,189.62625873232037
124144,101.61705298415036
124149,6843.652127385922
124150,89.79629090116225
124151,105.95882689098772
124154,3673.3182053450023
124156,41850.415322486486
124158,622.6688840783579
124170,7225.752198666359
124175,5.557078919365584
124191,17626.50271286206
124196,7633.060991940775
124197,303239.35566534445
124202,1286118.3356403813
124205,45402.72890929111
124210,1022.0848760776354
124221,14.952857854416855
124225,915.1058968395484
124230,3408.0557974221088
124233,80716.4784309288
124238,5053.860143751614
124242,302.2681169195259
124244,2083110.7805431446
124246,2493.661322203048
124253,161867.0466948534
124255,93125.40649242708
124269,9225.206355061746
124287,182.99174274307998
124290,493.13004191277366
124293,3221.165927212704
124295,95.4017595369557
124314,1947.6466919231143
124315,208.42961888796253
124322,894.1256049632373
124325,835.6431562651171
124326,8675.577504442812
124339,1454.4480384624103
124340,137.8643068663514
124345,3040.6653604316107
124362,1792.0627050378762
124365,7693.270924876977
124370,2794.83864980142
124380,123139.13687964571
124382,94636.87693648782
124396,1697.5352119244205
124402,45757.72269137633
124411,8323.064509752994
124414,5449.717039053532
124418,2464.965814505228
124422,4408.784395985097
124430,8301.612629965266
124433,873.1630432898189
124434,2802736.461758249
124438,76820.99069184081
124450,3721.2985596856793
124453,1535.255661281549
124454,3589.1704680314047
124460,2463.3975526029467
124470,3455.1199413480385
124471,12113.06376484521
124473,1917.6961246649046
124477,21726.089405751358
124479,5854.963705028139
124481,141978.16542348432
124484,929.3453970070922
124491,306.1190094371956
124496,3548.190611016156
124501,2894.7819162888422
124504,1773.5125423543539
124508,4801.186746440663
124521,9320.27789664176
124523,834401.9182403652
124526,112044.04411978432
124529,2746.9822334801697
124538,4904.146733717482
124540,190470.16751606122
124543,1009.9174473500893
124546,23173.104514159506
124555,126782.36391721158
124558,4483.485664907603
124561,915.8544425097073
124567,18168.66101225674
124577,303.9246402083219
124578,188567.3161274462
124594,13559.296458128527
124598,717.5506246866174
124621,16.06782502822685
124624,23338.636342767353
124628,3143.018147329041
124634,560.9162730861701
124635,13698.874552285728
124651,298083.3362740649
124663,40057.597578320274
124665,305.4205861792514
124667,185.12181225062812
124668,3844.350329077039
124673,413.4394807348593
124683,3954032.025040996
124684,2213.0730353546996
124695,108662.30522885319
124701,1780.308020361654
124702,106.23176306470216
124703,976.2737367080618
124706,118709.00804509249
124720,312.2405871856806
124724,284.2430167370288
124739,101.64971201194992
124745,26709.46598163335
124748,2738386.7744932338
124750,143213.5206069424
124752,4857.518708935646
124756,207.0242001071805
124779,4647.006810840997
124780,1099.8349382664064
124781,95.07002249901548
124784,491.4488108908166
124788,129121.85461399818
124789,94.2299542472019
124792,95.76744975669132
124809,201.00951059312177
124813,414.1187472319035
124817,344999.1861867602
124819,19677.838802966486
124830,207.80505018898813
124831,20751.861110423877
124844,15101.508950027204
124853,9.89882763128562
124855,316.943021905556
124864,1056.3789098491095
124872,5846.601051467926
124875,186579.77638966602
124894,94.24708632697369
124896,179436.74503096062
124899,10128.056647732034
124906,8.835085511840386
124914,213.34673246739354
124926,8739.643739070229
124936,90.84323710122322
124938,117326.4083768131
124945,101.12058885416944
124949,91.1155585818571
124951,59811.54111032887
124952,5616.8676730602665
124955,291643.9890227797
124959,97.06483911043901
124964,103.92805980534993
124969,197.4396575629788
124974,5690.403514273446
124975,107.94186405964949
124981,8857.051860049598
124986,2991.4302309268196
125000,95.24255825426002
125003,104.9340849795912
125016,4031.659947648602
125018,99.69906155524082
125025,12583.22745893012
125034,97.86399011399438
125043,107.15587669328872
125054,4281.381203309206
125059,105.25685720238317
125070,9327.112513604314
125073,20132.856310556
125094,4754.7745169777345
125102,207234.3939248745
125105,41466.8620785611
125106,41892.56601832132
125108,1597.1601966776159
125109,1758.796357454502
125126,2736.1048322846304
125134,252907.70141217086
125150,5940.195148359752
125156,1104.251021020497
125165,19490.609656496777
125168,1769.9273432901791
125178,3623.7196397451357
125184,2739.0778791978037
125186,199998.92381883657
125195,104132.14954217845
125199,17403.826226136902
125211,97.37756142873087
125226,93.50920355143224
125232,104.16168893522142
125234,39079.33668226411
125236,257685.7066720277
125240,62723.00363715306
125242,89.90009978437669
125259,16826.27091145416
125266,37788.354309969196
125267,26660.638047492543
125282,198.72169774725265
125283,104.17591771001669
125291,12013.897228918033
125292,1499.112393348647
125293,86724.30979012819
125294,11059.409766154322
125295,100.41679397985132
125310,66508.48075936771
125312,1190.4776594438556
125314,977.8634466936986
125324,2508.7645053997576
125326,604.1581241212392
125327,16.238514619237982
125328,0.7767431315018758
125329,5983.862578710845
125332,1780.4781448858193
125341,2.104410480529607
125350,1943.0249469874868
125358,69173.07159894033
125371,16.05113075731535
125378,95976.8960508822
125384,986.6248491255539
125396,61046.71856654352
125399,73249.4926360651
125405,44311.95734260312
125414,289.55220679832473
125433,28150.317438568036
125435,200.6420820961325
125436,449488.32209387573
125439,35776.624554614034
125442,1233.6268025645547
125450,413.2348007936751
125453,19269.33916880003
125455,202.1797902127298
125463,3564.796753304546
125466,20733.835125116075
125478,8398.992199292124
125479,2660.776584904632
125482,3588.1180410143343
125492,2464.740972087768
125498,30240.350960020492
125506,157609.636071966
125509,1213.763887305993
125511,23887.918010517158
125516,314.08699576880196
125523,61554.68778878906
125540,92.07375703575595
125546,11494.380807990825
125555,135684.48034283772
125565,191.7020730118698
125570,763.1401346015064
125571,407.5620181795161
125576,465.5977111054757
125580,14859.165572338532
125582,95.344086621029
125595,152334.58325233974
125609,14008.897575136043
125620,10968.401812588505
125636,100.84323593848849
125637,199.24174234916498
125639,6308.388966032343
125643,0.0
125648,1073.6983158138655
125662,20083.435783041958
125666,9861.707830905523
125683,4491.929824151636
125684,215.09506287161233
125695,86.20261064141526
125702,83818.69730185557
125714,28503.678955563686
125735,162349.1337528281
125743,118.11865412658013
125745,66023.27160506966
125756,1955.369352146013
125761,3428.0483270223904
125766,205.38222752027218
125770,146311.077753532
125771,91.2234003633119
125776,184.7920553502877
125782,207674.98441109818
125785,201.8830324656122
125786,207778.65205182292
125795,20449.4766729507
125796,141007.4221091859
125797,11523.466652824474
125826,23388.459698372728
125828,84326.37739925065
125835,34715.42424284857
125836,18044.451607758678
125838,9902.85474892637
125846,26783.79844278078
125859,46566.112982210274
125864,5133.805350861774
125877,106.88181792517146
125882,103.05304007296148
125883,93.24750186575523
125888,34022.72305375687
125892,6935.460385974524
125896,1677.8244030056992
125920,9171.759961681812
125925,110.20169162477633
125936,8692.220247656523
125946,100.48730373458037
125954,6900.989540748727
125958,9.895226437801291
125962,7602.358745751134
125971,3340.0365137176877
125974,6327.389061083778
125980,9376.443083750188
125998,10711.324157103953
126007,13001.786775020935
126011,103.82224405594972
126012,99.07366308495087
126022,100.6126122272464
126026,98.46169255938688
126029,2886.897777349495
126033,4903.793250022156
126034,9328.680248838751
126035,104.6666364703607
126047,2697.887669385316
126055,1291.1921195203795
126065,872.0263758842415
126069,40.22791026004784
126070,193.72229883458883
126086,12030.958699580386
126095,100.7207015510699
126101,431315.2379741381
126110,1707.9724279287227
126113,17839.62976186056
126115,38.47107683832006
126135,19206.06017618694
126142,253002.52755911558
126160,2495.993566495383
126162,4105.609763816331
126167,29053.201865657855
126190,7588.5650936426655
126192,1315.4349973699777
126201,390.1561270514029
126204,1035.9980563876468
126218,21213.49534336395
126221,37934.19209117469
126235,90.57410891741796
126238,1033.5740379203346
126240,1311.7028319070544
126241,104.1104325086004
126244,188.2471497259602
126246,164826.04715717598
126252,845.1403794073295
126258,1272.3422655989066
126280,3664.660206013009
126288,4020.333122853613
126295,98.62068448950329
126299,5043.601741045367
126306,96.96566920979531
126309,98.77869982274277
126322,306.3200943977946
126330,302.210990582474
126333,10.15418461856332
126334,409.8998999463673
126350,291.8696029150539
126351,616.430116100815
126352,7951.592610730286
126362,2441.6089951597637
126363,99.65354815333237
126369,511.24678566004064
126373,2853.199751260281
126383,321020.7751756049
126387,1199.981669236608
126412,1.0376370393636407
126413,2208.22818060664
126422,4.818811188094229
126431,683.8040839174531
126434,3.971576068248996
126457,231532.25944301594
126460,107.66891134218761
126462,2324.9454676411956
126477,824.3580380560725
126480,1760.0114133273253
126485,6471.455823234733
126491,6591.761756356981
126494,742.7783514645682
126505,5164.89755406523
126508,3850.294810368277
126525,1122.336750282933
126526,4547.0415943150265
126529,213.2976073126536
126532,76.41922597997385
126540,1556.0657031643882
126542,99.70372575627749
126544,102.4000562481245
126554,1055.3292731385447
126577,6904.5312408020445
126580,104.98629089835521
126581,198.0098486815662
126598,3847.2041346410156
126602,0.0
126611,96.79087042620492
126613,3004.838333845438
126632,1718.245919363753
126636,97.12133977281286
126638,269243.368771911
126645,2331.1979892909467
126660,0.2747041650577357
126667,16.146824527262805
126677,103.23878655436016
126679,963.752867588795
126684,207.7806996351788
126697,22050.85568618766
126706,41.567712171029854
126708,309716.9594115632
126714,96.2843938152645
126718,7376.886433130524
126720,94.95697197749713
126726,1322.4849627326982
126740,1114.4880879917841
126748,94.59227362587627
126751,193.75831316518324
126772,107467.87382835719
126779,420.94601488360246
126780,24042.506980372313
126791,51235.46838951591
126803,10090.63741862511
126808,13262.551215052321
126826,88314.42602833886
126829,997.1279661179178
126833,9896.796334794612
126839,19129.304619283565
126843,303.06174861380686
126850,97.77312420286245
126852,1238472.103002491
126854,638.2866940142533
126858,287.59221784461096
126867,302.7897483730213
126868,10530.76768359787
126871,105.51866667326566
126877,7380.24209861878
126882,168.3418638301542
126887,99.36775172302646
126894,100.47860286295757
126909,107.81042406956674
126920,180838.55460003068
126946,11885.629402808927
126963,19.258852327657483
126966,3.786252820424889
126970,1.9402164425770831
126979,22402.661224945157
126989,71904.73541172252
127005,48636.5090367253
127007,3824.875697252553
127018,101.32353282950295
127030,94.00979319511495
127039,100.80956545112794
127040,1750.4902905717065
127043,59910.900149834975
127044,29693.629697263717
127070,516155.7021854846
127072,100.42170557008592
127073,250624.6197470449
127080,608.2089123607117
127085,27074.944613626718
127097,1204.5574363178707
127119,99.77710553629029
127122,4955.56133636401
127131,83722.22905014515
127134,16777.451844206797
127135,15044.269351225286
127136,631.5573974348985
127142,486.9087927141499
127151,347756.5803371851
127164,603.511657975445
127173,13156.63695131373
127182,1646.8469254887118
127195,290.20187819347535
127197,7487.026716516372
127207,12714.101519041567
127215,9.524985710498395
127218,3580.724495204607
127225,3302.088681298447
127226,219646.09273786936
127238,671.9159312432744
127243,316.174831555882
127252,40385.86018078872
127272,61631.88448905691
127276,53386.101902450624
127281,11770.532002430638
127285,35865.82812913179
127287,47736.114109868744
127288,2053.4769632869416
127300,18942.951046194823
127304,39808.306415001796
127309,429.7006536473431
127315,2717.9238890007136
127316,17137.9485294113
127340,2855.68690961421
127348,132141.13784643987
127380,1.067716695497388
127383,1330.8328660314212
127389,35932.187828684866
127403,144.66448063249635
127409,39667.6593124688
127414,169917.0416104154
127415,20263.496088970674
127422,65711.0010026089
127423,77468.86742831695
127441,28398.812220009357
127443,83694.76301886025
127444,35023.71747760627
127448,162048.69032624783
127454,239263.51139215496
127460,383.8809216678186
127467,58474.46334415514
127469,3016.393953797263
127470,96.3296603659664
127471,845858.9682066749
127474,99.16506614605184
127487,32287.24228863728
127489,53986.56158538928
127498,21567.828606705425
127505,42745.827595258306
127508,61533.33512677104
127510,7855.519451006077
127511,2146976.720566881
127512,8373.446959944014
127513,23311.116314266896
127519,196.02314526377108
127524,184447.51874548988
127531,52905.01596480723
127532,4035.6244943854026
127540,70996.15070932424
127545,108507.24658306116
127548,96.4119002570002
127554,209.5282933159831
127555,4558.0467514124575
127565,5246.2814170928705
127568,5644.108338976389
127574,59295.46868140755
127575,102.64156360450758
127585,5603.216486068497
127613,7290.034982862914
127615,2695.614521040054
127616,6548.598553596973
127618,95391.55584367299
127633,696.3929138157562
127636,16808.642753558324
127647,421.83543208039333
127650,22.3115299923073
127654,38461.676867997514
127655,834.3305525514853
127658,808649.3145503037
127669,96.26243624820415
127672,9337.12032286471
127679,96.15969649016623
127686,1150264.8320313415
127698,977.6378820203702
127703,19752.625637395682
127707,99.39265196082552
127709,10578.83382326631
127712,94.64030328883474
127717,318117.8151512775
127718,722.7024551055764
127723,106664.52730536446
127725,201.42139568135553
127726,102.49195583934261
127730,711.4129626208386
127737,296.9708014805507
127756,681283.0670223918
127762,2932.8413584913287
127763,32632.78144615657
127768,111.52951162306377
127785,3557.469393422636
127788,93.23234627412857
127800,21.122773343933904
127806,1.0255712244232353
127809,433.4870414383869
127816,424359.79733657045
127818,1908.2956381129109
127831,10270.433259902566
127836,35103.484786929825
127838,505697.4186044709
127852,5010.0873297987055
127857,44752.604371730995
127861,5057.261394796651
127863,24616.64344101489
127866,72081.70028824545
127882,2230.287753310893
127883,145895.45547991135
127887,198.07546299406874
127889,487.27234254925054
127903,98.98847749279908
127915,3545.3634713206093
127920,203.4768748182211
127924,721637.8492067411
127925,163.42366917131832
127936,16641.746671265624
127941,1185.451326291032
127948,33232.25595092149
127952,7035.6691119250345
127959,6230.193028918895
127969,5866.4072760557065
127976,95.78324093119697
127978,120500.94164298812
127984,2421.6356418348923
127985,39094.49374230683
127987,133607.49761269038
127990,7438.428741040247
127991,13164.469290357143
128019,1752.8141784586987
128024,204.23719138632745
128026,99.43388063944072
128033,1362.8128002424817
128037,247537.5439916072
128045,100.88698094546298
128048,7198.177008061916
128054,139908.68637133832
128055,23635.270189681898
128063,120183.4869438251
128067,10579.53601488402
128071,5299.668682562586
128075,8350706.147027997
128084,35178.95473717846
128098,194.8337512706818
128101,99.8599843325967
128113,9484.874618415317
128115,10859.511349936656
128116,1540.9311446532543
128120,7700.7834955076405
128121,1981.6720525510632
128127,4609255.83963291
128132,5788.502389730689
128141,9121.12677207688
128142,19243.994262114455
128143,16646.839010863412
128145,274309.01162299287
128152,102.85785988597362
128154,1199.1157103353494
128161,241928.90699702516
128180,389.51490378001074
128184,235830.3749465079
128188,16597.63941321536
128191,19740.66405940471
128193,4536.5430772526115
128196,13.668063935501072
128204,3323.5151277767054
128209,94.79685856079499
128215,48.32196623790038
128221,85110.62813897387
128224,271.7503857596748
128230,1046.4880788744088
128254,18644.814511114906
128255,838.7987249080968
128261,1970.691980991025
128266,12580585.703268735
128267,2147.496374693495
128277,4624.008821343117
128290,201.67035849353195
128297,94.91841726121494
128305,36147.37194853405
128308,27.541864607924854
128315,5016.446737459034
128320,87428.5454080557
128326,34314.03736426187
128334,43568.10100595598
128336,194.26312577155554
128340,1870.9594204556568
128347,93.81410848912373
128358,6086.747036470122
128374,1632.9607579421852
128383,244013.24649587352
128395,13967.363638028713
128408,5572.61190829784
128413,4782.007139013908
128420,8434.443028354543
128430,24391.938060682805
128431,24484.977108311425
128439,20923.302921961807
128447,2172.228765780791
128448,212.96943382216523
128455,1266.9442032148295
128468,14412.312893106478
128469,5273.968307260288
128470,223674.48368204475
128474,482.56507998065484
128477,91.42671324340463
128479,5443.3037970835085
128486,278.1237016099702
128492,391.54144619622997
128501,11235.90367703439
128511,20327.43049213915
128516,6372.298368556279
128517,188.91524811261684
128520,102.64751510093421
128529,1439.493501212241
128532,479.8948172146238
128534,2091.2544292692464
128536,121103.38612381196
128537,7653.092186307608
128544,191.95862551725168
128548,16963.05269978602
128550,0.0
128554,940717.5126020109
128557,3646.456178031729
128577,83797.11416670227
128580,297.9344059803257
128583,7030.953317250808
128594,231312.12782378698
128597,19237.931564414295
128601,12669.366881424376
128619,29844.21186146347
128622,1746.4601852306228
128635,2016.4730255195732
128653,2.8905065293423604
128654,41466.997970266544
128677,33887.82310163796
128696,103.69008004906581
128699,8874.917513046772
128704,7362.206171803434
128708,16552.96432348506
128723,50327.83098060812
128728,139078.63619348474
128729,10253.39234153485
128743,385.017887710858
128756,15311.546733808878
128758,499.2003309793567
128761,1075.0495487923943
128765,65007.42222958401
128830,52313.98347624253
128831,173.55132077327457
128838,14.877221843461491
128842,32238.14302442297
128845,65839.41317134636
128867,474.3479790689533
128871,100733.65593655854
128875,659.6906498497674
128879,101.964673987638
128890,1738.825353686616
128894,716.4170678010732
128908,1267.2515874853875
128909,13377.444452521362
128912,200.61903860534417
128921,54447.6969842037
128926,973.6639013125833
128927,1402.64198435471
128928,937.6366399515691
128932,100.59109571982496
128933,391.39873559496624
128935,4103.460325934805
128949,779.4444599368852
128954,107.38143907135913
128957,19033.262075084098
128958,2641.0754280932865
128963,33260.07614523458
128967,35282.733534246836
128969,6506.740711099836
128971,838.1027223954826
128984,210.44441127517132
128985,199.70155810592632
128986,43947.56259200297
128988,1872.8955928922624
128993,57477.0592777542
129011,36109.72944449236
129031,381.052102063319
129032,1145.6131671767212
129048,316.05643004171617
129057,50.70724749479814
129062,0.9078115203972261
129070,14.524948946721924
129073,27907.805688167646
129075,136423.25922905104
129087,302.45272700942667
129089,203.87516501367725
129096,9339.560911344834
129097,430.45094932440816
129105,1726.4460799630192
129109,70826.12052083579
129122,65463.36852657184
129125,43.21455952749345
129165,2248.8428318588735
129169,138877.47986949375
129174,26657.310239275066
129180,607.4706203541551
129192,199.11678740960755
129196,545.5924119631701
129200,99.78286225346629
129211,238727.41942829572
129213,290.3035150495391
129223,8596.839500574488
129237,1885.6810955459803
129239,929370.8513711442
129263,560.0608784340259
129274,4096.220360061049
129277,5127.550794643839
129280,109.89559250017919
129290,435.9396446520232
129296,3051.142969036256
129298,8099.588027343755
129304,2589.255464482553
129305,100.38973106325453
129307,2793.7573335288603
129313,215.618776092393
129316,198247.4295663868
129319,277.7667258607602
129331,512.2277728936442
129337,36418.40319513034
129341,54342.00087833578
129345,201.74150974789274
129358,32514.35552180312
129364,96.13559587295859
129373,298.08024862392824
129374,204186.50276774762
129398,9564.932169263986
129438,187.68553634476973
129439,12599.120726431256
129442,1657.020248641525
129452,8110.671485636734
129453,39706.97020738881
129456,39219.19625489051
129457,200.1985008206298
129473,295.33078995605547
129481,490.2801586863753
129482,2.9864369019774077
129490,11.961641258572513
129493,196.8726554643093
129494,404.11353014780343
129495,225.06455097564907
129498,0.9723393494341024
129516,4191.958178997123
129521,13041.140764556374
129525,4.042538672586867
129542,92527.75856949706
129543,651352.1808936467
129550,3837.8472107351813
129559,23377.175838926363
129561,2932.0335255062337
129570,29.608567887563574
129573,3068.8059042465493
129583,98.58469760544743
129587,890.9313749159692
129594,31.031415829326278
129596,50414.61316676579
129607,18642.81959866867
129613,489.4562699651231
129615,57755.79483871722
129616,18395.282551047432
129617,1726.8119997824815
129626,1054343.2757016153
129627,47488.162350949206
129628,361469.99476734415
129633,96.4139537823899
129638,74925.90363398255
129654,299.77343426751713
129664,31303.82955810055
129675,267384.4451922758
129679,15908.496190499303
129682,105.79790152004482
129690,8667.497779628358
129709,218.84418325640036
129716,7862.291501409502
129724,96.9850619684168
129728,307.58208243139603
129729,6310.535208238566
129750,2047.1848877593047
129753,196.05580232000096
129754,3041.324470928309
129767,421848.2062566375
129778,289.219157098749
129782,2060.335739576271
129787,1453.3450207841784
129794,20873.634284810356
129801,28655.336565938534
129803,92.60265228829934
129819,16033.500237145061
129820,12011.63307764323
129822,96.14933603257214
129834,194.34184802230777
129839,11950.88642049756
129848,31855.92557124713
129851,30005.313103267392
129857,190.81933198294973
129859,11618.947020571377
129867,1055.0439075485342
129873,90.1448400882181
129881,120.96393532718334
129889,6.764029601110985
129892,10123.520861227487
129899,7195.544222893824
129910,16.22253213107332
129930,7069.717016712427
129931,26259.561403376294
129933,2417.7453080591154
129937,48493.64307720463
129942,7698.417018015728
129951,104.18876795010128
129952,11106.134761799627
129960,8721.478477050465
129967,10974.379591735566
129971,12496.852322319559
129973,29633.708065529554
129975,41.469001880014666
129987,54409.474210031025
129992,50590.10508809945
129998,94.75792924483461
130004,141887.21113790103
130010,21819.597869892947
130023,2969.1234081800812
130027,33233.61379026751
130031,8463.044326724304
130042,1491.1206548714024
130049,319.29935843560276
130052,19807.348212819186
130065,42494.613923304874
130071,14178.070922365865
130073,58789.25914381578
130079,39107.68411075341
130084,100.43958262545554
130095,9048.111525745142
130096,30190.6547735357
130106,13280.861724279013
130109,38965.57315176771
130114,209.35320541047838
130115,357.95964434282513
130117,97.13140673126637
130118,542.1760427235772
130157,21218.95930192442
130173,701.0228152147721
130176,2002.2263106167736
130177,99.63263541644426
130182,255606.69233469185
130184,6314.009326151432
130190,7747.5228835373355
130192,43933.432597418156
130223,5735.256494821998
130225,197.321386161973
130231,94.99047182658308
130240,799156.3740747678
130241,1101835.9434801068
130244,216107.71047803672
130246,8814.77431445353
130250,9290.983457706292
130251,8096.144820856419
130253,38247.403447021235
130260,1367.6197665277975
130265,33879.11919517945
130266,96.30459486170565
130269,402.1942241336324
130282,70674.73651809008
130285,11218.072115632745
130289,94.91108432527167
130293,194032.77625436382
130299,6769.602921791851
130307,34391.12391950279
130313,139841.6669596835
130318,1.9573404166240684
130320,310.13447614464627
130337,28.596803498407358
130345,1386.758344011604
130347,5865.853133676169
130355,10814.667636018787
130357,5026.759094600904
130375,67105.26081913985
130380,7501.894684308916
130382,94.37615060737737
130384,130193.79670210273
130389,25044.127125693427
130401,9635.119548149009
130408,96511.63963332465
130418,84936.6853715409
130419,51.40238254694993
130422,5598.614463543141
130442,88411.66483607497
130447,1565.8785962416964
130448,649.7711962943144
130452,100.6620366025357
130454,7202.266329985207
130455,168038.89034057414
130470,5288.878382791558
130471,508.87802899040844
130473,147.1069911251614
130483,307.4421684613682
130514,9027.691875965704
130545,82581.47122723228
130550,8144.098999615762
130558,3999.633668867206
130559,621.7845415784957
130562,21310.20438850199
130563,27770.989135102158
130572,114180.14103647738
130582,18370.27084366305
130585,2833.8398703567377
130590,18614.384622486374
130607,3634.8005588357055
130616,9675.890525890141
130624,47630.32991496613
130632,413.473978743212
130636,5260.353697415867
130637,11157.350960035286
130639,23813.593316317772
130645,28735.403870466813
130646,756.8884268867428
130650,14744.29249949364
130658,507.82107965800407
130671,6992.34853792747
130686,61156.731540842724
130694,1600.4391888335863
130698,145282.45391485072
130700,1151.9458108094668
130706,21490.11607703247
130710,373.06964964080566
130711,5233.639841415763
130712,207588.5168687302
130714,8650.780687879182
130717,4191.904731582149
130719,3124.1578980243503
130723,717068.7910878255
130737,5113.359827313297
130740,2115.508691370032
130757,1247.5849687135212
130763,497.14802796531023
130771,427.6111110993988
130777,328.9708901551366
130781,36319.065186954205
130784,83.13014716947987
130786,5321.5216470551995
130796,4379.617333046546
130817,3132469.3349221186
130825,23050.944094347582
130828,6852.769010960099
130829,93.83847958061196
130830,41221.21353323788
130836,3408.5171705272437
130841,75693.26339855022
130844,1237.7353324125284
130855,56202.07002335492
130856,17871.810229671028
130869,308.60510562507665
130870,28.112951213251655
130882,2712.15835398479
130889,734.6363943553016
130891,4436.232246490557
130900,5960.678354619031
130901,12095.616086571214
130905,2267125.2339360346
130907,12681.044246727537
130908,60974.57742175778
130909,6541.544637777473
130915,15187.105190367402
130916,3350.6771822249284
130923,6580.177477367631
130930,274.1557206840049
130931,3149831.8015439687
130934,299.9739635812568
130935,59712.60784268712
130936,1876.7761183037958
130941,106.68119692382146
130949,1790.2546689181179
130957,1520446.6954108325
130971,253212.69039073755
130977,3384.837503157531
130979,484.30768466305926
130992,462.5128486411229
130997,1235236.675902985
130999,13919.777397878494
131008,19177.361324708272
131018,138049.59073151016
131027,2250.0110891122945
131031,303.83521395564713
131041,1079967.4412522134
131042,22708.785936850738
131044,320.5445325144132
131046,100.18926467376686
131062,618.0598691310231
131063,202.59689506390384
131072,96.90740128158215
131074,104.86114680039911
131096,4001.8508190336006
131116,25243.1905302868
131117,136797.6298340875
131118,274.630600630762
131119,716.6792396440361
131120,602.7912538127423
131125,52859.93784063829
131127,285.78449099229374
131147,95097.34924310035
131148,269.4154551226258
131153,0.0
131157,105.90138548546034
131167,75102.78555008632
131169,20181.522871078858
131172,207.0754899822799
131199,368.6521312684294
131206,26619.927501594033
131209,24547.991007870005
131212,6571.996447379388
131216,767.8177402599913
131221,12702.155024171556
131237,182.76858666045786
131241,1.833226925508535
131255,21.670951812511948
131256,1.0759697927890761
131264,36706.838618888534
131265,4278.097187220657
131270,19443.149716143696
131274,63707.48503895339
131278,25242.1038373284
131279,134043.57661580204
131293,8830.742344889548
131308,42497.076556968546
131315,1138.5087616547974
131320,155705.4810668235
131323,6349.33706995826
131324,99539.2620624814
131328,19.952642732074683
131331,78853.41750759036
131333,4884.891034104489
131338,2411.613829441633
131354,2221.582430873507
131358,332.17969630998465
131359,1057856.499559197
131365,96455.36944670235
131368,207.32813229066954
131396,189.8932463084859
131397,312.6980929843554
131398,1090.9757241389232
131401,5497.047476920135
131408,196.19467218552364
131409,23304.154133406675
131422,698.3411206599782
131426,82977.29117599972
131431,105.8849343876543
131442,62269.203244111224
131450,1966.42095096635
131451,587.5899778081447
131453,109736.12144108125
131465,957.2970767986192
131470,30476.50262594889
131475,414.937011102925
131476,12628.769820234531
131479,100513.38651839054
131483,2793.837400738356
131490,4134.297200709498
131497,1230.2502640915293
131498,484.715687831863
131507,378.5712150747941
131514,4866259.200953862
131521,3330.1942701335947
131523,632.4230276676295
131526,75151.29544827236
131530,852.4637504981138
131535,10817.987016680836
131537,9.396383486431121
131541,1335.6212318067253
131542,60515.07200367959
131552,9260.408447766966
131553,1368.5597797562725
131563,34374.743632460544
131564,230219.89091482494
131598,12768.418486453987
131600,104.73313652353853
131603,179.88842289247003
131605,90225.3160220795
131609,4858407.791133668
131613,53995.272292312766
131615,12772.646350408288
131619,10174.132186678471
131620,85712.2662107976
131622,874.5417933045369
131624,191.50665729561385
131630,851.8135028004145
131662,16909.782867803428
131668,3649.7299159472414
131675,2476860.384403765
131683,9657.926890070226
131690,32127.2335238826
131694,1175.9830760474158
131698,2030.4006733740816
131701,209.72811204890994
131721,130528.81318081923
131726,863.3089978642131
131727,0.2793635328988559
131733,114.60278137171167
131735,8.523379104639163
131752,1121.6308534715276
131754,24.296755279100996
131755,305.04196110523867
131756,29044.11283388323
131757,3327.8485864435324
131765,7634468.332887144
131770,270.27213394168683
131776,7925826.71655205
131783,1799.3608491944726
131784,804.2937673927203
131786,48141.38097723103
131787,100.8320448063631
131789,8569004.996030204
131798,825.1782519953105
131799,92097.63995708182
131802,20.8700369264678
131805,24925.176305011624
131814,1879.5088044993201
131820,95.95441465120493
131822,128489.68303865135
131823,1463.1573884183333
131835,300.9767522825327
131842,314.21325406690386
131844,33762.78725594323
131855,2418.228181809357
131871,9644.954261409508
131902,49776.25837409446
131907,127634.2626582187
131913,532.5873005047403
131919,13574060.700672276
131924,9692.564079404887
131930,457.393142251479
131931,103.58233127425216
131937,327048.1689455205
131944,57656.29715953337
131948,100.33826033724729
131950,7844.1681633282715
131961,102.9085598175631
131962,97.54376171951532
131968,3219.1875197751383
131993,91.63308879146811
131998,1742.5155900016903
132000,2168.3484073431923
132003,9.71546544609464
132005,309.868281425623
132028,104.69472312017885
132029,100.04749428356932
132031,312.3006791613701
132037,3425.845456125906
132038,95.36470891326472
132039,0.0
132040,295.0488136039735
132061,320.50058533997475
132090,786.1109043109316
132093,267.0822973361623
132098,1261.9846802513177
132100,563.3498117614884
132117,94.22131960141002
132120,578.5482629674973
132125,7739.471259641688
132144,416.6388930645885
132148,625.3387590627402
132155,94.83046660121333
132164,22462.608615164358
132165,211804.33821813835
132173,104.7948706073531
132182,946.0508506890292
132184,194.222287238431
132200,95.68591655505413
132213,114.35519812894559
132220,6339.363907967223
132228,303.9903806228245
132229,106.2561319042141
132230,93.86695449870756
132234,230638.3135995797
132235,105.45082673350485
132246,216.5381365411384
132247,98.40898611040392
132261,206.2179302888285
132262,201.3079471768452
132272,89.83330096356507
132274,420.7493351301631
132280,35.53231003868594
132288,0.956809195148272
132289,2.0699818745405274
132294,100.39370321389514
132295,95.57634989073732
132298,187403.3191778469
132302,39.90095304754493
132315,288.15180307426306
132320,38.07218206322146
132324,688.055334353072
132331,2710.351224142835
132337,39.79599403154761
132351,0.0
132357,2347.8735510390256
132377,4884.577828551695
132381,3042.7805991814776
132382,499.89532937037905
132410,289.35714759463445
132412,1202.6022368404747
132434,40700.497138594976
132435,164788.11766781023
132448,11778.64658011153
132462,47499.47724570029
132472,1911.6819405778779
132474,105031.46140999139
132498,95883.24270312653
132499,1235.3274723299978
132510,1988.1551660734908
132519,302.12481419733655
132523,44145.08680370044
132527,301.6301469970102
132540,4620.456050763254
132543,1895.762812276813
132545,47454.00100257089
132548,27921.396427191637
132554,43984.802089107565
132556,1867.7422292400047
132560,15643.515945889942
132574,98.77921222778261
132578,635.0157098021892
132584,2379.2154467213745
132585,5008.321365287501
132586,21391.46198110574
132606,2133.7150987469504
132610,18824.33417196725
132616,1297.1042900914185
132632,949.0597773700777
132639,19.90901434892703
132642,1657.062109765996
132644,1481.2452873333202
132645,13861.301820270679
132647,26523.55516857466
132649,97.72322347238328
132654,5070243.2932050275
132658,108683.01980886582
132668,29002.562841673036
132671,2832.344233064061
132688,3617.2291561919164
132690,4363.259177040137
132713,20671.881314914124
132721,31.87841650668527
132725,18123.606609317576
132728,100.17576694041341
132734,3817.346727313096
132756,588.817267133718
132766,2684.550372484511
132768,24045.71789038654
132771,3503.45256582327
132772,21300.1977943394
132785,1361.9309079003485
132790,6760.9126507845585
132795,126361.69624602098
132802,8525721.353415323
132809,184.16835871777423
132810,8406.427308344113
132812,2658.3336457459764
132824,132969.21640352168
132826,2847.1426449452792
132833,18185.282456437093
132834,4305615.804589462
132842,905.1727986794581
132850,3147.552820809879
132858,546.0450489862226
132859,10625.735676837936
132863,26238.291647960774
132865,3599.558978955251
132875,615.7227475493411
132880,4541119.047035417
132882,55864.166449280005
132884,74024.33627917212
132885,118634.7905546597
132902,10.739930261625688
132912,30187.576554560026
132914,82412.59314578852
132919,4361.185274803121
132920,12211.047885942467
132922,214.5563031282236
132930,765.0814793781035
132931,97.43165833419066
132932,2229.671373768457
132944,66508.4957574513
132951,76517.14284272361
132954,28205.36711455975
132955,714.5457200388165
132963,9.246229367510267
132981,255.59415643260607
132988,7670.836545826842
132990,103.57791433071834
132991,203.66241466955896
133013,76820.837137225
133025,0.0
133038,2616.5569611058804
133056,23544.989706276454
133062,539.4063036008617
133066,34098.20797727998
133071,104.9548616146082
133075,107.18763776198024
133079,1036.2051288739037
133084,827.5662190325519
133085,106.26824275259104
133086,45.47846616120295
133089,0.9535060595940104
133092,35.03644676648288
133102,75.49016478575952
133106,5720.5268831223175
133111,3214.3437541230796
133114,100018.83353498037
133137,5737.232579655149
133140,70555.9028606974
133171,314.31125481575054
133184,9967.237463121
133200,9693.188596350556
133217,99.42071434923938
133236,1824.3414262754027
133237,361.8286204505984
133239,10602.979049443813
133241,90627.61158687517
133244,19692.451108806166
133247,99.37272139561479
133277,99.70974703434116
133282,210.97760540967454
133297,10381.585771709562
133299,95.04532424232572
133315,195338.96270979077
133335,7968.519606707464
133341,2065.1260358884315
133350,9449.037484744129
133357,94.78376947317201
133363,7389.508615323089
133364,8442.170740658405
133370,283.113072127571
133387,106.77140871626479
133399,180.59070424860943
133407,0.9653831275122411
133409,3.0610380416721323
133412,1489.2247945345298
133418,190.85565561881927
133420,40.7983022325913
133424,3974.802230831607
133434,99.35294395150804
133443,182.31907050880116
133446,20.039350813002855
133452,217783.47618894977
133460,4925.139667039903
133472,1146.3863603004327
133473,3656.671168367973
133477,11200.571104365948
133485,1448.8197514261171
133489,39199.15587129158
133490,3087.204461090446
133491,7326.697006498033
133504,273.42119447913814
133507,6270.897918595759
133509,29729.939010244983
133511,336.2041274844131
133516,97.98008961277411
133521,2007.6701460051108
133524,0.0
133530,199.00200348041602
133538,321663.40883380064
133556,8971.74330033812
133558,107.01410001790252
133564,2252.5251852582446
133579,3682.788038651992
133590,97.66842067772559
133592,289296.4515492086
133595,185.9636045414515
133596,99.67933809018452
133598,1161.4991278748132
133614,3020.7243762246667
133622,104.56971020364551
133623,27517.835616745975
133645,94.83623072912552
133653,3203.860270822249
133663,6257.5802358700585
133676,97.94346145752183
133685,725.3785914215817
133693,2016.9434283118587
133697,1309.4481362804602
133702,104.57333622007687
133709,4817.776728498075
133711,71188.07399637245
133716,94.62976473464126
133719,193.389956826675
133722,94.22518846192767
133726,6583.131372378489
133727,3301.725953575643
133732,5159.805497292758
133736,1166.5283822343138
133739,85.33048672863931
133746,3.14461665945492
133749,86.34532056578718
133760,4.274893401469049
133767,186.63872967258004
133778,427829.07926208497
133789,41.572948773093
133826,129819.52753608141
133832,296.2586143802813
133841,16338.098627339306
133844,39249.9940757736
133850,4311.378164967637
133851,295.52386656167545
133865,1205.485817808224
133868,142504.7280324974
133876,3968.334454056209
133878,201.4055389594801
133881,2217.1091340032053
133885,39267.862907691495
133901,4476.469130378259
133904,11205568.6422203
133906,2146.3178387003813
133909,100.0500840349743
133916,2186.5745894488014
133928,2157.364026938996
133934,21.121427593651916
133937,208.77934260399576
133938,679.8624293931231
133941,14087.343991037123
133943,365.1802124234843
133946,2001.0347600655493
133947,207.2524483149153
133953,6074.03088226141
133955,90.43362154060864
133971,935.6147403912332
133972,92.94578723900948
133978,199.80956515130669
133979,8843.046235966687
133985,102.36525261845189
133993,13633.806551238275
134019,91.27719820495507
134021,186.35033967130914
134023,660.410077920259
134039,102.60405158213534
134059,2767.513997027414
134064,291.07833308601505
134065,7082.668060339842
134091,102.34964828923773
134102,32.43661730188436
134112,13746.219718444083
134113,288677.29269127623
134129,2841.7046695751665
134134,1457.2090196718545
134136,614.6382249538476
134150,10383.22410182693
134155,289.9031326036632
134160,6906.581079796006
134162,88.58288404945417
134166,522052.9065945682
134167,308.71107393702806
134191,100.88415119584171
134192,7436.046323947019
134194,113.94180108582637
134204,6.275258319024035
134210,4240.697013929019
134217,292.6612531385435
134229,288.18827320992085
134231,1291.704229045748
134237,36561.736625984995
134250,290.43350185816155
134251,94.82273977786939
134253,101.00288085189288
134263,393.9397379618272
134265,297.7497293969635
134270,9025.158339746533
134290,199.8807407069943
134294,12874.903808108116
134295,782.7317715410771
134301,94.98850370432953
134307,123935.23547451643
134312,286.5668560627588
134324,257725.77475743022
134325,71474.23706410457
134328,29280.923853404664
134332,219.19189226151573
134360,97.27198499195315
134367,133294.0964219126
134372,1135.6077450599532
134376,236056.0760227105
134411,1.0590256818241093
134428,94.1433112905792
134435,25681.29457699381
134443,82.7485217537601
134450,32988.61515986653
134453,101.13390550155106
134471,98.1672389080297
134483,98.71895465752849
134493,49731.61477446965
134497,104.47660244867055
134500,26656.602265673864
134511,26407.328539131147
134522,100.49424900942732
134525,306.12455135915036
134527,2178.8383116718946
134530,31124.047094602953
134541,1496.3741975157245
134558,2028.0779096884332
134563,181515.15707848928
134568,199.51738607407052
134574,581.9288048357884
134575,201.17156965104405
134582,1972.6107029598763
134593,201.77525879300066
134603,1768.38484022392
134608,39040.3640602232
134610,66779.62006144653
134612,81518.97527139923
134615,99.7026273672172
134625,1349.5255934462082
134628,99.22905261918916
134645,9727.089787061766
134653,84668.73746163737
134655,692.2955905434671
134656,99.76736887021829
134658,11677.475602901515
134670,45704.85903273313
134673,61815.347744377286
134697,3466.1632581980193
134706,5.075113498433442
134714,4753.92732891788
134718,9827.233218702575
134730,723.8049672279327
134733,183.67149696941425
134745,982.0969003087854
134750,62764.97185566001
134763,304250.1985341361
134769,541.7452225495663
134773,38150.30758831166
134784,61097.350502607325
134789,357.2137077776227
134790,21605.67684479588
134805,95.17811592049217
134814,1373.834601416122
134817,1023.2236560378841
134824,15701.513735444658
134838,203.41886302421267
134839,28908.012340042216
134845,584641.8114460511
134846,208.19598912877825
134870,204.84422607598322
134888,222834.03003842206
134893,10.17848129906908
134902,100.78601402768943
134914,2768.8989855907607
134916,296201.2749329285
134918,162847.26895369502
134919,470.53162961302166
134928,10060.966716914618
134930,95.29956841238332
134933,188.74479493230373
134935,203.72576445124872
134939,129099.00159896351
134943,96.59680569584528
134944,170373.54562149674
134956,203.4313617594171
134959,201.18262638079338
134962,499347.07734130917
134973,1479.3932030529263
134993,1518.2136314458673
134994,96.75863402051816
135019,12102.347653241666
135024,105.77072916669528
135039,5938.092945765545
135065,871.3566115137613
135085,554782.1278081585
135098,16814.445112652917
135103,820670.493954415
135107,320.6348341424429
135122,97.50893311377476
135127,98.91136268057167
135148,184.49703145975553
135149,711318.7090319676
135163,17519.329315451676
135166,32086.226392062796
135167,3385.0295512441435
135169,28173.262965559654
135174,1.9358705678486674
135185,196.94642154370945
135192,4584.941996724217
135193,22.089975505156296
135199,36.84925170575013
135202,451.8681360721544
135219,85.88623055759209
135230,277.60545886266607
135236,238.14669063688456
135239,3175.929570426911
135245,316.59117316936914
135248,840.2838462129414
135255,547.585622671731
135261,2143.0355665338416
135269,397.5855862706812
135278,215.0074233290463
135281,47.587419858633936
135282,66047.89317930318
135287,1061.3314343161362
135292,48426.35633835479
135295,129.61678424613604
135296,317.21297080732245
135305,21.37545080209199
135316,18.603168249726984
135318,412.02372402685273
135325,11.660620920105497
135327,53.842716023475134
135336,102.98299004384654
135342,5522.177281637586
135349,19.893096814281265
135354,5561.5842125763875
135392,269.62210974385835
135397,177.2054543647969
135399,202.50691291304693
135408,274.7581280707328
135424,29.464981389644215
135431,4821.7470444919245
135443,18288.74816696421
135444,29.050015797404857
135451,536.4323714571276
135459,621.8621398763595
135463,48.651255906262605
135470,47.764186990836436
135474,1174.070722953126
135485,2.0930174150231657
135491,640.2853957866052
135494,20.239600766212785
135496,19.362093714014325
135503,621.1370778856763
135510,29.676787784357465
135521,9.983339619767316
135522,19.706237157494236
135525,31.734095275140753
135542,1074.8341300449408
135546,1933.4944631082044
135547,245.19616268107617
135559,789.5098506257657
135561,172.77046775465806
135580,129.63539905678297
135593,612.2652002993698
135600,40985.82231395875
135608,39.80024949348631
135614,4798.906355929573
135615,911.0655942852957
135620,777.3360065101222
135626,434.6541630679515
135639,69807.19130892759
135643,141.383051561494
135647,20.111320745620453
135662,174.852101407369
135664,89106.60409159737
135667,117.41412903694949
135671,565.7145405735877
135680,336.42972470640916
135681,39.28061480004736
135691,82.10848886631489
135697,1500.9640786651123
135707,63.74270007864416
135710,3420.1652268708112
135711,297.8825114061211
135727,13.448526064711125
135729,655.2166504578723
135730,29.51347760521841
135764,20.398827080045365
135772,9.438232099380375
135776,59.663047862442646
135779,135.03778279340563
135796,51360.7380304325
135812,372.7064757637028
135814,423.38296812154687
135815,73.32142228849598
135822,264.0840898634876
135824,14.462672515693223
135825,531.9245673927365
135834,92.17646448999109
135837,269.1083871124421
135859,220.9392464146521
135865,18.812853942556586
135869,2828.2464830205313
135870,678.608478788547
135881,70998.9697785116
135882,132.237516664728
135885,1328.2518678928445
135887,8.275517299402129
135896,5490.896494689654
135907,4684.009702710311
135932,217.80694451704377
135955,714.537687362986
135956,195.43014419217047
135967,20851.761261399854
135979,20.212785932210537
135983,4.468203753150466
135985,103.76538272921262
135997,1210.310973001988
136011,353.3016784413767
136015,95.87517567982967
136039,2457.067961863993
136054,4357.579033323525
136057,12267.98313898296
136061,655.3093348574266
136088,48.441500660357505
136090,3645.4281638059656
136110,10.154946935178895
136111,41.21691099354237
136118,10.682909452793426
136122,128.40982415488594
136141,9242.123338416308
136142,20603.865577918936
136147,16236.29677826138
136148,85.13680623848364
136149,9.47064112242376
136152,46.467161993587794
136170,81.58545301650513
136171,1.0454258619295067
136176,9.233597411050688
136179,733.6241612869749
136183,42.09873229284656
136200,182.85852864583796
136207,1313.8241217483614
136213,1849.0209337330016
136237,351.49142266650614
136248,476.96866306426625
136252,1294.7030004743835
136260,85.58809851661992
136265,164.2869530504513
136271,29.476865178984635
136278,4425.856539584564
136282,66465.0276360458
136291,193.52061084549084
136305,20.973158413962555
136312,764.8496030810021
136321,9.341675462766059
136327,3212.2014400841454
136330,59.35094647755803
136332,1445.938301243535
136349,114.77122704180161
136352,166.81571166759193
136353,187.34013242627657
136364,197.22413191282016
136369,1318.582415301151
136371,300.99438941330243
136375,677.8944103529592
136384,172.06631093254668
136395,51.68417122206602
136398,377.88318071430655
136399,3034.885978486442
136403,585.6838042571918
136404,8301.364701699196
136406,163.14499182290032
136408,121.19114114019442
136410,79.03897249520097
136425,1633.3789351239698
136427,182.7589751723349
136464,2039.517764841021
136468,1342.486830660224
136476,402.67539308817265
136483,801.7178327119572
136484,7564.937435644143
136485,165.52850881147427
136488,4.160073146317246
136497,342.1817894647953
136499,215.09831082561104
136502,201.79370750837907
136506,8140.372050478105
136507,165.50055331197575
136530,82.01649213195626
136532,6649.682923702483
136541,1284.7370636991664
136543,143.85926046170263
136546,149.8848948740248
136552,73.1046646143031
136555,167.8316839806309
136560,20520.76468390096
136572,15165.373903707969
136577,15638.647122957527
136580,743.9860206736116
136597,365.6143007892442
136599,884.5603877604728
136601,124.91275868442415
136603,199.80047514311835
136605,15249.104259086635
136610,151.56832142897358
136619,746.5527319593914
136626,372.01460778034067
136628,146.77407507958367
136637,838.9534294892923
136648,1358.7775711048832
136669,26721.32374371302
136673,7000.883046719887
136677,198.35685644947634
136678,134.52306062581619
136690,69.81216172489925
136698,612.5094454378133
136704,48.79508169683123
136707,141.01486485846846
136709,14454.980077463135
136716,327.8204161787295
136722,139.85810123334068
136732,8323.417243714028
136735,10877.67134870019
136736,14551.815590405293
136744,310.4951087228734
136749,127.40236638289558
136751,67.73280093417912
136754,127.37437528055243
136758,15.418883629749791
136765,2.9355826389478628
136767,22120.18922686123
136783,43.96974475827053
136787,195.23558943795183
136791,11453.435052645074
136792,15453.79454108931
136797,22309.24755519637
136813,108.38335548890056
136829,429.40152215196514
136847,98.0293335564297
136849,11509.455181904077
136866,265.5271456618395
136872,220.1211647166388
136880,66.38134296776033
136883,1799.0221579687848
136887,206.79459187353706
136895,263.32898300748275
136896,404.2310063601195
136897,88.03696704797416
136902,232.36024705994797
136904,1483.4948078337363
136905,66.5917450758132
136912,17.970298346138996
136914,382.76566083955487
136919,3.189323631978635
136921,1212.4880637458366
136925,4.9780622193995105
136927,372.23902002953287
136934,394.3279024678853
136940,1235.1612307070022
136952,16.204918166917697
136958,91.90299821949858
136959,1983.3013080517776
136985,25522.22003442814
136991,97.00692934270167
136993,3.059585518447611
136995,391.97660358492135
136999,3112.677942204053
137002,442.0408231899174
137008,103.48871324108245
137021,433.0583136894166
137022,391.5117785163103
137030,1024.0227340504991
137035,1.9258951794397665
137037,144.9680134851486
137052,16.15876134731241
137054,4.798215851473515
137069,1444.523318312055
137084,3075.4020542202484
137087,2485.1534241036297
137093,2.082960890040815
137098,3402.145276453174
137109,15.673818953427656
137116,3012.4881074752857
137126,4364.173106363544
137131,3655.1930242944145
137137,3082.0508558011165
137140,6.2371544741087455
137146,11.268272571453549
137151,37.446125849025336
137171,41.12197002258218
137183,1168.8677222661756
137184,3454.722794730687
137187,3207.061961927163
137188,256.5296509206281
137190,77.61538256825578
137194,26.142370219822393
137204,7.039153701968949
137206,541.9257190942425
137218,15787.24864484384
137220,325.50992165951055
137227,17.933916933256306
137229,176.5948663829109
137232,18.815577572808287
137233,735.876826017594
137242,451.0161461776379
137243,141.7966619863027
137247,35.52561689678348
137250,45.23934504942896
137251,188.67241398720785
137256,3150.9033728090085
137257,3345.6719495116004
137277,17.71740015805209
137282,9251.980503000632
137319,10551.160213107318
137327,64.905575367061
137333,435.57064438803064
137338,415.6450120348347
137345,61.187816992581276
137352,827.3116089127059
137358,2758.3707818223024
137359,183.20902521251523
137364,105.50974026795637
137367,93969.29805306293
137374,3504.728737964014
137389,8119.413155086219
137392,224.2149333697186
137397,110997.74489164675
137408,398.2105788673489
137417,335.77178007624025
137421,35.85910976219622
137426,111287.13583856368
137437,2646.060245409616
137444,4748.158482523518
137446,100138.1585295467
137449,7190.439472258721
137451,4842.9928592971955
137456,2.9687601021915366
137477,1.0009944616365547
137478,737.3320428664155
137479,35.90360613710545
137482,4586.675816893232
137488,787.1784020409033
137494,2907.2519482702783
137510,409.08530715867926
137511,3083.2540206372137
137521,6970.352894419371
137525,895.3811132337969
137527,4277.3506624440215
137545,48.40021042019582
137555,3726.1990577312285
137561,109.07185098372076
137569,479.75571711271283
137579,341.3424350717284
137586,37.88921593249433
137602,6998.530412938067
137609,32.132312560613265
137621,4203.771414478398
137630,17.88709079658453
137637,72.12509338400557
137707,14816.974776566914
137712,143.7072914601459
137713,509.04313362072594
137721,164.3407205152171
137731,147.59299047012658
137739,3947.584391636797
137740,18.861156829894288
137741,32.918962366877324
137757,86.66071143937977
137758,68.4084942768502
137759,5.778289603881869
137760,136.43510340468077
137765,19.579220319493732
137773,70.4722237115368
137796,308.8419337161483
137805,14.783822799403136
137806,69.25591402867457
137814,14877.326844637457
137815,1.0262847274032572
137816,9613.37814542217
137824,447.86105082689767
137828,81.62951281325749
137831,565.279707438941
137833,266.0138350734396
137839,833.7055558210411
137841,2.01676585826597
137863,97.68268880663413
137886,1183.3633068399195
137892,303.11037431322916
137902,165.3325403146143
137903,4830.599469371509
137916,9.966029726927271
137926,18.02573536523008
137935,4636.607576806464
137937,82.83616899996005
137944,309.6168575679765
137948,20.040432038069973
137951,55.65283588100618
137955,725.1598458211055
137959,10853.789382932559
137960,91.80851877174142
137962,13.245256082150444
137963,180.1600130256711
137970,409.3276458626307
137972,52.39634408459485
137976,673.3977103723391
137994,394.9055176306361
138004,10150.788847591994
138017,346.98609514400454
138035,345.573789448427
138036,9092.2676446223
138040,1996.5636958814243
138043,69.94776640765026
138049,11150.738945772922
138053,10.14047609866742
138063,412.54673569254214
138066,1602.5346890561786
138070,61.85250861920184
138071,176.83686077462085
138075,3386.8067397468913
138076,92.98791376773733
138079,473.3329297566494
138086,34.55588006780926
138088,159.52477159468233
138097,5856.126441463846
138113,364.7917216179722
138114,18.69217284687889
138134,118.01792726840092
138140,340.037876222714
138142,4622.6466091942975
138153,109.91364381125173
138184,63.30030506710738
138185,3798.7857303098062
138194,1609.017637810155
138196,14.993879049450785
138213,1008.107166492732
138226,51.691460471925836
138227,464.622026344194
138230,172.069470308652
138231,432.3466056562984
138233,393.5477095842629
138235,5903.180400102755
138245,450.1170395255763
138249,46.58934278139515
138257,3748.183046672269
138262,6203.877832928095
138269,5432.853344475987
138274,70.4412741584774
138288,7120.188978534524
138295,5285.654736443465
138297,30.426484311404288
138317,107.90905254290504
138335,667.689895382183
138340,37.065871183109046
138349,15923.65250752814
138356,308.1697968098928
138358,426.4875629639267
138366,3529.5451734032654
138371,743.1882496856383
138381,506.5848044358766
138383,2496.603844555233
138387,410.8153586609666
138399,42.64854114996673
138401,2096.66687062339
138402,22532.09357751559
138404,515.7988311318824
138407,919.0353621413598
138424,1004.4150058790718
138430,22308.81383732969
138436,4729.697075285762
138441,28913.274595467774
138442,21.1664157295016
138452,1512.3742320995802
138453,3809.048178333654
138454,243.24269388065775
138455,7070.662198994075
138465,3205.89614251358
138467,20812.371107711566
138474,76.68218166079552
138478,3877.666924029688
138479,6952.079129138873
138480,3395.3636593837655
138490,9.949050642571148
138498,79.70558836403026
138499,110.78664252092281
138507,1524.285251005325
138516,3691.725847937631
138518,15442.836365160714
138525,1062.9507853607834
138527,11059.429489957682
138537,1634.1296603397952
138541,1142.9882963040081
138544,16810.557105119282
138560,508.82331278973203
138567,74314.75500912496
138568,575.4687661641806
138570,81.10038729021517
138582,126.12647110523216
138597,75.24494215205412
138600,3767.878391184856
138604,3274.091068529316
138606,535.1293283636745
138607,973.1642926526723
138613,250.88372168158017
138616,504.14740404230366
138619,11667.681317601726
138622,14010.195911094148
138626,1798.3545449247044
138630,4115.002117650823
138637,505.9826372266139
138642,5358.112000579398
138646,18044.5778439084
138651,29201.612336357826
138660,1087.3965527841808
138663,19649.142854032383
138675,6898.065215378413
138681,4193.042557526413
138685,39.80512097708374
138695,1132.2115049654956
138713,128.23563915008972
138719,6337.007766777518
138721,30539.62711382509
138728,546.0857581262054
138749,13751.395753000896
138759,247.6671645008606
138765,43238.2175506857
138774,7.8349255086491745
138775,3483.56299475072
138781,108.78789438175284
138783,6246.401175863718
138798,4241.3481151766
138807,14427.796350813205
138808,33533.7781493034
138809,7579.7329792764
138810,15238.283075186713
138815,202.40263372072488
138818,513.3108000623704
138825,10875.754117151782
138830,85.05653981123967
138834,1174.7527224600792
138843,1893.2154996388429
138845,998.1598800719104
138850,844.7960086045283
138852,693.5918551570846
138862,22620.8245271523
138864,20488.303161191663
138865,10.126514601162494
138869,13098.595772481107
138882,396.81969400511804
138883,8956.01959065194
138890,2095.5669902367767
138911,225.6118018977226
138912,355.06871643540615
138919,103.68205703286509
138923,741.1604526441707
138930,110.17546133801027
138937,862.5745700940004
138941,817.008178629017
138948,110.10414065589815
138953,5.91982592054223
138957,8348.902005620568
138959,15725.22859580283
138965,30.274879234211078
138988,21.63954036751257
138996,3363.6563220112275
138999,958.7962867314992
139004,32.95062867782859
139006,4103.810028729654
139011,3532.6116750730653
139018,216.25947761885536
139020,19.421765820112384
139039,974.1031100277369
139047,1629.5122784135692
139053,13.896034344321658
139058,118.21991054337347
139061,10.035238369331623
139078,132.5761032963305
139090,212.58171028689438
139097,4128.806491838068
139101,39087.92895061741
139104,3326.63490387057
139105,12.452509702215142
139107,11085.36071514421
139108,108.11504885729018
139112,210.48447697648365
139115,1.9403892441624961
139123,15.415946000531319
139128,3406.5961399187695
139138,16.55931717500544
139143,1.9612727330070947
139147,5038.3593511941635
139159,4403.720759089243
139162,22.21835538163134
139168,1175.8897540705468
139169,4832.060826479731
139170,37.12835769210328
139173,4013.2192176577214
139177,10642.82469908178
139180,2025.9990291777679
139183,236.91015410386805
139192,1093.7422325678845
139193,64.42790183210387
139202,26.843133096751956
139220,4191.356226210294
139225,4288.846482842635
139227,5.711580139504793
139229,20.450684856121747
139236,46.02418732714989
139247,4879.292950285579
139248,121.8624920064454
139249,31.6593738507338
139252,53.64837503350793
139260,407.9212537322144
139292,31.877669293640423
139303,5801.539519953713
139307,59.380434078095014
139318,4754.994292438145
139332,254.96349790574936
139337,5821.44806014427
139348,12057.923804278173
139358,2002.4541636270956
139360,39.32694662007795
139364,13.585616742317018
139368,2.026880768369203
139372,68.80353588153001
139376,5396.9855778102365
139379,27.035327187088235
139387,4.2709147117066735
139390,1275.3404395184898
139391,271.83720705867444
139397,4.1439940925269
139400,4618.839308397778
139403,29439.27245332843
139422,22.984471316905232
139430,251.53639539594778
139434,60.784799235921085
139464,891.2878726866442
139484,8.101993866915151
139486,41.5399467799854
139489,55.161679390666876
139497,301.4601968015829
139501,354.26454799227787
139502,601.5567185651735
139503,9192.664253841713
139513,8740.605444632425
139515,135.82902619080173
139527,19.074206244131325
139529,11180.049487021897
139530,161.93397536083214
139547,685.9306001026721
139552,39.690549192595164
139561,93.31302482270578
139565,184.3380984358108
139570,150.31497309494702
139575,4625.796273970847
139576,438.09852236431414
139582,1078.25139563457
139587,5628.846858765197
139611,15.70297457867636
139612,656.8694294878356
139614,139.24943674371826
139618,245.16929843767755
139623,2537.047659422719
139630,2429.9847506101937
139632,218.0043861497278
139636,2203.616661943462
139638,51.968993888100755
139653,84.37866350756295
139657,1046.5638120539406
139658,63.74297568401453
139672,134.99593937499705
139684,71.98783863978974
139694,108.8499108078066
139700,12.095616509051787
139714,4.390675841065339
139717,145.5159708137564
139723,19.350964568256614
139725,16119.245854688852
139731,23.27585641703001
139758,13.393487255809147
139763,3505.36013729335
139778,11.068273289486907
139802,19.8013321847069
139803,2.0255316879123875
139806,89.60446772487676
139807,37.36567963656953
139811,8.145001253745003
139825,13.07608344656561
139826,721.3598248227436
139827,137.1183168893385
139830,978.8967233982271
139834,48.02736339763457
139836,50.606931100987325
139844,6394.176215687958
139845,10.978363756179736
139849,22.468056411747636
139854,4734.710490296465
139858,10.456773555880494
139861,90.31341381093924
139867,3.0924693397518377
139868,76.594101271349
139899,732.9988736749323
139904,462.9252938823195
139924,55.3115988666879
139926,1770.8795320108215
139931,72.80859842743001
139936,5.724670088215728
139937,247.3055511511164
139939,625.6821102747256
139944,3627.392359960914
139949,398.23063816141877
139955,307.7911286337104
139956,144.9183255052632
139960,243.4771419785194
139962,0.9504804936585103
139967,219.99112638790825
139969,157.07436654044514
139974,77.46261679801533
139975,23.34250864929471
139978,3181.046771294229
139990,67.34183169506606
139998,719.6108852092298
140002,134.94946309370638
140009,144.4161972992494
140017,12.508799077101283
140021,148.63504799341382
140024,158.33792282779737
140025,204.22529951945944
140037,130.68379938112915
140047,13.018415601452059
140048,456.0487910710647
140053,12.72009668381628
140056,2.2305962819043437
140064,187.24362834186348
140069,13402.977001413892
140080,24.563008819227083
140088,61.3701565110014
140092,16.81551368147244
140097,201.12526629924773
140132,127.85354195020516
140158,68.1767201217163
140161,6.632906182899518
140167,999.1304678867491
140178,57.27012743957488
140199,55.81008487726224
140200,65.0502260136917
140206,201.92966394448456
140209,702.9408406591507
140218,1843.167380827566
140229,7661.58766642306
140231,184.1693562090297
140238,49.26608790408707
140240,4.1381609107657855
140256,322.0034604058364
140282,222.48579410720788
140283,2472.046033282379
140308,4014.1337265633147
140318,409.7892710827582
140319,418.6210899205074
140320,211.36788510324024
140329,1645.6779793052226
140330,202.28246335375917
140332,609.5782394901967
140342,4165.232011522867
140346,240.68402170089468
140349,817.3075375281361
140381,195.1233888644517
140387,888.0874070519995
140390,1429.7365694313924
140399,4530.637489162006
140408,5935.396187356748
140410,77.17875134997959
140416,13751.479613981635
140423,32.547732702308984
140427,4814.053541764287
140430,248.0286531556235
140432,5779.549202313668
140445,1124.30161524358
140450,1000.5924229056125
140451,148.12719701384626
140452,1908.0510455715607
140460,649.0608943731224
140474,451.1474591552857
140476,2569.7790657040073
140480,103.78881942279033
140483,82525.75807424172
140492,816.2444965305756
140505,313.2698146972541
140510,271.80074883157846
140518,2016.1170385457476
140527,38.92028871023693
140531,1242.7071355208222
140536,30.63218236281361
140542,92.69727740013462
140544,824.8252336420131
140547,3791.338445928133
140553,350.2027824392876
140555,43.530969145260265
140564,99290.06158433418
140573,82.1004515702229
140574,887.6786782872451
140576,338.9945800547263
140579,4049.4333181682623
140583,435.39004701515057
140596,46841.09112042934
140598,2418.5188319068866
140604,2636.422684613916
140609,5512.888958734247
140611,688.5238259265099
140612,443.3543414388346
140616,40.53492813467809
140647,309.77034028372
140657,110329.26715849289
140659,2580.1950668678483
140661,920.0639730194792
140677,19.52513388997993
140687,19.77455064684479
140696,63.14624292852959
140698,10.708230952847975
140701,46.159804905752885
140705,11297.016425461943
140707,76.8213890731887
140714,547.705147286911
140716,318.47597659224715
140723,14453.6618679361
140726,3357.181511677703
140728,18729.980986835788
140730,60.26763775456792
140732,7726.522768808059
140740,20.900289516097338
140747,73.02483959571799
140748,212.32994746193756
140755,10.887117406370852
140758,28.299480789842143
140761,156.72457523834908
140768,1676.7337384762686
140769,26.96243160454993
140779,7124.061104127734
140795,1681.3572364260638
140801,28.829745133459753
140805,97.44066406691664
140823,28.13447334172845
140826,19.091059003623286
140830,1747.2526269088837
140835,1315.6819055059746
140840,152.1312438848889
140842,1357.2571414053868
140843,2435.796132416665
140847,146.23043563296434
140859,911.92416280442
140864,254.65850391308717
140875,14.417876153710445
140882,6128.818965601638
140883,158.62955019624917
140885,430.11278745201747
140888,120.1954959538804
140890,1077.9582665254038
140905,39.86030068170796
140906,197.0174594637349
140908,10265.811588667786
140912,30566.806889543157
140913,290.7323579768898
140914,594.2811898152099
140931,755.422070051147
140934,305.5541220037265
140940,231.00499212665784
140947,160.5540953188009
140953,535.7152126725487
140955,211.10826066926697
140969,706.9771239575016
140972,240.62272835915417
140993,205.66984957556372
140998,1151.736780458702
141005,87.57700042012426
141006,1703.4275537804585
141011,133.99388901187027
141022,194.84781219225087
141023,9896.706434304135
141028,90.51202543438023
141029,2008.1459257486792
141030,11670.655139023118
141037,2835.0207484989733
141038,2264.4265650022544
141043,1232.1463557308332
141048,1564.6629382466626
141050,127.17711751077721
141051,4696.537438034381
141055,11002.707655143235
141061,2725.077270199134
141062,2870.490126457544
141073,334.7584089459637
141075,353.84621219375555
141079,957.2043291379381
141089,8660.811664090617
141103,51.47876021507566
141110,5963.517170708706
141114,1974.8828108772896
141118,10.610194177046777
141122,111.95413651685384
141127,259.75257167827647
141128,203.31044703940466
141138,364.387883892117
141142,1731.3007308952112
141143,2548.7382654199487
141152,2048.515081275987
141153,30.852478584378346
141154,617.0603463185624
141176,30.929180167607463
141180,545.5821113816899
141182,2106.497421456104
141191,1022.2295371756932
141196,239.65943845144596
141201,1164.4480037256312
141216,9.985668587257223
141231,2117.7300401264324
141233,52.80629523255963
141266,60.74574307315285
141274,15921.557815747537
141277,114.08653935542662
141290,218.49842855643183
141320,102.63656441772049
141322,2180.998010663783
141326,150.71043835829042
141333,187.96993521741913
141350,1789.0974654559973
141365,20.408151179384944
141370,5486.151259820609
141371,9.976811848300684
141390,18.381323069341466
141399,2058.925457916128
141410,28.540537843248938
141419,14992.284881874642
141428,1133.5100649545382
141429,1567.6307869304621
141431,1935.9926315742246
141433,106.31170304679216
141435,2740.1555333935066
141437,3161.9472697016176
141449,269.0248167587667
141451,162.84930329127008
141459,166.51396376000952
141465,266.0315560417617
141468,123.08075476194412
141479,1751.499910796849
141480,112.25430135237146
141481,952.6648443112731
141486,151.85835533603122
141494,2661.000682450152
141497,131.5957764843457
141504,1157.338860410475
141508,387.79312403605974
141521,1288.0462244760886
141535,214.14263555644007
141537,6807.127107770294
141545,1261.741142318217
141550,1288.9240109293323
141568,21.83907666739586
141573,139.14731549570948
141583,293.16401343892414
141584,47.71525993590856
141611,11423.77851739706
141615,27812.535497057488
141622,325.1619246013501
141623,1030.6204404599478
141628,60.79691818361147
141633,2578.4373075926696
141634,217.03701530872658
141635,131.63011964171267
141637,12693.130279362418
141641,35595.25176212047
141653,2452.2668635722316
141661,773.1811622485103
141663,20.54626280958662
141667,31379.710946520234
141680,912.7397760516213
141682,2864.5698918393045
141683,253.4234907339186
141688,349.17757206004774
141693,1657.3675829116257
141697,281.4730551318717
141703,37.727812350339725
141705,1328.5311854395547
141720,117.00089830654196
141727,532.4076717248912
141730,12730.565660363975
141734,1478.2939214596338
141761,38.228089522606886
141763,627.0920556725445
141764,1647.9351125761677
141771,248.7362125029981
141787,1062.152145381261
141802,60.40008617075032
141813,121.96874776626109
141816,33227.45263426067
141825,49.8391522021729
141842,36.195863513354034
141846,39.577718852478306
141855,1122.246608949974
141867,79.92964167196105
141891,4239.461208427999
141901,110.77499357356663
141904,21418.25142727487
141908,391.8346610616977
141909,222.13883236605676
141911,196.30412836963123
141927,12181.224269485057
141928,158.95967481232194
141930,1131.5489311566357
141945,408.17428382661734
141951,653.0464071855885
141953,128.04525724328118
141955,533.2238274031866
141979,172.50415156644365
141986,231.03190174470373
142003,242.74972761239985
142010,737.4484907797532
142013,266.9842748839951
142038,1107.6306063001946
142039,79.22018324629084
142042,84.95914048893158
142050,560.1764178635035
142056,132.50021562662036
142059,73.87580275767654
142061,381.0724345822187
142071,1552.0019121015891
142084,60.224235726286615
142100,389.82929446489914
142102,129.5879610183884
142110,19.611577437043568
142122,53.246930687697294
142124,2855.146891322449
142143,37.89757634105966
142147,7975.729187273432
142150,239.92558669056584
142160,48.95873707626647
142166,3374.958895393112
142167,2420.0798107565233
142169,674.7039259175674
142177,902.8967211256413
142178,8198.43295242192
142185,3793.646265256235
142187,58.837293577282885
142195,2068.0430645096294
142196,154.65856172798433
142198,4309.103667763549
142203,109.7322286373291
142204,25.695235202960724
142207,37.71147199345802
142210,9007.390157441198
142218,22425.943496611184
142230,4596.195027172016
142235,117.22660494887229
142238,8680.396382833715
142243,57.58912678266349
142244,1038.9396847900573
142246,203.68351352327554
142252,397.91588640206766
142253,97.03565464693331
142255,3750.46390062746
142259,38.256086400069556
142270,288.90203593792444
142278,40.18990392123344
142279,39.281896658514114
142281,975.8178430859776
142287,43.26684246161711
142288,43362.67190278228
142302,4819.475075440097
142307,250.67354504039525
142346,135.1536997419469
142351,240.029995897387
142356,21.942198142838734
142361,1841.0134085255015
142379,55.88001844590763
142384,32841.23063253439
142393,44.19113741762976
142398,2380.119213705721
142404,29.56695650111368
142412,235.33094653400758
142415,774.7957375793214
142416,2625.4813947478146
142417,21.181602942650027
142423,410.95041997203134
142424,1829.2531026822046
142425,2405.2632345768425
142426,579.3657922925981
142428,538.9009177656428
142437,247.4970006894878
142439,33596.948229208465
142440,475.4564141735391
142442,1318.1263805955523
142444,2310.38762380008
142445,51.60542169474276
142448,142.4273185838222
142463,40.08140213353093
142477,3027.420352056187
142481,922.6350239099392
142487,36046.60637120281
142488,7528.497292616374
142502,178.48240282482328
142506,401.8422291801574
142507,7523.602956707697
142509,525.8401762303747
142525,279.8665520719974
142530,1207.9607099289822
142541,39433.89829293713
142544,3046.4667722944478
142571,1486.538971615265
142575,1914.97603329617
142577,98.29426943862009
142578,1362.2676248927178
142582,710.4330692907688
142601,7976.445432144608
142611,203.20720442545888
142616,734.0198321613899
142621,931.3399225795098
142624,9783.772086022707
142627,37.98465535289119
142633,37172.79196290455
142635,1954.0060227047313
142636,3822.067924875064
142637,74.43233680332064
142638,167.38029996663514
142641,1741.7303353265372
142650,15902.603878232141
142660,492.3332402809589
142669,10.155881915665441
142670,112.63006038997905
142671,5093.516119229142
142673,149.54863935224893
142680,4786.002363114641
142692,366.39418912794
142703,5724.742921801529
142710,1956.4019777843216
142725,40.12558135428254
142736,10826.516304789404
142744,1015.3086214024995
142746,5119.048962113136
142751,48.257731219844196
142752,10.116254735180188
142767,2757.497329619139
142769,51.46451248515812
142776,38.937940381558995
142780,10.107777190699574
142792,2797.807205546784
142795,2737.3224204863595
142810,10.398972625175706
142813,55.49960019808089
142824,2895.3810595578802
142825,18.69041362827798
142835,162.07938116050582
142838,60.76979391190543
142846,153.24049818906477
142869,160.82455547911127
142873,57.97304616903318
142879,3354.3449917404696
142881,61.59606387623025
142894,3284.6928584294646
142909,4542.444685299269
142921,327.57227136738004
142922,1943.046142637006
142937,196.72007269273314
142938,473.11670446252276
142940,22560.872701923076
142951,111.98652520454549
142952,775.1504664863122
142957,49.66652375766804
142960,581.0095244817611
142963,24276.000039050363
142968,112.82709260853947
142992,84.14087757341957
142996,1625.9910798884582
143013,6931.847669302291
143015,751.3933954823065
143020,472.6440937704096
143022,65.40960402393858
143025,198.4140063872094
143041,306.5946915496226
143045,1239.0006441137493
143046,299.6652590832864
143058,2004.221984998405
143063,1402.3802884605723
143087,254.4513326474413
143095,4011.0493373873446
143098,2041.9026072269394
143103,729.820225396355
143124,235.34788834796205
143138,1437.4483142929462
143141,122.00620896009414
143145,42.206784361622745
143146,3043.5641291302777
143151,580.8543503411984
143172,3987.4837257918894
143180,540.0973177844137
143209,112.58759145558483
143215,192.1612697839976
143220,953.3157286811696
143221,2692.479906159024
143238,284.6723541997303
143242,88.55540649628192
143250,30628.13436393152
143258,33.33327747588653
143265,2161.2080329142436
143281,65.47125251895692
143289,4239.175900063075
143298,180.18026314647875
143303,15727.763758736366
143307,214.4795753285883
143308,156.96215785775502
143309,56.769626154636505
143317,290.6763151128425
143321,1259.2894709156094
143329,169.6998045786029
143340,388.83059194971605
143344,232.60244523047047
143345,103.87942546336934
143350,170.85264635663677
143356,349.83342699824277
143363,45308.943949815504
143369,65.14612860215215
143372,748.4244900089146
143398,1846.9814619297113
143407,1708.815094932755
143411,494.30065769485503
143418,358.71786270147226
143420,2803.1773492771317
143446,22394.412652344545
143460,10041.80870585532
143463,274.2236959354221
143471,292.5401162530646
143475,1798.1161246281183
143477,319.66724049120177
143479,1001.1491139235242
143496,24310.82783485736
143497,468.4527177571211
143508,153.16247929703698
143510,242.8228858194716
143513,5502.0287200423545
143519,2630.393766499997
143523,2342.614084344201
143541,10.14035254834992
143542,846.4797936101443
143551,2395.994941850933
143557,951.3614508254998
143562,2903.0568138690296
143582,21.999311623815842
143595,41.08196627212525
143603,19.92810493877794
143605,2885.6062176418004
143614,60.24707758438848
143616,1821.7403276846633
143620,172.27978813568774
143630,963.3351789835477
143649,713.1284474122247
143650,4542.601962553928
143654,174.29884149944485
143666,37093.20197527199
143684,603.6121388501326
143685,170.21309086945817
143688,19.22911275505119
143690,2978.7292861183687
143701,40667.492406293735
143710,77.78817606300501
143711,159.64572216134627
143716,2581.5417675656686
143721,64.0338680382984
143725,2960.3567096895144
143731,220.18862578909696
143745,1933.0333900514097
143752,604.2362512571732
143762,69.95323854912495
143764,167.4936623945574
143766,210.53142995562402
143776,4506.940076803096
143780,119.23485064696139
143785,216.78257089223177
143788,17826.052352168168
143797,1977.9754638446695
143801,4580.985187119661
143802,2886.370523318171
143809,11256.005394665459
143814,923.50815610589
143830,327.6364253027766
143833,85.16442659229132
143838,8070.42093760674
143839,265.6395012726219
143849,10415.957051527472
143850,155.70087653980863
143858,717.8653088277108
143870,430.31711178659367
143872,610.1629068001733
143874,1516.2553302174772
143887,20.43091922916539
143906,50.15927417996207
143913,18.48117690425989
143916,670.0812791782668
143920,197.95461692497648
143922,1037.840532767445
143930,18400.301268245465
143932,1386.4184072830137
143938,1036.6801105838485
143940,959.6320427144885
143943,27126.091906265297
143948,134.9433525320933
143951,876.956073173196
143955,1290.293025137588
143971,10.816720615294553
143980,11313.26176090232
143982,9.49763697274859
143987,105.96047860339442
143990,4802.771681056551
143991,2002.749417833363
143993,180.50162617454592
144008,9001.19717749028
144012,81.15129133534413
144027,821.6265994928186
144060,30.51623309081465
144063,10.14081188254109
144064,66.56020417813995
144071,2004.7120379907226
144073,235.60643565215312
144078,51.48481275581636
144079,19.462021719689655
144087,9527.40359739987
144092,31.804765110756286
144099,3507.3040780605843
144103,265.011395689963
144106,2165.3846217375017
144107,121.16914568188483
144114,399.09267883932495
144123,44.67659892524849
144125,53.13850728374533
144156,199.1531309809006
144160,2423.7563599321966
144166,24041.522960845836
144179,134.34674200407903
144184,17145.241811428998
144189,60.09557535938264
144199,168.40334972274738
144208,623.4169392457235
144210,222.29535832506127
144213,106.89691960695342
144217,11418.36024478056
144220,2447.7042287941686
144231,866.3553413493513
144233,5789.0215791581495
144236,197.19037851398912
144242,876.4561132764461
144244,72731.33952471217
144253,170.0937247331404
144254,1000.5239876771126
144264,653.5886826199018
144271,304.36667183102253
144277,29174.19499926255
144280,9328.362974169268
144303,12542.602275342882
144306,29.859556149849652
144315,29.098470932715948
144316,449.5248186194017
144317,257.2012397539675
144334,62.26625763724314
144335,517.0874747996354
144349,185.66199891121082
144372,47.35836747350618
144392,875.575529154257
144393,1152.019890272946
144402,3040.463602471679
144404,295.3667124325045
144405,35.07008665997401
144410,13.94801882301065
144432,464.20603216948706
144434,20.497077413833843
144454,10426.131315345085
144475,550.5047011094614
144484,1028.3630431176082
144486,19.56056526343679
144497,342.7134710418992
144500,261.51900645185475
144502,13188.87261490976
144503,125.98780164972229
144507,134.29356202882406
144508,1022.8881100679698
144512,350.0123719781573
144515,234.09873313433516
144520,3005.9992116491144
144528,539.0766410213793
144529,580.4428249818177
144532,65.66938497622169
144533,22.950698769847328
144540,51.89573532547079
144541,48625.455910096825
144551,448.96065403045776
144557,10.045782671929446
144558,13.936482010948001
144568,207.03150063743428
144575,398.71649097810774
144578,120.07888454292622
144581,4.310480752050492
144592,319.4121012114801
144596,15545.552678939855
144601,114.41694069967166
144606,70.59498041481291
144609,66.05084219378064
144611,239.2868053690964
144612,2260.364530983111
144645,526.7190421670376
144649,76.40516176086096
144665,683.6771861244346
144666,1183.487351676492
144669,404.84323004846635
144673,3.8091225853141717
144686,3866.3939759761925
144696,2988.893622065163
144698,136.0606339562076
144714,3497.8494614034807
144716,9791.06919671647
144717,627.2440821688966
144724,27341.201433954287
144728,1843.1031952374112
144731,1278.2395725082145
144736,3370.925118715923
144737,1058.568324566792
144738,20.94133213852065
144740,509.5019535809593
144753,222.98999457985175
144755,248.5550267237984
144761,865.2007263083694
144763,481.0803214745387
144765,1040.155957026604
144772,256.05456063454056
144775,2960.6987735247535
144776,801.9559783746588
144787,1118.0099590279106
144797,1360.7038351318247
144798,81.41904893768
144805,722.0594760009157
144808,3112.1886593059935
144814,62.9871750693128
144816,5131.75522918557
144818,269.7219752392029
144824,2333.551031353434
144826,63628.27371362333
144828,1688.4055100693208
144831,218.26984513221342
144841,10211.46220132585
144843,18209.588477531244
144847,6482.652718542414
144851,4082.6862888743867
144857,310934.9650782715
144860,1144.0470621506072
144862,610.0793514494918
144871,1967.1371853009719
144873,10889.220258654339
144893,230.838029716398
144898,3.2216034953474857
144899,325.2260348618528
144901,11.230348304319675
144908,25795.81257733011
144918,174853.65659961943
144920,70781.59196302888
144925,334.68061793053135
144926,62535.957006164266
144930,2.2234174166497893
144935,246.69472090553265
144941,2.704669825025357
144949,873.337517311256
144954,730.8322746969297
144962,3332.470941817412
144982,21.119288535715064
144989,4.212930606396825
144993,53542.229914393414
144994,307.17184877483226
144997,930.6302663090185
145005,7579.797963224128
145006,13.328679427768156
145007,70.90803654383221
145013,265.91375135597264
145017,203.01812887987919
145021,525.6216079040053
145037,235406.8993100109
145039,36816.03671373658
145061,232.3180887384229
145065,470.25215766595863
145072,851.9177382525429
145078,62.38325722534133
145081,1080.40087663112
145082,2.8439204619119143
145084,57.371977120791456
145090,4962.925083492428
145091,1169.3268064894462
145108,427.21233811893876
145110,491791.7562101091
145121,50.0731857662963
145145,6968.674273977659
145150,1462.2083276641704
145152,131.56308660597404
145162,425.723944241563
145167,0.357796530349381
145169,1475.1724661202306
145174,135214.37008810666
145186,129.71673129991808
145210,78.97071074325738
145223,1785.1502590686318
145230,147.14712598912487
145237,5037.822505682923
145242,4398.495696543568
145247,148.1868175132016
145251,13156.912868620135
145254,66.36441487480282
145270,6325.344993545761
145276,1185.3687890108422
145289,69.64226135758172
145290,722.3258842338291
145302,0.9421453847744323
145304,2018.072930729399
145307,345.59585775485647
145308,40.80370137091591
145317,13514.968176117787
145337,132.19715669238886
145346,1603.2310064405667
145347,1902.2139442789542
145351,1449.3597059451065
145355,50.7331592600436
145357,2182.5608429187823
145372,351333.85751405923
145377,1.3706275134239996
145380,0.2033872330584432
145387,17.90139784047125
145405,94.44100268043934
145410,2206.5297512463185
145411,361.1720889994187
145425,327.23057044724993
145428,3094.7864176386706
145453,1979.6451371585017
145465,220.6514161166645
145467,1044.3045092506773
145468,0.09923575760554837
145470,1716.0370399341236
145471,140.35549151052436
145481,4813.924461165696
145486,4644.955953515944
145488,1830.5103504164133
145497,142.25566159020516
145501,777.3244655122371
145503,331.3185905874103
145504,220.70609826605872
145510,278218.22863057326
145520,84.88300700996739
145546,84756.69500869111
145560,2.127304393108878
145561,322.8797645011055
145567,102569.86849384324
145569,4.820276189721372
145570,2260.164764797384
145581,45572.59381316294
145582,171.81731104376462
145590,2.811710063316871
145598,111.06721461236282
145602,1328.3542607094887
145607,87.98055839746888
145610,13872.408046172124
145625,659.7158463609288
145628,1204.0028591065884
145652,419.12264418277556
145667,325.6757991966905
145668,111.53762198127144
145680,21.86820326666803
145685,435.1865063499988
145689,16019.257085931251
145693,11584.084477880331
145694,224.1416189384326
145711,4602.054061234307
145724,0.301674595086818
145727,31.550719189819482
145728,39.24251116541481
145731,1549.8815394219473
145741,12419.40741919015
145742,337.9409030861467
145743,14212.79220557306
145747,60693.929759247425
145750,48.40884919179271
145759,1.5982185783189204
145762,36.9891796140135
145763,262.14616279666274
145766,1047.550724464601
145776,86445.28305981576
145779,2858.8756705998994
145792,2552.5583396054244
145795,324628.5148277176
145798,0.40786935074473685
145800,59.02048453444205
145805,2033.3368995321407
145807,485.7207838562246
145810,1.4486836189342711
145818,99.80703922732135
145822,53.319408363845994
145835,323.6037226839298
145845,128.75024400446176
145846,3533.559694087474
145853,316.5290854818266
145859,14.613367927594084
145871,5.080864339945734
145874,7.119907709294752
145878,5.296713753444057
145887,250.32706450591772
145890,15365.372507293056
145891,180.66634085249177
145895,2854.422560888226
145897,27.37333532621866
145915,1.2431302642183424
145918,23.463793804752218
145922,6.791564035156996
145923,118.23078542379443
145928,343028.95667771425
145942,27.983920467247145
145947,20.55823653056184
145948,2909.4764788125663
145949,289.89335472420845
145950,565826.8478508937
145963,38.517576729104746
145974,18454.683963995645
145981,798.2710337288303
145994,88.26507905982092
145996,4.6360579520008836
145997,5369.732082998684
146003,27.144421573999896
146023,2.076254893554091
146024,4.033915910765403
146030,361.409953856135
146034,2.867167908723311
146036,290.7697557669443
146056,165.2258200827633
146063,358.2543361343604
146071,706.3077490024576
146083,1.408357366965555
146094,425.5857972674548
146114,12.260594841905153
146117,133.53488761322149
146130,529.0072704946267
146138,31.297941436883374
146140,110.34734454377318
146160,19.154370769263213
146165,1277.7380022099362
146166,2821.048487378312
146169,1000.5485043230263
146184,119.32817885037684
146202,72.95468150687253
146206,65.89027454676697
146230,67.41810294472766
146232,1.5545287079879064
146239,385.6729673748933
146251,36.88764725649033
146262,561.8706126605696
146270,267.05555585005663
146276,1179.444728855551
146277,3725.331369985009
146281,0.10086360224047285
146286,400.9707350233484
146288,18.09636476442216
146291,10925.451708304961
146303,1.1067837146078479
146305,30.493507004312782
146307,4806.482524164989
146312,93.09061279313467
146333,48.89624999519492
146340,3.574275592241476
146349,5063.3377278506505
146352,4.83120362253303
146371,376.17241307540155
146406,20.83195423550582
146409,751.6763954636224
146411,40.77237048510355
146414,143.6101389252665
146415,2173.273443084324
146420,138.04714297772924
146421,357.3581184961159
146438,14848.710943806305
146458,126.3394100427374
146478,19.500160581547693
146482,39.226414470869756
146485,144.18099698342095
146491,752.1332783477266
146501,12.970420467723757
146502,574.0553655082037
146504,214.00554032620985
146512,134.62326405633758
146514,40.16790497236882
146528,1643.7924691764733
146530,1704.470854468322
146534,123.77733435569456
146541,36.45998518816721
146554,62.61700333468239
146577,2993.5288423604516
146584,30.571422433044496
146585,87304.3754800635
146589,23.966480868312843
146599,2027.8245662957133
146603,28.515355882904043
146612,32.80588950580086
146617,1.885277352565912
146622,449.799205182049
146625,2.363549798572583
146632,664.8075425748012
146635,255.82328609236086
146638,22.1728497561677
146654,338.1895703549707
146656,92293.17241862921
146670,0.47734416202969576
146674,145.88061801067943
146675,8.157127044212377
146680,24.480992412473913
146682,202.34124800262913
146686,290.1380332009287
146687,92.36719957620828
146690,1.915684261566549
146694,148.35773332232606
146706,83.29568984383793
146707,13.690345243727172
146708,346.29836852538915
146715,1.323731073122413
146718,4.902019278700073
146730,366.9514386268212
146732,0.40460044993033145
146746,363.47554662210564
146747,16.120332551018645
146753,203.36621317653552
146755,0.28799284842737527
146768,166481.5125796125
146769,140.43351065129866
146775,0.20140279888584567
146779,4.005203248088246
146782,4266.7615089015
146786,451.13490508151057
146787,268.0275247409336
146794,11.685149950321868
146801,87.57409631281868
146803,9.095387222663017
146808,261.6507682300581
146816,40.86105237936527
146820,1.70702209262212
146825,4.814710877660589
146832,4.252041978841664
146844,524.0805654361665
146863,13155.472164582887
146864,52.81798920636052
146866,74.94820681476705
146873,16.873674157428553
146883,461.28430847213065
146893,946.4881972174069
146895,831.4482441775314
146898,388.30732539418847
146899,10796.301078570052
146904,68.67728584951573
146905,1354.6092987378227
146913,16486.981250720888
146915,114708.64085986691
146920,1590.3433342487783
146927,44.206311921819506
146936,16.490365443744572
146952,16572.211108426178
146958,9030.062238263927
146959,30.52197675058706
146968,295.3215441101845
146970,2121.6507615197534
146989,73.96648513457171
147003,1569.0830947181892
147004,931.579741760715
147008,1845.6897564921871
147020,15.770251664105677
147032,8843.016048545665
147034,16.340426081417853
147040,241.54243667974973
147051,80.55092967544888
147061,292.147095928436
147080,984.7769635795864
147082,99.98604780348096
147085,525.495105124075
147095,36.321753545451685
147097,3.0058843428885114
147103,257.5962950688472
147111,13.055300882868444
147128,155.53921268802634
147145,24.175708952456727
147148,12.469840404894962
147149,3164.848568084405
147154,98.65979556656269
147157,91.10927867948949
147163,158415.60345299175
147164,6.2666764440938705
147182,549.5207355810828
147185,468.3348653540774
147190,84842.7675138203
147210,15008.819385297802
147211,28.07565580169079
147212,241778.84404262903
147213,25.42742940531517
147217,10916.980282422654
147218,2.229053408493725
147219,31.562095829236355
147224,32.82175195958636
147226,10948.175485429296
147234,10850.155454375808
147243,12.529932506117833
147251,30.012827791442817
147252,214.90204961711825
147253,8.301765154511875
147254,786.7032811075985
147259,8.556430468590522
147264,2855.4835464333196
147270,133.34458245653929
147277,190103.2597011982
147282,9.052052546992382
147288,440.9246365700675
147292,304876.04043406365
147309,52.5371975089734
147314,336.2460555412601
147318,2.957359535038476
147320,4620.428992543275
147321,77.71545954321185
147322,4.970783928935316
147333,166.8518494301183
147334,271.08484537303536
147338,283.83922451402935
147342,34.30794129843051
147343,97.20604664679374
147359,951.0322547013786
147363,1598.9552610849757
147376,436.2781573644508
147386,2963.3000715666153
147409,20.30799251974384
147410,99.95447896544862
147411,46.648390868067565
147412,51.355823529682695
147420,452.95190973561836
147421,12199.094875518958
147425,313.2371673717061
147432,61346.133530888284
147436,223.13849629566974
147438,582.4716143356728
147440,28.8726966163253
147441,187.12327777634295
147458,468.09318670592376
147464,52.95185522170386
147468,107.36653390678683
147474,2763.996598200428
147491,105.57053830310652
147493,55.51164940751171
147501,2533.853737910447
147503,361.23984740918246
147514,240.8274220272956
147538,375.7495748380312
147540,2.234798115391987
147546,354.97128995718003
147559,37970.998147244034
147561,1712.0134434737395
147562,20.420373203168626
147574,0.7985928056123729
147582,91.66850326307713
147594,241.97236093442734
147597,4228.405603835502
147604,2704.6408433060597
147623,279.23004079525225
147626,2645.6172491056873
147640,116.00592419013932
147641,19.75468048129679
147645,1.8718164105713861
147653,146.8609235543079
147656,0.40606781060798114
147659,380.16684666161945
147661,4.2182549901429
147665,37.776187804153885
147680,153.14632971913858
147683,27.994006845454397
147687,165.86258689953135
147688,12.472823303165987
147701,0.2095118386344842
147702,193.67238817936456
147708,4.6654129430996045
147714,80.95619941732866
147739,76.02470624403928
147740,51670.41992565458
147741,45.70929505505265
147748,12.924388592009642
147750,53.58560029130481
147752,57.31926501737377
147755,46.30002735567764
147756,77.31887322483729
147757,8.389805464574946
147774,746.8370403789758
147788,7.343780193914453
147792,502.86393308527954
147795,22795.251480143255
147797,1202.8271039643523
147816,358.8098304782004
147821,146.1715688705099
147824,1232.8315619022671
147828,1220.4852501044923
147833,1097.3322500650984
147852,4027.1826132311667
147854,91143.0192097984
147862,250.15194774367149
147867,141.0964427235965
147881,12067.636060071163
147882,3063.921586697776
147886,797.4948330349757
147892,474.03836551563876
147893,12.442695504023648
147896,2286.925188447765
147903,3947.8968239064875
147904,26691.62666528131
147907,2921.0974168984626
147916,145.34160221536223
147922,5.788529733712995
147933,3081.6605915215487
147934,174.66004100238837
147940,13.13378939949711
147942,175.33611061906626
147943,102.86239119776863
147947,172.5631174728232
147948,301.9829865372234
147951,41.091901765897305
147957,27775.330564711803
147961,99.49566567011894
147962,10.605255128046158
147967,189.38685307515436
147972,251.86475589853057
147975,6251.44183996029
147978,2813.305427371043
147984,8035.440571431649
148005,25.68136572183841
148006,652.5367466143356
148012,487.85318928618483
148022,23.29231086094434
148032,39.07589614800121
148036,94.36825749088601
148042,1109.142344107891
148043,808.5428341907169
148044,89.39220376671327
148045,14.29283734479494
148046,8.002939450912162
148061,5004.135640283779
148083,386.43523635405154
148086,3142.3434530007567
148087,15.703588420917399
148095,2.5496042933028615
148099,4652.774243414636
148100,3.04507599488289
148107,453.94955474618564
148110,31.053964621413332
148116,395.0083801876174
148118,0.6346176472342993
148119,4623.198320267225
148120,1.7515323291589517
148121,3.8015813118536292
148135,27154.042195859918
148139,6.333183029595163
148140,0.808851125802103
148141,5142.827628066218
148145,283.05088915780345
148146,2822.3886887473263
148150,46.418929351352475
148167,6241.933841184981
148173,109.07571101500348
148183,2.172804822846835
148193,3.223809355299108
148195,92.90892862633098
148202,15780.006209647723
148205,132.4293631620851
148216,279.8311918383162
148219,8069.382829472043
148221,351764.26290799706
148225,275.48158748214206
148229,2.377248631484121
148231,3235.2624964978195
148245,1089.3413851188027
148253,536.7470391917948
148254,38.50814408285344
148255,624.5654319958181
148271,343.2886943764978
148290,589.1931255301226
148302,698.8766038860415
148306,21.097955085496572
148311,1536.0345042444912
148312,3260.816361068658
148321,4147.957046256016
148325,215.84270829196024
148326,119.2122078611804
148331,629.8465471955881
148363,4531.272656091166
148366,536.6907435619404
148375,3362.770042296884
148378,506.3444882267388
148400,91.3710261675488
148404,995.3856441194031
148414,13.006320142765135
148421,15834.462965786002
148422,18422.713854489313
148429,610.9646140989976
148434,850.6215959471022
148438,229.55309968065743
148443,44.674659005753966
148446,7.887562817762622
148450,533.8310175168953
148452,40.189468298158204
148458,17233.094286348056
148462,464.19705630079466
148466,508.2975422554401
148480,2997.8760230575595
148482,90.04351883026477
148499,28.71267696978483
148500,8.696514348219274
148503,132.5234576739664
148506,5.737703208699394
148514,1640.2070098004729
148517,5.420918303234522
148518,1036.6567351201372
148556,1019.9739955340623
148568,45704.71529449742
148579,1.1505257274230511
148598,0.5117106234135742
148599,0.2869364975089715
148605,5.072526492131092
148613,10639.621210779751
148623,2.28378215826288
148626,16.674582488247268
148649,62967.866093857985
148663,3.698036923660021
148667,547.0341769930965
148669,16268.082940487146
148670,627.017757706858
148678,8.351598781044268
148682,504.7642672141377
148705,5140.998493994347
148706,25.946422881780325
148709,41.09138806764942
148717,2340.6190154067135
148718,11583.909182695086
148719,515.8794408283882
148720,897.6318503665095
148722,404387.86781436123
148729,6873.649234051772
148731,38.70751992420222
148734,292.1504035546816
148743,1615.346750639899
148752,266.8954772261561
148753,721.6530285295859
148756,233.07891265725013
148761,720.5720174060567
148767,40367.814737766035
148769,4174.704785524819
148771,244.8568107564553
148772,3473.032911168805
148779,52288.437493207675
148793,173116.16404158148
148794,3413.0506572772606
148799,1300.9621279647406
148804,4898.537400277032
148807,6782.619796377331
148812,160.25511835829596
148813,72.28979741406748
148823,5001.682259582274
148837,999.4626071706265
148847,80.37031589207642
148852,9.370291416339436
148858,5678.911971672084
148860,120587.48188379948
148862,4537.300325377337
148864,168.53963832092117
148869,320.9531066370237
148876,652.9111146482167
148885,155.58422617216274
148887,568.6921703594492
148889,1334.5825881270819
148895,706.3584159255531
148896,240.55424568735285
148902,527.2042925486156
148915,145.53975806593562
148921,74397.2883787643
148922,315.66823510618747
148926,3710.7737383154927
148927,1967.4822958839563
148940,217.5869194435522
148942,4.710992103830074
148946,2000.5747747587911
148947,603.1606976582436
148961,403055.91615087836
148962,38.852038414263625
148979,60.50848103439103
148980,27.875744206568875
148986,311061.69280080596
149002,5.27038947455252
149011,126895.04461393962
149012,1054.55310652357
149017,1959.14838374811
149018,4.276155979999386
149030,468.52549647593383
149035,1.4860098630593122
149043,3518.1634109029615
149050,8.002174147538694
149052,288.53534241171985
149053,0.9873207161413712
149066,1523.7329274151932
149067,21.908395893472207
149072,3294.1668514177454
149081,14304.65560884155
149095,43.477804020679834
149097,0.8639635248866826
149102,499.2583697434975
149105,638.8809763750648
149111,454006.74672209856
149122,29.587722228080874
149124,4.750290586066617
149132,385893.4441700895
149146,71.95840081867577
149149,1.5138468925981314
149157,1417.1310581758228
149158,752.4372390040434
149160,0.09271349361000131
149161,1306.3116113569813
149162,1008.0518462364507
149167,38.00759431597027
149171,250.34192144334503
149174,300.43075240252807
149198,681732.9123366406
149220,4.498179731814754
149223,119.23929976939236
149228,65.01468409183559
149229,12433.738809087896
149255,935.110765191154
149256,2779.624114328602
149267,100.86030363198483
149286,475.56715610061326
149292,8.083421898565287
149298,3.676271047273709
149303,505.5016250908969
149304,222.53454293234614
149311,151.57866878449502
149315,11.363911200978437
149317,169423.76774947767
149321,35.740913315309186
149323,2.887490324292842
149327,447.9463533205963
149332,1783.4904433798656
149336,1213.6977247682748
149337,456.656375750169
149338,67.73855162178607
149341,10.468778366096398
149344,30.268479198540373
149374,3340.711536603479
149392,2913.2270215400795
149394,74.04458848758088
149411,1884.2261285959694
149414,2048.8835241218385
149415,24.687519451568946
149425,5322.15213457764
149428,10646.946327279273
149430,33.9532423221464
149436,140711.4564918896
149437,27088.37870786933
149438,1186.029263251651
149442,1054.384772569112
149444,8310.742204524202
149449,494.4511762132574
149457,0.2966560656427443
149459,6.837373540900479
149465,359.3585411865061
149466,3330.358441973396
149468,163855.35741118892
149469,27542.674810408338
149480,460.609751967068
149504,23.718402876274226
149505,14113.60530986231
149517,2147.7079123244016
149548,2770.0289369408993
149555,4440.249802858628
149560,499.87228498357035
149567,185.7990358916284
149572,489.7975656540294
149586,8.48023614838201
149592,6844.063227433876
149594,8732.287086502696
149598,8.890342250835053
149599,9382.141270595546
149604,78.67180424915439
149617,659.8429393481831
149634,1255.8627533283
149635,41.923506305977696
149648,27311.56860148558
149649,32909.26194560236
149653,8334.421546643107
149676,3201.3441222288725
149684,1800.8609826310026
149692,56.07418795831922
149698,50.0483945980875
149718,49.57815418876099
149755,5875.424506914641
149756,3541.6051250587057
149758,1002.3308732448211
149759,565.0455089629502
149761,3638.679750701782
149770,57.89260301034365
149781,557.605917316962
149789,3886.3944331903413
149793,2169.922825276201
149815,4549.909581949086
149819,1.813107451392305
149822,3072.5519340656083
149844,54.36522501835301
149857,0.37273581554401897
149863,83.55928408393068
149875,26138.720297484702
149876,0.2999100865191338
149885,0.7330158293384313
149887,20.300596052110638
149892,7644.982777515095
149896,15346.021287902679
149899,0.3636535066572586
149914,20299.108545671006
149922,1.0449609939019382
149925,119770.79727654057
149930,224.03091633432675
149934,10757.057357886824
149940,3.4758378452352847
149951,2646.8383599831504
149958,14.660316303414433
149959,111610.85777395593
149961,536.1579738126045
149965,12131.557045927731
149966,2932.230153124697
149970,174.93751540690315
149974,17555.51136598915
149975,4464.251278707835
149976,236.6407061367364
149994,0.9340520752613214
150000,1565.3448437021095
150012,63.85559174815863
150013,1342.9417541035111
150028,1125.8625234473025
150034,1357.1576740136543
150042,163.98047696634694
150044,128.12984067321003
150052,3969.722330487812
150054,54775.385806193575
150059,101.24538744712419
150062,1614.0390200259733
150067,10.288238932673169
150102,1507.2291293289595
150111,6.369691598667548
150119,174.7289320432329
150128,4709.522787469335
150136,141.741715381497
150155,6918.578580983752
150159,8.658819303760414
150161,20562.028501971465
150189,4.62166819928104
150191,49.30391498958198
150209,18.408532758458175
150212,144.91655501194097
150214,123.55387569359256
150222,24.04261033010666
150233,386.04842328887224
150235,236.09188227517217
150237,134.45139219062375
150248,71.42622214233445
150255,66123.33587567652
150256,195.1899795498653
150260,8.178409003809122
150262,2921.7636531709386
150265,42.4033268779264
150270,61.81638130631068
150277,1212.742504530852
150284,0.7250107094387352
150287,4.650586681730438
150299,15.308767844431948
150301,45.10552403983455
150316,3090.121723993469
150318,203.45685608658752
150324,131.95098358616755
150327,985.1485193572031
150330,1130.132537353733
150342,1.4757479964846483
150356,1.1092406670885795
150359,1092.4721869314733
150364,36.26714535371475
150369,2.9314649364959697
150387,426.8261848177985
150396,530.3799268885839
150397,278.4134908315662
150398,32733.069797059798
150402,25.848242703051696
150409,43.75450409925895
150411,82.6977030492786
150432,2461.736497673894
150434,3124.2575252879205
150435,5929.917585624215
150446,9981.913663921106
150457,846.0021835430463
150459,40273.76787905583
150464,93721.66053609712
150469,146.8974458859017
150478,1328.9025586284422
150485,55.81708317513862
150488,86.14797013058286
150489,57330.402208194544
150490,523.2749074271643
150496,51063.210596352226
150497,8158.84554100777
150502,68.94907719030856
150511,1041.199907799436
150512,1070214.3005672928
150518,1688.213132699912
150524,1308.6865224352014
150535,785.5359423811933
150539,464.28145570157454
150559,50.97435703535949
150562,48.789635559317965
150567,260.9662531046169
150568,1134.889148312546
150599,4.886884051409535
150603,166.92912983257884
150604,266.76348507590035
150606,5685.14185613951
150609,3790.3630595242785
150613,307.68339095623685
150625,78.07589899564063
150627,421.64599386009405
150636,366.5028163850442
150637,970.8965095497199
150653,108.11523969875282
150664,162.3232177223588
150666,720.9230293087566
150672,557.8943227759072
150673,12.990891883156216
150699,154.7544642922342
150711,1084.124731291341
150712,108786.59658182839
150721,74.16265265100535
150722,173724.70903755783
150725,725.2902451713533
150737,1.25586784011537
150740,1390.8504045572545
150742,14.090254010813737
150771,1637.438350208827
150775,168.80177960457786
150783,35.408335430380916
150787,392.2884446849046
150795,3555.0836767012565
150811,55.67555389692036
150813,1371.9653791302887
150826,304.77741013264875
150843,0.9644127694010071
150856,1265.7812543571663
150867,5.825625109201958
150874,379.3628304656683
150876,4983.403132826561
150877,16562.88720680688
150881,26.68311814000219
150883,3493.724209516195
150889,37.02709136066593
150897,10818.552695611395
150906,379.69091330091265
150919,428.08687609643533
150920,6411.661332277973
150923,21837.826136103155
150942,11.339108524032337
150944,1180.5710557584812
150948,21.593725881527103
150952,4476.237261270611
150954,101.2888465063225
150961,12.496619013420966
150975,867.0353177883409
150980,7329.6887963968675
151000,10.52110717614922
151006,1772.0990088909991
151016,488.09709619015695
151027,18.20860965582658
151031,19.049607073113105
151038,269.9060176169066
151052,12.861844512955255
151080,15173.578391771089
151083,305.9905271983623
151090,68.17543701684706
151105,7.9215355544834365
151111,17.623873248169602
151117,10.950118256391203
151133,19.968989838314815
151146,28.179510372699713
151150,65673.93333441179
151153,43.15155532720847
151157,17.10936382895851
151163,508.2066007156074
151197,11710.89377554423
151199,41.0597109376575
151208,287.83963038878875
151210,10.698088382738801
151213,197.7124014154722
151218,30.03751829913869
151220,1027.7066615556457
151222,32.78557909232225
151224,7.953289001890684
151237,8.769313655810564
151238,1.0722588409165723
151239,924.9215233604797
151249,22.40171684555945
151257,951.1807687445305
151269,271.32353205803935
151276,442.99220853319554
151282,5.953867629025496
151283,57.92826853591797
151285,1811.1173630255664
151291,101.85948458983201
151295,188.3041133371089
151296,72357.93997634342
151303,4.002165637856241
151306,0.38894539723089344
151308,105.66935659060456
151312,62.62253095982907
151313,21966.912842579564
151315,4.762844096560841
151332,12517.901003105795
151334,1775.4949654205084
151340,22.099661131600907
151344,9837.766055467564
151346,168113.3966495393
151350,294.69841075412614
151364,28.857472553267232
151366,4146.94474966288
151368,1038.9383894446573
151376,7679.797406825434
151377,22270.125707926763
151381,1264.088873024514
151382,4511.064795685344
151390,60.27221715636746
151392,32.58956660817881
151395,20113.77638597171
151398,2233.22341959852
151399,11336.098976701205
151408,9119.150902398094
151415,52.32886175169609
151421,679.4128776081448
151431,229.11986919899036
151434,0.8436688970419222
151439,72.19843722098958
151449,4443.202572091846
151460,1688.4603451035914
151461,20.725072709043545
151467,9.02139405112249
151492,1949.7135249213072
151496,209.3311168401103
151502,7225.300379459316
151518,2956.471096404074
151526,1.9773284731194118
151531,2329.9839610331683
151538,863.1226181763585
151545,3258.0444915941944
151557,202264.04508542607
151567,2.5086613658020696
151580,832.0104416527023
151581,2.4683337759820665
151583,9387.80141976088
151586,8261.667885376859
151587,3872.534064695565
151595,2.5615336771237907
151600,200178.34174346365
151602,3950.9612953035194
151605,1638.1211608808346
151610,3.975333547900546
151619,3060.5622976503105
151620,8709.283707553743
151621,4020.7485771768133
151625,92.58224911132814
151640,20.062551828991083
151652,5339.339803045142
151658,16310.717098778156
151659,2812.5842692090187
151673,788.8492221325051
151674,6.082627192488083
151687,4.200032977199467
151688,11.242792479597293
151696,1616.7063836528357
151701,4935.352884172051
151716,8250.875826831223
151722,77.76106097367757
151724,2065.8540090060064
151725,3762.001063782765
151727,2124.7307294179936
151731,593.355151613589
151739,8370.010040305293
151741,2166.2862981799212
151743,120558.03801041102
151749,9.586978454573634
151750,1517.538477368228
151753,239.49002318742538
151756,17400.819430497224
151757,50.97556324357179
151760,1.4645650137950699
151764,43.70741546904889
151777,9766.310203207615
151784,135.13098765062267
151792,4568.153699860297
151793,2171.924854646639
151804,2706.8000631727214
151822,264.8552013920951
151823,323.2261805370417
151824,141.29324317102552
151835,41.01012285340492
151843,206.14709239874946
151880,3864.9912957423307
151895,198.30886214198833
151898,120.53919033037535
151907,3.690615170378637
151926,10571.767736881106
151935,4.127364613452396
151937,69.39481229635805
151943,549.4624481136361
151948,7.825430838290006
151952,6022.029272575144
151953,2555.01995316642
151954,0.2043560439633863
151956,43796.00147834221
151965,463.017250581692
151967,408.42005787313104
151982,28.055128066341915
151995,1897.6482298580815
152018,77.32469913470878
152029,1.1513285276070155
152031,191.78584983445595
152034,89.96100091775622
152052,4.0043224908971125
152068,27.168223443118627
152069,250.68244066939636
152076,99.62002893684341
152085,4171.90597283585
152087,54.349456576952086
152099,104.69119547778536
152119,6082.794768233266
152120,9.944133785811358
152126,155.43626782874088
152132,396.22154607718386
152136,232.90983574712084
152157,104.00922589525847
152161,6.764001551709955
152170,4.227490427785826
152181,8883.776212157156
152182,17.608590764609502
152187,211.1621094011543
152188,439.70738669582937
152192,18986.457440150665
152197,2.9156476917873295
152199,1110.278056657995
152201,1655.4182503440447
152205,31.148268496293912
152210,1.8635470510748144
152223,279.58540511778256
152251,2008.904863413203
152258,204.74448925311117
152265,444.3243076512432
152267,54.53720930895701
152270,9.684818926227
152280,161071.3514881485
152286,57.156407785587874
152291,204914.82188920586
152294,38.475245924324845
152299,40.416173891563226
152301,387.708380998906
152304,1487.1614834897864
152308,261.8201315945763
152311,255.61667185243894
152315,1619.4691662251162
152329,1147.697431880653
152334,548.1057243793955
152336,401.6313513172936
152348,9.8476102574562
152362,533.3914103673459
152366,959.868292940974
152367,0.09039849115652172
152370,73.91580142258847
152373,12.960240467567264
152382,3.9282796205181105
152389,282.4927441463966
152391,1886.5520978374275
152396,8526.035587045768
152404,1.2570362316253791
152408,3.9018777165250493
152415,1.8395935097805998
152426,68.2978541595391
152430,281.48785480182846
152433,5.2962645135316535
152434,163897.6382827924
152435,0.19240286460211278
152440,1083.5301633265537
152442,2.1597471428766633
152445,90.80934582077053
152447,202.76808704693667
152455,621.9602194828709
152457,6.388013396053094
152468,283.3931802832941
152478,615.5102064194047
152482,4110.374243582573
152493,0.8172706081310901
152507,547.251881838291
152513,37144.50099744199
152516,14.519444776199359
152526,111.28075735134593
152534,155.78937440283136
152535,58.73947595450451
152550,0.3112741100842258
152551,32653.015129178213
152559,6208.972454623624
152564,1992.3211425731483
152570,8.773742712567808
152573,1.9178642769339838
152576,4175.239953504022
152577,23.86924482226516
152578,17.591168703475216
152583,19.11833495006667
152594,3320.1786084284277
152597,24.700870579316124
152605,1.0461881212551087
152606,23425.766719139523
152612,30226.43312376698
152613,8373.73289993157
152617,7.036925251847727
152620,18.463605193191604
152628,377.9564703557759
152631,3970.0249180877663
152636,77.17716633464478
152637,13.10343263611248
152638,45.65297652253711
152652,306.31615487884557
152664,78.51078638725123
152666,48002.34605598317
152668,8391.62719099189
152673,258.56175122927374
152685,109.96620462349874
152686,18.880405220692452
152687,277.5102968090466
152695,153947.38312124854
152711,6721.535583658379
152714,273.51106380254674
152717,139.67948993507147
152719,9.721421199738302
152721,27956.479273680197
152728,167738.78392919432
152748,9.991859056974153
152756,90.66625062775651
152764,82577.17529709598
152771,2517.125444410779
152773,566.2517081170761
152775,4347.699370858167
152779,18292.7051662426
152781,53.773460147583286
152790,23.911537112923423
152793,247.79483571522337
152795,489.2145249339175
152802,2095.6058304546978
152804,237.68768557669497
152811,8036.922045722397
152816,2047.7614642855274
152819,286.0852089355907
152823,2353.141808530629
152830,549.406992031107
152832,2722.9690301585806
152840,4290.660363190008
152848,395.0325582411183
152849,371.3530749849935
152853,256.3260181717139
152856,187.36335039312806
152862,244.49978368925147
152864,911.1727165538334
152867,1261.4913940444826
152870,1915.3177340701527
152878,107769.61835746518
152889,43306.62215953473
152895,1969.8365198702602
152900,306114.95447313756
152912,2.0550046196367204
152915,11.952292457441917
152922,399.350442183961
152927,24.223823154073425
152934,110.95127190622777
152938,20872.427439625608
152947,23122.822501867915
152958,4968.672313703428
152961,148899.01099017714
152970,0.2120489997714295
152985,278049.19771560415
152989,87.71955635089738
152990,7336.284519768823
152994,769.2041191181614
153015,0.3137329607047038
153023,62.279930988421405
153028,3577.972180973239
153033,118734.46383177592
153036,11661.811678463624
153038,28836.51967867301
153041,633.3109181326656
153082,4695.395964336719
153084,1176.775960252803
153087,57121.8485113219
153092,12472.135014673962
153099,549.6486152833322
153106,16.81033137999335
153121,0.9284120325853972
153127,62.8256295723696
153128,354.4201623654463
153137,8634.852273405399
153140,253.20152610180395
153153,11547.68832519527
153159,715.1438684340241
153165,4061.8535768509428
153186,280.4525733332136
153192,952.9918666494277
153193,12.85240649436862
153195,2004.2233524138214
153198,73.0644315885757
153199,107.79231152834426
153201,64.49712823071299
153205,164.4373875440527
153208,10422.002373752533
153216,3912.348338159061
153220,4.80266959740437
153226,145.46291691130378
153230,40.18364013613646
153232,179.27414711979551
153236,581.1745222854233
153239,40.64498498648936
153246,417.147439889397
153248,54600.65821018174
153254,221.47381707377153
153259,11478.691347044974
153267,456.1718688198319
153268,279.1643181858893
153273,2462.7092172912894
153284,835.8057879404225
153309,431.53975321898514
153313,10.49122713394881
153315,2487.1528725423723
153316,0.9553389489309564
153318,2117.0034998577216
153325,42.07388502323964
153328,525.3101420870746
153329,8.104396284139847
153330,15.202334172481102
153332,2527.9141141130654
153334,112217.25009847812
153335,2614.6243224696905
153345,46.75163318636044
153355,3749.8861230073135
153359,421.818165887959
153360,308.4941675901425
153400,372.8715216198316
153407,3714.673545016636
153422,73.23465647424474
153423,95.11755550354144
153429,48501.53115144239
153440,299.5558037752603
153445,178293.46791843575
153447,221.188744079148
153449,433.20211689907563
153451,8177.747413122219
153453,3.498253475049683
153465,11057.2037280158
153468,1.8463675363083119
153472,7.38005635681406
153474,2402.538574515279
153476,162444.6351649844
153477,2716.0499878987343
153480,227.0478723529651
153489,8.043081509349873
153492,108991.4914440049
153506,24363.512577722708
153509,812.7418417862098
153514,387260.7315844601
153520,64.96509607899176
153521,946.0113106439433
153535,382.63785081249364
153538,458.3960636526443
153554,19769.049080317458
153569,3217.8686932838023
153576,179.75048529450294
153583,929.6706387578207
153586,1521.0634920881741
153608,2978.894573046881
153621,27.098269842427037
153638,42.96820036788317
153648,44.798338601769366
153650,56.56799002738816
153653,3611.881378770817
153660,4371.474410889073
153661,21.0088397208594
153664,814.2928530237201
153668,163.05882071192661
153669,757.9008210472459
153672,262887.12577846495
153688,2099.2627697941657
153689,6664.927652454929
153691,48.534259280538535
153697,909.9806628486112
153711,667.7418627942676
153712,19.846526964227877
153715,1184.9057311993029
153721,479.10371807632345
153726,177.92804511709525
153735,539.4943219702167
153744,1104.14822475707
153748,4277.32263633148
153755,1002.1809129838006
153758,27108.01858387163
153763,36.80047215297377
153764,456.3215055700113
153768,36.831773978276274
153777,4828.485251826039
153788,544.1558269065258
153794,139.6321594494487
153803,295.28901476152134
153804,13784.279189287105
153806,9.846683627864971
153817,2378.1291283868063
153819,67.04316834644591
153826,165.75863109224937
153830,27.25149982917203
153843,754.5699285866078
153852,11.261776470769842
153855,295.7512377855084
153867,43419.2384400514
153871,100.81554048624031
153872,505.5567997342764
153881,569.8154935064323
153889,0.2941128570159869
153907,5.810771777220143
153909,116.6887249494697
153917,437.38911910595726
153921,5.533919753971648
153924,272.24580606520027
153925,21.47725912018027
153926,42.87524823042768
153927,0.8194209438035925
153931,2.930162010225805
153932,239.79539838076428
153939,239.06297349598694
153953,421342.78357772215
153976,10.572396579113356
153987,8271.485717570344
153990,139.1580283876608
153992,127.46356018298712
153998,3.0231593906073972
154004,144.7728472195624
154005,1415.786713412193
154011,72.67211617226229
154018,271957.67131520505
154031,645.029101298209
154042,51.43194232723055
154043,32769.766358980676
154046,3567.1734116821676
154052,2761.2904652236894
154059,168853.3066791099
154069,135.49467014167632
154074,3465.674941879571
154082,2510.285583180451
154088,152.14408795803448
154089,3590.4782491318715
154091,515.0926428546586
154094,296.94855319473135
154105,437114.7613510293
154118,3104.0451201751644
154122,32.275080468985045
154123,294.7732352927586
154127,479.5695049487383
154136,1407.9066349402278
154137,226.80199177358656
154149,1083.9477023480472
154150,156.24878212014502
154164,268.9518932816269
154168,42.869564250010626
154173,619.3309252509251
154177,343.34321135364496
154182,22.89047204878523
154200,120.24414451604822
154210,38.340051480925595
154218,1234.5373452537701
154248,238.93240869953488
154255,329.68855438614924
154259,22.75580174346719
154274,3230.352630446648
154281,55113.37976709274
154297,53956.500026299705
154305,0.5448984267876278
154306,2063.205710513209
154310,1985.582408525098
154313,177073.48032862993
154319,2544.476941789098
154323,78.9495703292705
154329,49.44942814531735
154331,631.841469269187
154343,443.49916242277305
154350,2.0755896026499334
154358,138941.543467061
154359,1310.3785959384718
154372,41434.386963164034
154376,1707.00833077672
154388,1.8618410076282832
154395,12881.588200989541
154396,10.537198251106343
154406,736.4417988349805
154417,743.8307201847113
154424,191430.98924615528
154436,52780.744743156894
154439,131659.92894834897
154445,3.023004744301165
154450,314688.66390551237
154458,23.312585468577936
154469,160774.88759731824
154486,166.47394498310436
154489,746.4836551911247
154496,146.80525037899457
154500,34.05514072645835
154503,444.1427047743841
154528,3312.3187858052042
154529,179.32344467500923
154531,669.2627511115547
154534,2895.100656821393
154535,709.0786105720862
154538,137.1671123472676
154543,7743.805278442085
154545,51.997837158488714
154557,66576.6620175138
154558,208937.76504886665
154579,18.713887597377575
154604,389.6906710710325
154612,20.42424209820571
154624,156.7051501335795
154628,341.100684048325
154631,2399.4168145862186
154636,556.6006915756541
154655,853.968910030819
154666,1631.3362777533823
154667,20.106012485234203
154680,171057.67387220147
154689,19.986814729756876
154695,137.91043897847538
154704,455.6139392028468
154706,3590.617169458805
154707,1998.1577684927593
154718,215.52721185314627
154724,120.3378849610223
154731,5552.516611030221
154733,0.27342622578245207
154741,62.49341538086716
154744,6.414593005197845
154770,540.7668302658093
154772,194.8921595229327
154776,166731.28646279094
154803,20.195243994443707
154806,21.22895173551574
154823,10.409095582762482
154829,34.69599296791035
154835,16.85344522049414
154846,10.384817692063095
154854,189.45686499437187
154857,41.94379207693257
154861,137838.75518011014
154872,573.4052452032981
154888,44.96831929114793
154890,9475.83738503695
154896,1430.5324367930052
154902,0.5148233632316952
154913,1629.574092195393
154915,31.83011220675033
154925,21.482578253484405
154926,73296.3580091885
154945,274.52748222793866
154957,439.7986785056258
154963,8.472392471912713
154966,51.668703893557264
154971,40.55417103107895
154973,23.777142384124428
154987,2576.304026184943
154990,10.088047119311483
155009,284.5764322825532
155012,500.9667966755383
155018,69468.77370851846
155021,2016.3005076622874
155028,219.42020579401242
155031,292.04365999809716
155049,740.5337680553419
155050,4909.004794285572
155052,322.237000368355
155068,601.6061458496987
155069,262.91248800032247
155070,771.6118936976129
155074,694.1025047348892
155084,30.987585188002868
155093,58.47354398513181
155097,1092.1866434656702
155105,9.950456678730674
155109,1537.9407540743864
155110,8561.782539888356
155117,213.79373807755724
155120,800.4517228911086
155123,382.1621149942823
155125,137742.07578509414
155126,26.95607904132146
155131,472.7325294109592
155133,2.14910617484479
155140,7785.310683722829
155141,73.10487228631601
155148,17.74577643248943
155155,38.50647383764223
155166,5248.338773582859
155167,0.8083622760330228
155172,4991.960498456903
155175,348.1469333618622
155176,274.05595257930275
155180,0.9134390090995508
155182,7.378790531663266
155194,0.9338847238917132
155199,284.58961567794836
155202,0.6253806908747918
155209,144.76530751878414
155212,30851.55330768396
155214,485.70294466189006
155215,132.55672253750666
155219,335.1715002875676
155221,97.243390894349
155227,771.7926107896978
155228,155.8578021565763
155245,136188.68958911445
155246,34.981151264338834
155249,493.85331026587943
155258,8689.114748195
155268,138.3699024991237
155270,100.00178722514006
155276,1859.424874252915
155282,40.56819795623969
155290,257.04593971849533
155292,171.51966523600015
155294,388.79152639501956
155297,9497.712748509482
155306,174.44076864175298
155313,1148.6814465091393
155328,2296.6041554988897
155331,230.1513124502025
155341,114.62610134543242
155344,141542.162277628
155345,11.557192296671758
155350,155.45430290568055
155355,1.196566229678959
155356,553.143721072118
155374,1149.7592108973806
155380,60.966374095940814
155382,270.7181613625333
155390,77.51168138617103
155395,302.9354077667978
155399,211.88174585484086
155403,50654.25444398519
155413,40070.158274648784
155416,5.208482952395224
155418,249.48467750233826
155424,3675.0797489766132
155432,9.76501466755032
155433,21.931550576776864
155438,3.9206541677264815
155448,234.82822644820519
155451,9.690087120780781
155457,424.88651158037965
155458,59.52685842543037
155463,8746.334971338614
155464,155.3169600913729
155471,10.796166249817613
155491,10083.984240799056
155496,38.018881623924436
155501,261318.20892792277
155503,1865.219233104089
155507,3.8670655373599967
155512,256.2076180811714
155521,735.80523146011
155522,12.91390158754407
155523,131551.28007768423
155534,2360.853755147848
155535,435.27535052875396
155545,2606.044181580752
155547,91.48041746371264
155571,3.703101519964633
155573,286.6893705893739
155603,15.240480672740015
155609,20.178658869713374
155610,5567.463418427185
155619,8.130820342153166
155623,6.908788377024422
155630,3169.6569691808604
155631,1947.6764919648558
155635,99955.504161908
155637,11.73774857072052
155644,3.148562092468065
155647,3194.1614245961437
155662,170367.1888992419
155677,184549.31168566117
155682,11.194546092683593
155686,38.76631786318816
155697,10.11407504486392
155721,14014.515085903164
155727,6854.184602075809
155729,182661.39951368465
155741,5.901351764342727
155743,516.8075879631767
155745,8.333835826499728
155748,7227.664781951909
155753,76.54536503880578
155757,79.92941777404603
155763,19.152962915402846
155770,3375.1705453621967
155779,3406.244483110246
155781,18.012770061193088
155782,137.6868426448371
155783,550.222006118322
155792,662.8628919720157
155794,5095.683479086994
155808,751.0823713831552
155809,12051.37890646348
155819,551.7658549150309
155825,1981.6419405724153
155826,72.34527516324538
155828,3268.5211952534496
155836,293.82857513231744
155851,187.38144049134078
155859,61.403261537367534
155866,441.3313974418098
155869,337.25593192409656
155870,193.81630205445978
155873,479.797935206835
155874,915.7321007485106
155876,144.9724496666164
155879,115197.547378376
155882,553.7435666265161
155887,235.27902172498244
155898,51.54090545763415
155901,120.56785764452059
155909,6230.916074768624
155913,466.1788565662834
155923,228.78223404860785
155931,373.8084408163633
155933,513.0742148490035
155945,100.41708423896469
155952,50.78105169652745
155957,1364.4496681367013
155965,7821.344847503499
155967,381.0352435571303
155971,2195.985306744195
155975,750.8694793930837
155989,15300.8361901939
155990,1198.7193529306564
155998,180.2791875199027
156000,1437.2057804183148
156002,824.6758062871079
156009,21.87345219634884
156011,4.698858982700705
156014,36.39573656593423
156018,588.1082001038278
156025,1315.5550385317067
156026,6928.916041914536
156031,7461.141883680618
156036,4.267673291357156
156039,27.45026802024227
156040,0.7075463119318127
156049,95110.90843714919
156054,3237.7982511184773
156065,19.934581089502323
156074,106764.01905904165
156079,4412.81188605788
156092,47.97587857328454
156097,5479.990748810337
156101,535.0822461783279
156123,117.95297140053033
156126,496.7324918664886
156130,0.18853691709620882
156132,7812.646374859497
156144,67.24531448718746
156148,108372.8373844507
156154,2659.3817723823963
156155,5037.155357550802
156156,4.122350195515132
156158,97.54735411044847
156169,556.3992962405166
156179,7075.055086379524
156182,11.046808111905875
156183,24.478965609570945
156186,1.2028517111484365
156192,5777.55230129098
156193,214.89817734567862
156199,5326.837489966019
156209,161.18989067585954
156234,5194.6376607134625
156245,159.73505118762782
156248,3740.1547384182263
156250,4.091309514682943
156255,230.29232566252685
156256,2182.667809080147
156261,422.1308160713775
156275,4.211481895707696
156281,165843.3012129469
156291,4.537553841631972
156292,259.9442105556567
156299,5.673886531251885
156310,67362.15995271271
156317,1568.5246390901573
156319,3221.5182471869
156322,12626.36554089508
156333,2855.724276258855
156339,814.5807935561869
156340,55945.734568891945
156350,106.72478567739616
156352,86.80251127075663
156354,3789.29716028486
156358,494.70656172350897
156375,14223.788028281277
156380,864.5300896537452
156386,10.140577415628247
156393,72.46937902536483
156401,1106.4556417062586
156410,103.13812629412375
156411,481.0350891873374
156448,108.07644774604631
156451,29.919586290677618
156463,552.791600624686
156464,2.3890562691974506
156471,1300.196385647206
156473,135.83289891070913
156478,82.42347084635726
156486,3475.856699614984
156495,2790.550484640555
156501,48.08781067717326
156506,0.0984923716761088
156511,55378.69731610692
156513,1.277834854962928
156515,2.3215870259892006
156516,658.5716220502854
156521,187482.6853225218
156522,1159.8911837050655
156534,58473.79198657976
156543,297.6045556414297
156552,61790.16184436217
156556,136.77143778428322
156570,2856.4009730459275
156578,58.16503543353682
156581,11.197811275168077
156586,27.313441223583386
156588,3012.526780100698
156590,322.3277793154405
156621,12.91638408029891
156629,267.30830232273803
156640,135.10940727288292
156653,1889.6413301174173
156660,35.176360171093336
156668,73519.92195502389
156674,2.8442643183489573
156676,1414.8331112262056
156681,1167.2843916119355
156688,20.034989771642184
156690,96.01351194941279
156704,49.89684083441376
156720,126.173115984043
156745,23546.6722611008
156756,224.23826695006622
156769,19.13458879701299
156771,311.41736997024435
156781,1046.2996889441965
156790,379.8922934793614
156804,564.1641048173086
156809,41779.25505576043
156820,212.31580564651264
156822,7.520204152091414
156823,898.6088610496103
156824,220.27859548487737
156825,334.1278570048039
156827,16.028544631521484
156828,19.93888915023754
156832,42.69586128884185
156835,145.46266279199298
156841,141.4217620550728
156843,4396.657085841622
156850,296.71376566677645
156858,21.82883277602725
156881,4.625849309853788
156891,4.029537946642324
156920,367.0773611571776
156935,24.364744906397675
156947,8151.260328967719
156948,2122.654147703649
156963,12.150863197387581
156968,24.634698582409303
156969,1.1072830835895688
156978,175115.8256340292
156995,114.15178105816717
156998,200423.25590817432
156999,32.23103461112183
157000,4457.172017806674
157005,14404.527375990652
157009,380.0043155403362
157015,457.9463721391445
157017,467.50601569677787
157025,11.046759877769674
157027,16006.088991511071
157036,261.19202382191065
157060,183586.91048182338
157096,242.17110573571028
157099,15.481435805664308
157104,23.72110335210945
157107,34705.808035431306
157126,16.796556702157662
157128,23439.25889272502
157148,191.02817272995873
157151,7.387592697353323
157156,21.63551841054492
157164,361.1133104675369
157167,243.20910959473218
157172,194514.74682754287
157188,3805.2238119987965
157214,18.07985174263624
157218,7.358981354785408
157219,5.185996335621681
157225,4092.754805753328
157236,9225.94388032821
157250,5100.442041167699
157259,312.06427696277376
157280,352.21246280302773
157289,142.58994314428608
157296,5675.196360064146
157315,1754.8665421412563
157329,2887.451044475984
157335,31.95174714679805
157336,76.89198671748267
157337,1502.2001678592046
157341,449.9782868240065
157354,112.74610044832875
157357,185.795735131821
157363,23812.283856018483
157366,21.678468668908156
157370,1495.7853934967745
157372,731.1962153503325
157379,81.50143985136694
157397,25910.94878997062
157398,519.1337795402496
157413,213.37532104113322
157416,959.256627980527
157420,5.236257345241902
157423,12.629664017818463
157428,1403.2708255747636
157431,603.0336082185829
157433,17.716907948489567
157441,326.46124659640464
157458,3713.9794219852165
157463,937.9792568865483
157464,76.26522120386683
157480,11.854113640518623
157500,3275.8303532729456
157512,535.3829654157662
157523,6.106214492535102
157524,1365.577560122577
157532,801.6709698300232
157534,905.3128636567475
157537,124.34344000151415
157545,31.306722612846116
157546,1016.3435399811453
157556,960.8264753195449
157558,24.977380433495973
157564,1.7614360484711735
157569,16.01638397543428
157572,158.36545917163136
157573,110154.8150460391
157574,687.5097391380486
157575,1121.5203177489375
157587,22.243649422112327
157589,2.338048171501976
157592,3.6388596600206076
157608,55.3206771313921
157621,2220.2648899086294
157624,1100.6780213436866
157632,39.28257277818643
157636,14.937473915441776
157639,278710.0555529802
157647,153645.75819610417
157655,62.319514453432575
157656,1200.454583809937
157661,662.3935476351861
157662,924.0985439089203
157671,108.58097995568971
157676,203.5541875999185
157680,2799.596803615629
157682,110.33512025355816
157685,1185.3063269540362
157688,3997.2918903798477
157697,21.21821830476529
157706,3.8653289330760443
157710,14.444578686641831
157711,970.6531303633217
157716,279.6518808074627
157719,1185.7978139377324
157725,2.032831746774711
157736,2125985.485074843
157748,773.6438815619148
157753,386.71109442693506
157756,2744062.2624561684
157758,463.05090681599114
157761,267.4286939397549
157766,289.095903186887
157771,1126.6753186992105
157775,46.04222261674599
157819,0.9300033948262744
157824,0.980158704012706
157828,10419.195819671659
157829,7.126333364120255
157833,4.126349004759122
157839,1.028113059279161
157842,12569.007838767351
157858,2.9575148074495985
157862,278.54343174949105
157872,229.18962838739816
157880,1095.2245249713965
157882,10327.188707102048
157887,26.83968530875792
157893,1.8849564345462069
157901,22.773652678605
157906,1150.725016296543
157907,5.14323088483838
157908,125.43833378833712
157909,661.3194436763773
157914,13.176829353318631
157930,23.303661297176205
157942,15.64234164920756
157944,42.41839945621392
157957,84.36214897859138
157959,225.52235290994705
157962,4426392.001198405
157965,7.387131408225683
157968,4370950.791775795
157971,7.114075495695249
157973,51.84689428257146
157975,3870272.5319379647
157976,75.16239032176615
157980,73.91653226036233
157987,73.84027396431932
157988,50.01626832602818
158021,42028.567863695185
158022,46.82540105245502
158027,111.63668814775961
158028,12584563.276281003
158032,9797.226225851531
158036,1929.9516225521263
158046,244.72496885304855
158052,47723.01154971768
158054,293.0036505635691
158058,13025318.260995634
158062,203265.9904788622
158069,128.10566038011532
158076,24.499014262487293
158079,148504.99152464033
158087,102.17693003239596
158088,6.700159991986078
158091,16254.34792371617
158093,361.65836122500565
158108,198.1396253851929
158115,13121.74271408402
158127,8.156302367402578
158131,136.00593767079496
158137,21313.844474412763
158149,16.669482044154467
158171,53.62322080051325
158185,1.0170787382653237
158187,5.384495840796264
158192,108.27504599755828
158193,1.8687102593816973
158200,43.45513571068538
158203,1.0032703238770773
158205,8.817217217579213
158210,1.0201426517086793
158216,780.5256926176068
158229,2.79664204518571
158245,10460.553472438562
158254,626.2787423355367
158271,42.78432953247453
158275,416.64128987370225
158283,9422.982923832782
158289,90.65340050492262
158297,6.510640559903093
158302,1.9626050619198194
158309,6651380.7626588
158310,26.60912074219579
158321,2.9585693399164734
158323,24.054698296611946
158330,38.65950710365842
158331,26.34616233103183
158336,131.9970520757207
158340,294.87884380817684
158349,102.26274930899781
158362,36.97202138922545
158368,5100.263476074754
158380,4.959091888591777
158381,381.18526639973453
158383,1.0146141499463195
158386,1.9771623055400187
158393,145.02594101204485
158400,18.78499299044007
158407,2.004125960943757
158411,7.02420252774135
158412,217.93762778845522
158418,8.662666890813629
158431,102.62832545671044
158441,121.54632401337982
158443,10.733990642287168
158447,92.00614067861581
158448,2179.9239250342694
158469,3178216.1373374397
158473,2276.717129666048
158487,0.997269048166669
158493,4067332.205242828
158499,1012.1555664891964
158511,3594290.5770740146
158517,17.89222988392394
158545,8.799199448904853
158548,19.618298567602046
158565,320.2549749851092
158596,1737203.2111457286
158628,305.5089096574642
158631,790081.8962556056
158633,2090.8934587314893
158640,274.7903247177229
158650,1526.5171004519686
158655,1677201.151462246
158665,409.8192217865991
158667,1529180.051653322
158685,813322.6072401248
158691,749.7175717680902
158693,1004.1697118324686
158701,2090.2431418760925
158702,734581.1420963401
158715,5911.102650200241
158727,101.45432653868139
158731,284.1212063511747
158735,964.894206983388
158742,414559.63089534326
158743,1875.3230331010789
158758,1021.4979264579582
158761,102.14897737942314
158767,988.0172833157987
158779,39875.92119488193
158783,103.89912635873304
158788,5096.376621794436
158791,975.679296430052
158807,1256.116308923872
158808,555936.6810475993
158820,1046.881803000374
158826,793717.960301346
158827,300423.37060559203
158832,1299.1532921425662
158835,2890.690217221921
158836,1942.7467260152557
158838,105.01344957275313
158845,991.2262051126969
158856,645.8316601922637
158857,953145.4449245351
158858,404205.06306622346
158860,637.5842273390624
158865,412.47456279057644
158871,629.2239228567939
158899,101.4400397716016
158900,821.5887752219064
158912,994.789690695238
158914,401493.77914217825
158918,7589.976866479631
158919,955942.7561554961
158921,977.0085208411306
158923,199.63557128810027
158927,7296.360396423661
158941,1054626.5474787205
158955,489683.7057014212
158957,3056.0671421456204
158960,611401.1973204368
158982,210.54995465784944
158988,5853.5855616768085
158989,2980.799743584839
159000,3351.2202908272575
159001,2131.8724144626945
159003,1310205.180137939
159009,464993.58323232975
159014,1030.5415723158692
159015,1947.05571067234
159017,93.55694370387688
159021,108.31793170819462
159022,27968.59969682627
159026,211.84043623732825
159037,502486.8274271539
159046,525645.6061092798
159050,501.4901263903697
159052,0.0
159065,2869.5308623177766
159073,100.71178410602404
159074,755.6535438736516
159091,297.5508524812589
159102,0.9855425396771534
159115,2.047521375542123
159119,96.74787807512433
159129,411117.601117031
159135,563812.7077037299
159138,2015.326822741378
159151,930.2280697541509
159163,2940.7726397531865
159166,839.2238538580169
159172,3074.184347624799
159176,279593.1705374092
159181,103.63156621802132
159187,3070.582080887591
159188,334605.41671155643
159191,101.22701817477599
159195,208.32225721753957
159207,1857.892664263483
159211,363587.1477133624
159216,3525.712277821495
159220,2704.3111137217593
159230,1044.048621683539
159239,137942.0706130295
159240,4342.606844016979
159249,1229.5243862958432
159254,2928.6507300993085
159258,72707.10645991348
159260,286628.4624608567
159261,10505.590520169499
159262,296789.1638855286
159270,3045.5080741527895
159276,268842.69984600437
159282,921031.4252101205
159302,201.2697566332908
159303,262479.849393461
159305,5504.730191680173
159315,4614.766231850418
159316,834275.3222788078
159327,1096.6798188072366
159330,1369.2888193701103
159332,504369.30176967615
159339,724.073024980823
159340,13001.171631201121
159350,204.90721711625363
159352,781.9539889817639
159357,5399.29048273718
159362,1856.5659447686508
159363,106.29762749448676
159384,5869.477767008629
159393,1300.9598319292218
159395,8897.462289004492
159402,1646.7119138524702
159406,12402.366846397712
159408,1787585.0963554268
159417,15903.723700656195
159419,7269.536776880635
159421,208.66413973498953
159442,8279.204989492811
159446,6640.288996061579
159455,734914.7655231636
159457,942.5835745793671
159459,68552.41265590726
159481,529.9854080263146
159488,1249.3079557533883
159509,737.2170922002322
159510,314.6140014249832
159512,800.7300033791286
159513,387.3846369326934
159515,1155312.6071407716
159520,94.06857007398838
159521,713.1624601651258
159522,296.16753205134944
159528,1011.3711282624676
159538,293.57701003897
159542,1353393.3892526685
159553,1242425.2890859558
159560,96.64521845966834
159561,205.49644001071687
159575,650212.4064041295
159586,1034.5328585271875
159591,660742.1538679142
159592,303.13394048251996
159595,195.7869257493688
159599,127367.14684427941
159605,91.15224710859856
159619,5235.798063985616
159634,3211.440580195262
159655,3205.262890650205
159657,175804.72443149894
159666,100.62103855179541
159670,204.95637815994306
159672,280.4210865823506
159683,185.99445901299404
159685,757.4641996328872
159693,174150.28688368038
159701,2289.5872971996564
159703,110.07107477598845
159714,195019.0984117322
159737,167328.41722368874
159739,206.38934727521962
159741,205.4853427716753
159744,2859.0176671723852
159746,1062067.6106140723
159752,92.01004905456722
159753,193.33067945837647
159754,98.14355081179033
159768,94.54298832440573
159774,2015.529675880237
159777,2921.951356637995
159779,96.21540061965764
159797,190.6829744270698
159803,245228.13371630284
159805,2056.7089378016003
159806,3809.574905010252
159811,663795.980911896
159815,252828.8095340482
159819,198.43818810111046
159823,5018.081876487062
159833,2632.6993418969805
159835,656250.7288895011
159840,1039.2088400441107
159842,554.4287179989569
159843,2472.7388042094785
159846,1493047.6116963336
159849,469892.7784441741
159862,381.90022150661446
159869,406.64406766658027
159880,98.41307533373494
159881,463202.72054201976
159894,596.9706881047625
159895,105.0573038660166
159900,919.6831350305486
159918,1011.1416979455586
159928,1966.711187398507
159930,599593.4959580714
159931,1061.0346988667982
159949,1004.8766118182177
159958,1051.1527447835865
159963,941.0792603774871
159964,996.9151598108195
159968,37066.95930731801
159974,699226.9567526506
159984,6088.830577922121
159990,595953.7978270793
159991,637.3428262568315
159999,808124.0214321808
160004,936.660031142576
160020,288641.08712950745
160038,0.0
160044,371296.2688474239
160058,554775.1460072125
160065,97.6595581137559
160086,8719.952107935233
160092,232622.88998723778
160099,442430.20824927115
160106,14260.513788354021
160107,409216.7026870319
160110,18373.030209955727
160119,1001.0835720217974
160124,2412.027199974051
160131,288401.6812450956
160149,449700.7393267205
160156,17745.579061539196
160159,1665.174749964028
160165,4134.505396765771
160166,1251488.557286954
160168,1990.6522420711703
160171,2345.665194656944
160177,1365506.0206967453
160180,3029.336442471164
160186,195.93291062969615
160206,6209.828200281732
160221,139751.47394631695
160222,1476.0016526491725
160225,6986.421216205377
160226,1625.4573270317717
160227,102.68367606472812
160229,6740.991360539237
160239,1162039.52172383
160250,1059.7579420587363
160257,5110.864767433693
160259,1015.7294385247029
160263,8583.878324582716
160277,408.19114171592565
160280,7701.263800824221
160289,152697.9487125239
160295,1143901.6964824777
160304,288.8655786152465
160322,243441.51045344077
160337,8786.535103948796
160345,285903.4715330952
160353,159783.58746529708
160360,60213.74616540522
160366,319.35584443784154
160384,237589.75774003664
160389,7533.995270143662
160397,400.45936494189283
160402,4975.2219938345515
160404,2517.613578812644
160410,211.9203641341419
160412,211.05061292141903
160420,275683.74463704997
160421,91.23730453122707
160424,3014.5344051114917
160448,977.583721078573
160456,2934.8115331623794
160457,669788.6531351865
160464,2793.6431075156993
160469,1002.2247420685197
160474,1989.8654142493356
160481,321545.8179057317
160482,2937.9912980385743
160489,282203.44516421366
160499,3137.746195177287
160500,1340.9262337201433
160501,2002.2297629848592
160515,426419.3421591835
160520,409.95098714186327
160524,4358.333848274018
160532,562899.9900505418
160533,10.252060499041525
160540,3045.609996525419
160545,625.5078973513982
160546,98.97952884756694
160549,555.8185226867466
160558,748250.2745152862
160559,93580.36675551084
160564,642048.384166126
160566,310.2915245021239
160569,103.96739838353062
160574,725350.675339864
160575,3062.4194269481713
160584,770976.0490263618
160585,2925.3003903204744
160595,1033.783994609498
160596,691079.1321088338
160599,486.02741049443995
160600,729949.8871612032
160613,16625.515911687085
160624,833169.3170732036
160628,660011.3045622187
160637,1979.9496950751798
160654,1376.5332992960102
160662,207852.70354014492
160668,743227.1634729513
160670,155922.37520450033
160678,869206.5490920051
160680,96.99397722503373
160681,214617.34462113385
160693,1875.821113387667
160710,304.5455543716941
160722,194.55142901886003
160740,549938.8609139285
160746,110.66396010478397
160751,612053.1506630353
160775,3757.992030773778
160786,1955.1196070785702
160793,197.0925677183826
160796,2564.1741225045935
160798,1016.372249756011
160804,1030.2001734354974
160811,106.92418174328682
160819,437608.2705807974
160829,1108.6743350802806
160851,99.47707884251547
160859,155539.96074965887
160866,134814.3732257139
160868,98.16157779328064
160869,217.94408654271575
160870,204.35428425833751
160883,0.0
160890,93.02270117747169
160905,379525.38830372586
160908,203694.07988853284
160911,78820.61141870642
160916,96.53394494926988
160917,69956.99810151696
160919,950.7983499296107
160920,305699.3386710404
160924,2050.0766627177622
160927,60051.01458287949
160932,222013.417570605
160941,377376.0150140027
160942,341953.91576399753
160944,49518.57715454489
160949,423505.6944891645
160951,42625.64785684571
160958,24214.596124297845
160976,19147.23036238609
160985,841588.5236402457
160993,173.5085218664942
161014,4485.953644080616
161027,185.6115566717029
161029,2432.2414295992985
161034,11155.880679197302
161037,9058.47844829799
161046,99.91453187294572
161047,801124.0068895611
161054,347473.1807173243
161062,106.81056875474432
161066,1121629.5805495253
161071,100.57957021382819
161074,4099.332310434126
161085,1014498.6881533446
161088,104.15514569003888
161089,302.7256536654208
161096,4785.25829867435
161098,1044887.3081175574
161100,92.4340076563558
161110,4397.67520387368
161124,3366.455096077854
161158,2687764.318300057
161160,4915.611720073427
161167,280248.79496396426
161168,1002.4789855066833
161175,529.1696354679702
161179,793.7658075365272
161187,970.1841630667819
161189,461090.37929276656
161190,586.9325872752299
161193,102.21499803335652
161210,403.4839547482932
161220,1037.921972378394
161221,96.8166792087846
161222,46254.58574024052
161227,272.70684958567847
161243,203.4783341600817
161245,97.92679260451062
161250,105.15171518948448
161251,304.78326566062947
161271,94.30624324658943
161280,993.8766003083647
161283,104.0479374464071
161284,77277.31601641845
161285,138678.56078609184
161290,1883.074901174135
161292,97.75180440150282
161314,157452.99342329698
161317,2217.204226573997
161327,62423.73198472581
161331,2264.055346357677
161338,102.62813764964945
161358,297.98573902949914
161359,17495.101026698903
161361,193.7172945879242
161362,928.1930524229385
161363,200.6443781067664
161371,967.9025979928808
161380,252312.10829554073
161393,98086.93158096551
161394,1052.7661510086539
161395,1950.0351118080637
161397,57981.38272295359
161401,1255.5292751122556
161406,64226.449944376254
161409,966.9410911222494
161410,1870.402218273895
161412,26858.411001171717
161413,640.6126586597866
161417,4652.094897920029
161422,1023.224204936983
161428,2103.3775608428296
161447,2754.910012331275
161460,206.59219498868217
161461,1309380.004545151
161463,1049.263272500996
161480,2181.132550371822
161481,2983.6958671388093
161490,1983.4845199903052
161493,193066.68549504734
161507,1549.053043401924
161508,1969.8433921084372
161509,65307.4029744624
161518,1691049.8667173267
161520,78422.38230120354
161525,3138.3948428139893
161540,1995.3593219874751
161545,55644.39811573078
161546,2870.107848295245
161548,1282936.7268932932
161554,397.8221928577015
161557,205.93413999297024
161558,624.7177551558088
161559,1292243.6345566614
161562,107.98788425270578
161568,35958.339113151655
161570,1211710.5815293298
161575,2688.8773174094854
161576,32080.41477883144
161577,3831.874839182494
161581,3888.5650667971227
161585,304.02191659582513
161592,374.99635704857405
161597,169611.9690621508
161601,283.6360392305416
161603,2843.478733520579
161631,1943.2157191502095
161635,584551.7409688006
161636,503.77733701417225
161639,1126.9753982697118
161654,95.4813716410171
161663,298.87602214848835
161676,1092.537220277081
161701,753480.0679950478
161704,4983.854213911716
161710,6483.055000534641
161716,3.9766824727642485
161724,14.21225841848317
161728,344.8446477619311
161730,67921.09461710893
161747,1957.8714550932957
161754,416.2747204072578
161756,903.9256621812175
161759,23.425491314049694
161765,152.09059612904096
161768,454.15797634209497
161776,104.69144822606181
161778,760.5420420737272
161786,22.65847799881014
161797,1.0547158973290804
161798,699.6061619693312
161799,2507.1389123015874
161803,80423.9814112269
161812,61.104967865087744
161820,9.713740448446732
161835,163.27579523838267
161838,5175.1281659237775
161842,176.83285838388673
161848,26.108924253419318
161850,21746.407779271267
161865,134291.42513441504
161878,7071.785074837874
161880,6118.85383642292
161920,101.88276693579
161937,755.2554484669528
161941,17685.405066960087
161947,29002.751129485674
161956,68302.56701132662
161960,84763.66114112888
161964,434.6984362324108
161967,1016.7257676172102
161989,37101.30721058804
162000,3.4370084874617968
162019,676.4486370453899
162024,2125.162016465339
162028,5.609932090714175
162032,34617.676609760376
162035,18.610594614108084
162037,2091.667610897213
162038,892.7146036818415
162042,274.4138316062487
162048,4.313536467742741
162053,1.0345489185987833
162074,7712.8631299507615
162077,6318.1017306219765
162093,15253.690733147567
162094,172249.268369318
162103,24055.853118017472
162106,545855.6322589945
162108,5503.282375469589
162109,228601.41375342532
162114,5.137789025921856
162116,16.565029222440778
162131,97.3296381709233
162137,51.71861933551104
162138,4444.362192352167
162144,4.8135212586832825
162150,1.9619422579684347
162154,606.885887115175
162160,758.8400894735669
162195,27.392275238486295
162201,15187.275206686343
162207,26.563244284564018
162212,30178.250837555657
162226,6.0052185194455845
162228,137.53773165195886
162232,5569.765843813267
162233,1660.2903921865027
162235,0.0
162236,84.652544369376
162239,1.0249500130084919
162240,60873.07612187681
162256,0.0
162265,422035.2143355108
162266,42102.7331298817
162267,1.0502333131954735
162287,1027.628182294221
162294,829.449863898771
162302,0.0
162307,14104.33961036405
162311,3.762448314803332
162314,1.5404603162468133
162325,44960.29319812054
162339,6.530778390016945
162349,4.157003581602785
162355,12966.32150399901
162364,3054.9286090229402
162373,0.9278675677136538
162384,49943.77624926778
162385,330.04011695188024
162399,336.0534053946589
162422,910.3368437348024
162424,16321.214977649586
162426,12.60024290371888
162428,2.0328889521271116
162436,179.58318232846122
162438,445413.77225094324
162440,29.07758843468309
162441,481.56991071605114
162445,857.2759981943859
162456,1.0170896236291849
162458,1638.4791118994406
162459,0.9393250326432836
162461,53477.68426748592
162469,416.92250404874716
162478,487616.6825713361
162486,737.8937212178765
162493,283.47796617255386
162494,978.8628818400575
162498,445.3983559175311
162504,1357.225643659717
162511,107847.02358389861
162513,46112.02774033742
162517,82570.80386918384
162527,13.511090258154589
162531,123.18782906084108
162533,12499.295537209593
162544,62.40304250240335
162547,47056.33585958688
162550,14.871069333153796
162567,19.677932625086697
162595,1086.2302467573834
162596,6547.682051489031
162602,55283.15683651311
162607,25.997087383644356
162611,16.762006673244567
162612,11373.461464111288
162614,98.7316797814987
162615,410.7665753688953
162619,27.038402039144277
162621,166.8677603459477
162632,108969.70612933984
162652,4179.28454112732
162657,15.508918962397505
162658,1.0247339367194264
162659,73.50681969419394
162663,0.0
162680,46.751147987996575
162689,24.26682379056554
162693,132804.18637318732
162697,16.054229811974054
162703,0.0
162711,23566.662072657993
162716,0.9614222709225697
162720,1378.3939000294329
162721,16725.940422837586
162729,99.05166217638545
162730,144651.06782823047
162733,9.163525572087552
162734,87.3718204263349
162736,11.767688028299288
162737,78.15436827342715
162743,359.8748586095857
162745,196764.02404926257
162747,1.0370818913758735
162770,1724.4936977487453
162774,344.5597448032479
162780,178.03332858007184
162781,222.55272634076795
162784,2310.290902112869
162785,14503.301594505478
162795,103.51395179998651
162805,225982.74078413774
162816,30.31444426248741
162826,115.07528079023557
162830,0.9342450743012826
162831,2784.9013521283564
162833,408.54518517849556
162853,73.74614841090462
162868,3020.9118374689806
162872,1945.1338841898912
162878,129.8390997542049
162892,17892.40957636198
162895,19251.42901355661
162910,7444.131642624184
162913,2454.2997387959817
162921,13144.046003791771
162927,965.8930306059975
162928,6.8454531025433525
162937,209915.2981630051
162938,598.0565125485119
162949,490.5211746732418
162952,448.36316165379793
162955,56.18255684981574
162962,1610.5401407117577
162969,1114.1844185242405
162983,3.006759626002956
162985,780.6617706113522
162988,1018.875321272467
163001,1890.8644278414224
163002,394.95095093264524
163005,110262.36554680482
163008,260.65357058330494
163027,961.506859621646
163029,20210.853554793215
163032,45.80285619541245
163034,118460.3778175254
163042,4085.8415520533404
163053,71.28746524726077
163058,72.4025566811225
163066,19356.893716990562
163072,0.0
163107,0.0
163109,148.5606598009364
163122,0.9844905544601623
163124,962.9584300605674
163132,233119.9679579363
163175,1712.5985744639327
163177,27673.587803507504
163184,891.1094762872038
163188,118.62386231183622
163192,115.57657585753007
163208,10513.050588849748
163210,265105.0725050852
163213,7045.474359740028
163214,42.64036860828504
163217,103.11004750213715
163223,33151.43338170044
163230,4116.9380783934985
163235,49.20659750725347
163243,125.14317641683836
163244,42.73663024108286
163245,162.75628899232558
163249,110681.96762351677
163262,1569.727531852836
163264,5.990003946029133
163267,231877.72821327092
163268,903.4237342004224
163275,166184.5473749121
163278,167.7587296281183
163280,280.63268417003394
163285,4136.873468494228
163287,34.88332211277525
163293,24231.711865698617
163295,378867.53808426706
163298,12537.345159725523
163299,416.9053648241549
163310,2260.691032405558
163315,298.3813612843164
163317,372.65042365493935
163332,205.42523048823847
163347,4.523110109620807
163354,187803.10182932444
163363,1.0745050326212127
163364,114.85984837439666
163369,11.053090424721429
163381,1517.797498700814
163387,35420.00855826193
163391,93.70857577406123
163397,43.77139565042935
163406,20.619783662513058
163408,132.17297545247672
163417,58.40577083328249
163420,0.9497536801079234
163423,1.0344488822886893
163425,637.9685648058145
163429,1.0464183794005697
163431,229.13400684387068
163448,12.154765336671467
163460,427.6419068048494
163465,191.2361219545582
163470,25111.15823565772
163472,35.46685107804125
163473,136292.35321370515
163475,4.921186439482756
163493,17213.352699039704
163500,190.874236456989
163517,3476.376683960793
163520,98.81398428668541
163535,0.9638003321149938
163539,187.96032722810415
163550,1152.4466075108226
163553,26860.65854231634
163564,139369.31338967738
163587,24747.426682617897
163598,78143.35114167989
163601,243.64055122951018
163607,5.020908872377431
163608,5348.39404970655
163621,9.129144255217176
163627,3.9897314595586058
163630,46924.29536805039
163638,4607.249237227642
163642,15267.542008168433
163645,1540.0551488785147
163661,3.2122871547954803
163663,12374.258404210032
163667,315.7075248483497
163669,610515.5661916084
163671,2377.2734307336486
163675,8039.816181260546
163678,376.91257889713813
163695,23482.05526126435
163696,5294.86832215947
163704,577.5066079046966
163706,7.111988294766974
163710,4.932401906158274
163711,36519.85088346625
163717,1.0158984775162305
163719,315.37621330558125
163721,1.067585880931279
163722,11.885619047222528
163723,13824.286189702769
163725,0.9677692197277722
163739,0.0
163741,0.0
163743,0.9977907125910168
163744,2093.950941000873
163748,186491.14311336243
163757,2316.0128867550484
163770,1643.7173690328277
163778,21.57944131596967
163781,21.590244446060893
163786,4.186899475183551
163789,21438.090844644033
163809,423.48741987587545
163827,13.061444467139518
163835,415558.74906323274
163836,1796.888360414265
163848,35.77422160998364
163857,0.9889869722614206
163859,11366.16101079843
163867,3530.3919099691684
163868,730.450650991358
163874,179151.87804638373
163879,19.521527248814998
163880,41.017383785726516
163883,1080.104243974056
163885,2.7418760171836905
163891,94.66953600261927
163895,11.009430189102396
163900,46583.69970798276
163904,215.05607803307396
163909,29276.700484507288
163929,145.0187676581171
163932,3206.066672436192
163950,378.32742689610114
163959,850.7603181412486
163963,76.45927306687547
163981,14.12753979422125
163995,204.40227876755773
164002,21934.72486381949
164004,28.700238973538177
164007,5059.201104605219
164013,805.055389990151
164016,3266.7936063286643
164021,2100.130395630563
164023,223.5544195815243
164026,214093.1937286869
164044,1107.4857965056297
164057,2127.5591359463283
164068,387.19391932415704
164072,4708.838666176568
164075,9.518703094486444
164087,95155.12733516216
164089,646.8862159008938
164091,507.8744306635706
164092,394.7774151676225
164103,14651.709761013346
164105,275351.4981765412
164108,863.1831126702616
164109,348.8926248772314
164112,13269.291492226917
164118,99.5686081580156
164121,8.948131148012642
164128,3088.0681913336057
164143,2650.425609857002
164146,10.251550394214295
164147,1822.3808797292809
164151,53018.175098840824
164154,265.7623208542056
164165,2764.8900855278325
164171,65.41640963265516
164176,8517.041862189415
164185,211.18573979857769
164200,0.0
164215,591.0667756396705
164218,1962.070407281817
164225,73039.0717445931
164236,2.0132673281904228
164238,897.7719428005339
164240,22512.98333806062
164244,639.3092306794048
164248,4124.091311474674
164254,2288.042234211393
164258,3.720160190306788
164263,36.83162096430398
164275,5.161770744200556
164281,13090.112014990307
164282,53047.95228884508
164298,30.647620191952548
164300,39.99325375460927
164308,9660.085428542005
164314,25622.369669669813
164321,203804.25334255377
164335,11.782489336222378
164340,2286.9981737623034
164349,3373.9190238979772
164375,13846.461528769749
164376,1250.1821294678002
164377,1.0943621479979526
164379,33.80919367379825
164386,197.0753913714977
164390,6917.309575017512
164391,1.7166892139508325
164393,6.424581026812528
164395,10251.828458316064
164397,353192.81319504464
164406,33.084251690921775
164407,5684.217200576384
164415,4915.668838758157
164416,35.72274020601967
164417,21.21358596932869
164423,37196.03694030237
164433,12246.607211173914
164439,2586.8028235370434
164440,746.3675093935271
164447,11.377657610673298
164452,0.0
164454,7718.6307354495375
164463,3.0488900722270995
164471,100.43432358220026
164474,34012.46346689495
164496,114740.22111996777
164504,2.080380770346473
164505,6548.621367678102
164508,2.931302678323258
164510,19595.336269041043
164515,30.164647855316883
164527,3897.452382691584
164531,33487.69700325785
164533,0.0
164537,41.187408709729915
164541,454.5468249771807
164552,20.6527127048015
164555,6.3814924849093115
164568,23.715246656355525
164587,7086.869725737732
164599,36824.45670427205
164605,128.1065105421844
164618,4.160841146808091
164620,79780.73222710995
164632,42646.46097079863
164642,6.394650369474246
164644,39.31197907667554
164671,4.15855941556764
164686,152297.19399965665
164692,131933.23272168648
164704,28.146167599010557
164713,19462.22338367931
164716,1.0223060022665573
164718,1.0019460094097927
164720,147.40976472653304
164722,232895.88501750643
164724,13.066357018927187
164727,0.9808688168498408
164729,1271.5687168049
164739,407813.7695434763
164740,21.89759428247629
164745,5746.5592960629865
164749,412.4529113120646
164752,3536.199571591984
164756,374697.72141860455
164765,2.1430787968770297
164766,52242.462759692746
164770,685.5865124616766
164779,416584.4542241294
164783,83.60137619509338
164784,223.75515562143795
164803,2368.346494595332
164823,3178.9903079680844
164828,38256.404282288924
164830,25252.941212241454
164835,523.3572290361226
164840,264530.59395609796
164852,51.881662856205054
164854,58.84369709502423
164875,586.6859961613326
164876,1478.9512718108722
164879,0.9443779799566568
164880,183805.4716832155
164902,788.9610769408038
164906,4670.233036390143
164910,94.56691477298006
164916,41.175663565508984
164922,45.558355376604545
164924,820.7149749872561
164928,20.528974443751228
164936,3033.6881577019435
164943,174.9579276310692
164952,0.0
164953,43976.02039555107
164955,30.087278834067654
164983,87244.86071130876
164988,6.759499596127132
165007,177.47236782235805
165012,16.487129622823982
165013,183516.8769306208
165014,574.6588412417211
165017,2094.804868633466
165025,15510.675378276514
165026,2984.3817019109206
165029,2083.1455926697886
165030,9989.37185799366
165034,135426.1482432728
165040,979.9483906930961
165045,13.306876286265771
165047,705.3868380203693
165052,40214.50005690869
165064,458436.9628349587
165067,2984.563788903849
165078,786.0986186277611
165084,75509.08772319832
165101,119.36098891618464
165114,4976.917292740462
165117,683.3938491603652
165119,68787.99926740417
165127,38.87150574029929
165131,734.8103624380765
165133,122118.53131336634
165143,17461.981386836673
165159,15098.63566697611
165164,292274.95324077725
165167,46629.354549707845
165187,708.5785273836327
165192,1.0736378947331628
165194,200304.22255883974
165196,722.6928622820708
165204,3.984560280037545
165215,169980.9576175041
165216,5535.834000690834
165223,31155.480280988
165228,6722.34280352657
165244,91.35500406884788
165251,5980.310822302196
165253,130.97172948043217
165271,40.61523867873152
165273,600.9338955691087
165283,8.887774788152573
165284,97736.42585074111
165289,651.6046185697289
165301,132.56379038260422
165308,1.0754681623214586
165314,19.537932424162573
165318,8622.18655428859
165320,5551.0864789398465
165337,5.92316250545346
165341,2.5604668446478978
165351,102.14744146729242
165369,1670.8963283861008
165371,7200.4015649415505
165382,17.845447929158077
165388,220.7069877156286
165390,1125.4944194458712
165393,5391.300613127229
165403,38158.80845452322
165408,44028.027893858314
165410,5.464198220334608
165413,12.909384205677004
165418,267953.25793290103
165426,16191.956022094022
165438,23.60065386000404
165459,194.10016660540336
165469,323.3487793282055
165474,70.28603573516973
165477,524.9417120580946
165481,322.8412178884636
165482,10.524564981513972
165484,1703.0763414918454
165485,2215.564185505467
165490,19714.32221747767
165491,114.94941445472426
165497,2219.074961650445
165508,15.984892500768384
165517,1389.3451407845764
165518,55422.64968145738
165519,424.76082963582644
165528,3244.9955665940765
165532,1545.0137306427243
165533,64.45585210192947
165539,4.873113998126107
165551,13301.500945768297
165565,96.9575823337805
165567,6.9699433610928825
165568,14.586434854041334
165569,15.976652642963856
165571,3906.9939671977895
165575,489.2343668142124
165589,2062.0880005391436
165592,1501.7812945938758
165595,24.21935781159465
165598,17.963826678969983
165612,19264.5813934514
165625,49456.73065590351
165633,103.19909660492657
165634,26768.450189240713
165636,2813.436055356022
165645,57353.28868673854
165648,5.253397313836503
165666,3.839786870819366
165668,141.1915637592216
165684,20041.044376243448
165687,1.052793545456517
165688,64957.816188146586
165704,214.89196602004023
165717,136648.96620612987
165718,403.9695547995467
165720,3376.782268998668
165730,3678.221837367676
165733,81574.60273359591
165743,107689.76668632451
165750,18619.25747670999
165761,67.84083126966735
165764,11519.033192534116
165770,12.216215385967349
165783,24551.245185931086
165784,26623.007864787625
165786,21635.590765322864
165789,4.078555303083198
165796,28488.692487774388
165803,1.0140457692327385
165804,344017.98327877355
165806,53047.77209571367
165817,5.937938644048887
165827,36.976204224838376
165846,210862.7848390526
165851,91079.42948246024
165861,62512.38302307797
165865,4.891478775408496
165869,25.478157174764597
165874,304.6831797684547
165877,57655.42440057736
165882,58290.504980449565
165883,610.6774812316659
165893,88498.01093234535
165894,12.246722064743958
165905,18535.52928402849
165909,37071.43427983395
165934,9.157666713292915
165938,10.154498503977043
165948,251.40270550140366
165955,3340.805221157726
165981,45971.3213295144
165989,437.8712685196997
165990,0.9976110254406046
165997,37208.96212196884
166005,0.0
166018,52.84443362053341
166021,7.630628288364237
166025,0.9870938894565411
166037,47.921582878173105
166039,9.481244102304647
166048,6428.82390583394
166053,3.762904523867722
166056,5.198607640681143
166068,1.9252906433556787
166090,10.575878916398874
166093,16.067274343045884
166098,109.94504680501089
166114,7.181876528898585
166121,18.31583828971181
166123,28.577727953912788
166124,184.00997732214665
166133,36.71913035134198
166136,3753.9517119480042
166148,10449.614533568947
166163,45.9156051337405
166184,35.251334570207504
166186,5062.129153126559
166192,1.8651072870942011
166193,19366.797070899684
166194,4863.653505657252
166199,0.9985333576077553
166215,3638.3078509355646
166226,52.431447612784794
166227,41.42927413901644
166230,4.399881329428864
166243,4380.369280287244
166244,3168.613088572329
166253,1493.2084608395132
166262,3512.634869865588
166270,5365.748114439193
166273,1796.3132736344396
166289,6.280183367608162
166291,2.899403533563973
166293,98283.97043479639
166296,9545.779060559422
166309,385.0476921363634
166320,2285.0991808504596
166321,13.04109470086277
166330,1.7333665181613795
166332,20.32174775905552
166337,820.5648359046796
166338,204.91442878302428
166340,54.30413033413112
166347,2229.5427413243874
166350,11.133950297581059
166352,99604.24788100999
166356,3075.5297797756652
166359,4333.379748831008
166361,82.04184764922304
166386,0.0
166389,4537.828265830122
166391,450.71761352259887
166393,30.70485170003013
166396,19.165430446219297
166422,36.56247763058767
166440,104708.40083337523
166444,5.214064172755495
166455,11.098294998450372
166464,2007.68691142613
166477,113006.05148095562
166485,931.0274991973315
166489,2755.7280356682813
166491,11.445610549568528
166492,77.2498536505884
166498,1.9573375270361026
166519,150079.80587206368
166524,29.1471984121502
166527,4645.783346520383
166532,51.96425352190083
166535,2.850409379370299
166540,3135.6851801200955
166542,8.70367637360061
166553,1021.4524494287726
166556,2.015922246498193
166559,10.949511581504236
166566,5783.174668924793
166568,126.87005021529824
166569,255.41513510361852
166579,1114.6551665212576
166589,1403.8568407986008
166591,116.31699900491662
166592,2681.8154803051543
166611,54171.95959500765
166613,100.04617832727389
166615,3943.8366130483682
166636,17365.03289759472
166637,2840.7943842971335
166643,21985.845659864735
166646,69.0076306313012
166648,11.867483553021275
166653,8.38455694358752
166671,68.54858358183951
166675,16.61578004948678
166678,155.68401669765862
166681,10.198780548915556
166684,130.6852704984569
166685,1.9757100106384502
166691,186.66172226572607
166694,18.076983450182095
166698,21.53584073574513
166702,91.9275471899711
166707,377.96311753480757
166720,976.3677530299411
166725,93.50397428263518
166728,11510.264528908934
166737,33.99561714505924
166741,14.506403432887272
166750,486.54294514382707
166759,76.56995600493535
166762,181.42003516837394
166763,578.9315002520202
166766,10.477979947407693
166771,12.298555376655067
166786,0.0
166803,4725.189034416022
166808,614.8627959685233
166819,86.46735219669202
166827,7582.087443983436
166841,109.17402700821118
166848,120.62011397578252
166856,353.21985794008407
166859,966.921019035178
166862,2653.742973283223
166866,6.456230988985045
166875,193.96281499200276
166881,76.48817329844043
166890,13.174906759866275
166897,182.42719931220861
166899,88.28698997481044
166901,326.06099132670727
166906,54.32699930629854
166917,4685.200012304516
166919,122.71447634072175
166934,13.537837712195392
166950,2.211252425175677
166952,14.483953364950967
166964,132110.5269295172
166971,6353.8550513728205
166975,35.515393603056644
166977,59259.65075731245
166990,5783.605645153511
166991,100.31149901697589
166993,9320.947299028452
167017,128.83023468684814
167032,1960.2253872637275
167042,16887.895840371228
167044,39.44713629583607
167047,271523.7110274891
167067,8586.231255928104
167072,1.940675172468658
167073,32.98051784985134
167081,819.006587874081
167096,1472.2450120033373
167104,7.06287465444351
167119,1432.375236508644
167120,273.9524172880889
167128,3.7865976966009622
167138,10482.64956315869
167157,10787.565048397266
167158,724.3582053092184
167159,0.0
167161,350.18272196270505
167174,0.0
167188,208329.17671275127
167192,702.1809394489762
167206,0.9981709439737689
167228,794.1619425566982
167230,602058.1732233318
167234,39706.412841750025
167257,663641.3869982202
167271,22.607792661980067
167284,4.53703160385604
167299,913.9013253818365
167305,109412.14838062914
167309,368071.1287575745
167314,185460.14668364156
167322,4317.957612136721
167329,524.0165026350779
167338,614125.7175121008
167339,3.8171125113458935
167342,11072.689087405573
167344,9210.151909549906
167346,23.827272327272215
167359,99604.62940482453
167361,145.04033737851506
167366,49.172706993529694
167369,1140.289461010223
167377,294.1346266048055
167381,11321.1455904438
167395,5816.473137758081
167397,62197.12829275934
167399,85.71703404804835
167406,66999.1474534177
167409,0.9976105586255409
167418,62256.20266058229
167421,4.106432073244302
167438,203.72455817205253
167461,12.691270028440202
167463,90638.0487892103
167481,47.29355429167219
167487,673136.8639694958
167488,5.056490857504471
167492,308.79130853232886
167493,1.8541241013595275
167510,12648.9922143235
167512,62.75154779723379
167526,23.645519369745
167552,0.0
167555,5.752689012838128
167562,24.12181652903178
167564,5832.089773149329
167566,2562.7413853132093
167568,22277.88714363946
167577,22953.875371973503
167580,440.1400505715589
167592,30375.862717604577
167593,50695.281928161225
167600,1.9282976074477962
167606,16683.377302569854
167618,88.93094484137053
167620,41.06322303056327
167622,629483.2660054946
167633,1436.73094637726
167680,610.4154418300677
167682,23943.188062660844
167701,71878.31624367292
167706,7674.560310214328
167708,9435.355837805986
167711,41784.20232109872
167724,50.51455077453565
167730,16951.239094658325
167745,16029.597914886144
167764,432.39115546236724
167771,139415.31121890488
167772,59.86878731580543
167784,54380.95718133833
167790,34.7853860646471
167796,8093.976406451123
167798,4.078793824340235
167799,128.23793871223845
167830,42.25744698563061
167834,13.147861269990631
167852,17257.52219082951
167873,368.4083500638574
167879,1.8722042428997028
167900,616.3687246026736
167903,12018.78663982529
167907,2063.938684127854
167909,1841.356373830825
167910,115210.53312991353
167914,14.707488785626591
167922,16060.892620545532
167935,9906.129777233195
167956,4.942964748381061
167958,30.48862503326341
167961,220850.04685572398
167962,5.984171476332363
167970,654.7461148554285
167973,24318.250717686766
167981,28084.53447582766
167982,12131.087566491336
168013,972.2883651473111
168045,463.78165635353906
168059,0.96408369539521
168068,531.4821128856297
168072,50.99918243999496
168083,152970.32197648776
168095,11.055757368327663
168098,19.176228967842533
168100,95397.37466438298
168103,58853.21233657774
168123,12.386176294966038
168124,3388.993544879449
168128,203.83836574022868
168129,104.01078996559467
168146,52.71582028857612
168151,424.12778098324236
168158,59830.394624805536
168175,21.01531641060908
168176,28169.032242507936
168184,1803.612772155373
168196,32300.61682742768
168202,4.5785912764597665
168212,5091.929150208358
168214,20107.743110492014
168236,161.60887665145137
168240,13129.938309084664
168253,42628.34704258394
168255,871.8965803001273
168258,2432.320986714972
168261,48.021384856681685
168265,8753.174320733395
168275,34679.289033484136
168278,5.293587028014543
168283,16.580633007412683
168284,7315.796266745821
168294,17528.029632887457
168302,2.952246990714693
168303,11412.501401894864
168322,11025.190234974534
168325,75.04691777661047
168340,32.32075619475973
168355,61.850082578829344
168366,55724.71290381346
168377,1802.6774082557833
168381,900.1805793513107
168388,22002.679669008445
168391,162.23351223749484
168398,9777.516903465312
168401,160072.4993038154
168403,238053.7029549623
168404,1.0682104042921674
168405,477.1036117248456
168406,2.9792893818017965
168421,913.3514578068631
168434,613.6846507431151
168441,276.64512820463403
168442,4.048174018337106
168445,11.406340117542713
168450,15.33204506068616
168466,368.63805056121424
168468,2919.1736322410297
168472,36070.62526358961
168478,38.198466727673946
168489,12.708998185999778
168518,96.94931572768462
168537,46359.76309425058
168550,13863.045822147335
168551,302.2518725056911
168553,5335.248048453606
168565,3429.7788836881905
168575,1152.601431745463
168580,1367.0900962169844
168591,7.787251447373801
168597,34.23080579597913
168609,1.0191875301651327
168612,19.44146471593974
168621,104.78937325087736
168631,34790.39490939992
168632,15620.656430002235
168649,3.151569518060514
168654,96318.45958912576
168660,15620.728966788447
168662,3866.64372321123
168667,0.902409465240124
168668,652.102009918945
168675,536.684343194698
168676,67.46145672005514
168681,234.58259647727272
168684,23.641286632987185
168711,75.20841010174163
168723,704.3037429901195
168727,5.108017052353975
168739,328.21157522074134
168741,99.213253946601
168755,11442.94128374554
168773,103374.55593575581
168779,6061.118411881675
168791,32.670913405763535
168798,5449.1430618703025
168799,167.83631379973278
168810,635.8286377737879
168813,5.276981553898441
168814,86.90635679590147
168827,6296.236431090365
168828,154.9627003357574
168829,5486.863930552866
168832,15871.969654215633
168833,87788.09388064762
168842,1030.5869576947202
168852,288.5344741611804
168853,156.12336572870313
168856,6316.796156936552
168857,662.2675366572022
168869,492.85199101446227
168870,306.9506286700378
168877,1770.1345307578588
168889,853.9063965297133
168898,0.0
168904,0.0
168911,17.41903457587265
168914,151515.37826429683
168916,8.103945218535216
168932,97299.89077873409
168944,977.7175140543734
168947,642.2700975881528
168967,84317.81621938599
168977,583.4752878804826
168979,52.53360965699135
168985,15.728411714599332
168991,8022.1712222504175
168992,45.54991250568607
169021,38.134868533679665
169022,4818.7917310672265
169024,189.49828913716078
169031,960.6919667144384
169034,760.8527734841606
169040,99696.41320903198
169042,27.410731997330558
169046,7892.410317758994
169049,40.738557319651946
169063,549.1806754163958
169067,6335.738325158541
169073,212466.66190383385
169083,158093.69763034343
169089,528.4279592916735
169097,6.851381954588585
169100,1302.902571060189
169102,3325.0818402338004
169104,39754.43714877905
169110,223069.77724856755
169112,373.8186345348292
169114,1884.8715163854001
169134,2961.528796835501
169144,92.99290925409137
169152,158766.05775658443
169153,21.71982702689039
169154,224741.5782273338
169159,696.0437872629353
169168,604.7336927893566
169186,9.688726674919774
169190,116077.19999029294
169191,130496.07390467126
169193,712.9732628120108
169202,1.9328726128633276
169230,22.886315503127793
169232,78355.69999666105
169233,40.123926652320094
169234,90238.46300917993
169241,3.8839533435558264
169247,700.641480806647
169263,0.0
169267,0.0
169269,30.25047978990655
169274,0.9635292781186675
169278,15299.755349351602
169301,211059.172699179
169302,39.65456075787467
169320,102.30246924932399
169326,1.9922031183276117
169338,5.830691008156075
169339,1402.5261950894135
169340,551.0813199561367
169344,6.0683097227117555
169349,4901.95875155968
169354,7985.14974603761
169359,146400.30864324918
169361,235371.4867488904
169362,8.007647571355339
169366,27062.8785687106
169373,12.983656104775317
169387,5.09146571593548
169418,1.0086954793996235
169422,11.05327104928367
169435,4.831672519763447
169463,19.74923050866852
169469,2434.333753156347
169479,3286.313974039211
169483,58.38386034262923
169495,42.70604999133196
169498,16060.879916398942
169501,7.713219998268482
169503,1148.3310782568772
169519,54018.446239796416
169521,9742.727493946566
169525,9.539325131368582
169532,6.20182131891119
169538,233.4203471329261
169540,35245.99721811081
169545,15007.159600590656
169546,37810.456316155105
169558,947.7164383139489
169563,64.8268797563925
169566,72678.36368581215
169573,1130.5982858152458
169583,79069.74618903396
169586,5227.533642238534
169597,1.0309081830544533
169600,22484.584865338424
169617,0.0
169621,23446.835020398863
169626,7759.253505550311
169638,237.66399892813422
169643,6671.638253565988
169644,2454.461894133928
169646,109820.15516126872
169658,100.96951265423937
169663,152.6097464358306
169681,48.92821677321676
169682,12.625247816887772
169683,93968.6589182879
169689,6466.816397540541
169699,22.286328630966118
169702,331.9775921029549
169706,94.18299433108257
169712,155566.57491300086
169713,32.551133898108645
169717,5110.899622590055
169719,29404.836024364606
169724,9536.511952686002
169736,15.608852232698124
169738,3244.3060088111124
169750,85744.18409652408
169751,0.9426671655310239
169755,5657.944446091771
169759,21.166569893345024
169762,6095.37306621834
169766,70029.74262531674
169771,5219.689668431511
169776,238.08160219156053
169779,80588.90977787811
169782,5.979053262618123
169784,2179.6783299145245
169789,132660.46682705506
169797,5.774384542751337
169799,64.31383227105418
169800,111.86574551408087
169812,5.199503907058059
169813,136.38571117135922
169815,19799.140970394463
169816,238.30550741960536
169834,10.450019966156939
169840,1752.7990667883575
169845,19.86126801566127
169846,27367.050656183466
169847,230.37347734584122
169863,30.553150475747113
169866,9.563746395079434
169876,3.372566050345119
169879,131.73015787832267
169880,42.70267580615173
169894,2.7445334149949323
169896,2510.2439165827304
169897,31572.876846286683
169921,0.0
169923,2163.6788554849513
169926,1995.572654471268
169935,378.97469023495154
169936,191.29940330051483
169943,148.28256464587045
169950,11.858871352349997
169954,54.73093649520142
169955,3184.4569307740076
169961,79338.75988710593
169968,15.80506929722081
169971,24.68795703410583
169977,189991.9839986894
169981,372.6864469618905
169984,4.021719434812398
170002,3129.5830809031527
170013,13.04689800186709
170018,15.349252341719223
170025,152.9712833110545
170037,714.2819053136192
170041,1.0740257732774672
170058,22.7674285452828
170063,1466.400578114761
170065,6.820262552941651
170072,910.574891049656
170078,1.921088990070552
170085,223.5480726335692
170089,32.455802420910665
170093,2030.6226813883948
170094,811.8471014330713
170097,17.638207624297895
170102,15284.50072647094
170103,1.0045503636202937
170110,3385.7997021962074
170114,54.15861208602166
170116,246076.42144812387
170119,32.7050552036079
170130,51.76597185696762
170131,2241.6492847735753
170138,3195.1491473074857
170146,20.077904149825933
170156,132288.09079122107
170158,53.42204643541319
170179,251251.96114723186
170180,10659.243328115783
170182,0.9484778203340698
170192,1962.3187581910845
170204,410.20114580178137
170228,18080.098158538196
170229,614.7778643677811
170236,7.922968937027679
170244,17879.6644361432
170247,1.0493556790359748
170251,2.015826324053067
170257,131.45428516415885
170260,240284.8324394868
170275,14713.679189105367
170295,523.6196932587648
170296,5449.6002664420785
170306,28.115998035139775
170308,5380.017952907182
170319,150868.06520301013
170321,163.85780767431189
170334,796.0461825845672
170339,3.8816045861024753
170340,10183.080884193138
170347,303.16491847225694
170351,204090.26969478343
170355,511.5518697913982
170366,504.98561618098006
170381,41388.15607590673
170383,28462.619886636494
170388,18.609240103985236
170397,697.7408140781645
170400,47.733404963554655
170401,135.26756720602228
170407,176.3841790313397
170413,419.66961241031925
170414,9325.994995366642
170432,672.6604630732745
170436,13.860923879752985
170449,6659.220880105068
170451,13.134978559514671
170452,56.45260424961734
170453,117.64524381081299
170463,3.081812377417663
170466,2.783276293626673
170468,4625.9135416571535
170474,116061.17455748552
170483,317910.22476850834
170497,8.343114487639221
170502,1084.4517647688665
170509,329024.0573377797
170524,38076.68537363942
170527,5417.040879485217
170535,365540.9981340345
170545,13528.590739205767
170548,7285.572797246293
170549,2500.793929687474
170552,144555.19041559284
170553,97091.58055309042
170564,2018.5476573464455
170571,131282.19285046123
170573,86150.1938946607
170574,11.719853134899221
170577,8427.812213618043
170580,125729.21481214276
170584,14180.060499701753
170588,1511.3842781580395
170606,3362.186025603837
170617,219.3038936056697
170619,379.0520553907401
170620,65514.66982372957
170629,18.407114702250013
170642,3.1111622093845814
170647,50215.749363894276
170674,195396.341517618
170678,125.67373325376683
170688,709.3779182341164
170702,23033.403812155408
170721,411.8318171780233
170724,375547.05639441573
170728,19120.203928004332
170729,262.3189995636988
170738,139809.44053887113
170740,10.151539937548383
170744,52487.32122333197
170751,32176.547947380423
170758,8.559570336924063
170766,430.06228025184015
170776,21852.511300527305
170777,131.9077863908756
170783,24170.98794198772
170788,18.624438050099634
170798,35032.443566242255
170820,8750.65218155967
170824,122692.8418386827
170827,8694.996154116472
170831,2622.348071356445
170834,88360.27047135736
170837,944.1231782422046
170839,63383.82672253932
170840,50859.73767404404
170842,151937.49405294994
170844,8734.560837104258
170859,181716.79605371482
170868,11111.638556363938
170869,26302.66420388136
170870,43379.10330093237
170871,95.55301901003297
170878,68839.11163472409
170879,686.5858667168142
170884,6.820791031104247
170886,207.58874176682144
170895,5026.078337477811
170905,2474.06606585928
170908,624.8310737736753
170909,621.3341132977237
170917,11.198027920933763
170922,162.59502777771
170924,123007.19625632837
170929,0.8859725517174811
170940,7.309427872165072
170947,5951.433883296495
170949,3.856152825900595
170950,7.401613094676559
170963,20107.34448048552
170978,0.973737602873197
170979,38.27152748348686
170983,731.3747067019341
170986,480.06796318298285
170987,1.0730729760498952
170988,74.5297457476751
170991,57780.11096748741
170997,8906.701722448426
171004,4888.864306745104
171013,1681.2587386203736
171019,72.35704809251875
171023,2643.2792015296977
171027,5.922043297529184
171037,0.0
171040,15.366261024153461
171052,1585.952301825867
171054,1538.5287556572023
171062,3.1365742911414145
171064,3373.05305379533
171069,34.12116562931682
171087,35.19206257196689
171091,12736.809987149149
171099,25.5477310438521
171100,27.828284328243047
171105,30.852481175404794
171110,13.416249802622815
171117,36406.15565811543
171122,8051.860423038245
171123,4537.437589990081
171124,311.275472040707
171149,11206.559078268087
171152,594.0297661845925
171158,28476.947478062102
171162,149952.95670734666
171169,24.13733367907293
171183,3.1574426768862365
171191,4.8688595250066475
171199,37.50104675857825
171204,35468.303855904116
171215,12.970771200335781
171217,27465.53216764209
171226,636.2531325639786
171228,1098.0112429299068
171230,7749.239570474727
171243,3.991498652010151
171247,93384.81973738722
171249,1853.2898111081693
171252,34162.79017544908
171262,4.595341488908857
171264,33144.82615507497
171270,435.8959635976085
171271,12.360394498709265
171272,7.858458195960196
171281,2814.521721954768
171282,249.5696767190161
171298,3173.1039685385763
171307,91888.70119922036
171315,4510.315884361827
171316,25005.45611885715
171329,19.015837086980543
171332,4.140724131682708
171336,180.46038928252716
171337,84147.54130332884
171348,3249.124914226933
171349,107.15604155277883
171350,748.7333285049032
171352,124504.30284975207
171362,2814.884425613806
171365,490.30535748503877
171367,94465.550162332
171378,49646.958400648
171397,137.50354640708431
171398,154.17115443020012
171400,63304.17043607796
171404,67.29094176567372
171416,247.09810821980403
171418,932.2866175460991
171419,1.040097334353829
171420,12.403523924239067
171424,2.7695945677240363
171430,20.674133956935385
171433,17.0081965255848
171436,318.3704672019722
171441,34.3181196994989
171442,144.63084789569828
171451,7762.020910249848
171452,7.276294696935547
171458,13686.243160671915
171462,51.103006761090406
171470,287.12214144705706
171491,147.44227815603062
171502,56.77349198850304
171507,0.0
171511,279.85708922880235
171513,38.530885042059374
171518,5246.965768273306
171520,1151.4156388969475
171521,491.06071010783035
171538,14974.101499131004
171545,20.583426247758457
171547,103.42240067736701
171549,0.0
171550,6.572085144287001
171559,208.6412341926464
171560,43.04992382815411
171563,104.88086765917079
171574,957.8345539441416
171585,70316.1258119371
171593,1019.7293935444626
171594,11404.252468431161
171603,3501.5422054698365
171610,388.8306624928618
171615,327.4189054376179
171620,21.989468872847986
171621,14.95000774449148
171627,8.01428233938984
171632,210.77671600344758
171636,14.075350411254435
171640,3.1528371750589335
171644,12223.843622936736
171648,54.90246349041435
171663,7737.360827188899
171665,48.84048530472559
171666,9.985963258078247
171672,3287.095536913253
171690,186.22793030915776
171693,13.177744394731743
171695,14.062254316525404
171700,2347.0818505264247
171711,110.83565040511498
171712,16.406782419221948
171742,35.83420022009965
171765,183787.56154044895
171773,4.072029508266033
171786,11.445681589331198
171810,67.61611133238458
171813,46.16123407611267
171816,14.08550162115805
171817,10026.687898627812
171823,13862.983774434555
171828,507.68144318570864
171834,59.75241632266744
171843,14.997445476554073
171877,63.80944255269748
171882,104.5145568082616
171887,3721.2281046444746
171900,307.22051356584933
171906,0.0
171908,13010.247772479901
171910,16.176272262889118
171914,325.5194128346979
171920,14.54888628909292
171929,288.2288016823899
171948,846.1770866783314
171952,1344.637167313831
171964,4929.721780948112
171966,1418.875521830187
171967,852.1474021430937
171986,6.0170563146162035
171995,3612.3269176573795
172008,1015.5058681448634
172010,10.43165940935668
172014,3.6967743197959875
172025,1132.445371930996
172039,11.364379862243137
172049,78.3013144206306
172053,34300.57318912566
172059,2.0203916396957604
172060,414.7428627883417
172065,8991.04682279687
172070,6.301268181379822
172074,1.8495941140523315
172086,1978.0000457197048
172094,161878.2049091748
172098,1619.7687833879017
172108,5097.77041898741
172111,3.3298933776377453
172114,782.1813890865368
172115,513.1650494279058
172117,28038.92933247537
172118,35.73599051558824
172120,2447.407810569918
172123,123.02978209294176
172129,6.928260466556333
172157,20.54146014163115
172169,29304.192681380362
172178,2608.9895421642354
172186,52.592324595747606
172190,82.15318353740999
172193,19619.05058885505
172197,7.402280712897029
172201,25486.939603318802
172205,287.6449277426773
172208,1.0393454097614656
172211,6.2179497286041725
172219,13242.695011628657
172221,77.11489678159862
172222,0.9735119659224097
172232,2046.406464609891
172235,108.25121260164012
172240,448942.44892833766
172243,587.6046015707193
172248,263.1025740273134
172253,22347.993623139308
172255,127.76624009735508
172257,1036.8496752501844
172261,83344.538185126
172268,39845.40208550926
172270,1664.4418265818
172273,0.9675222733255618
172278,22.87874441076261
172286,15661.39939417114
172300,1.9895024987821512
172304,0.0
172323,140.78976869987792
172328,0.0
172337,0.0
172353,79759.66096759368
172356,79.31914909466018
172363,14.154558419291565
172367,1682.2603514502953
172375,44839.22930697842
172379,27.229640218941707
172389,324827.6316108822
172393,13.013371251654767
172397,207.5821425189286
172402,16.042341994305595
172412,241459.21068734548
172417,12.256116112347616
172424,60417.788733880734
172446,6709.552034457224
172453,90113.01549542237
172471,1048.2109237783684
172479,317051.62927878933
172492,56382.458414025874
172499,93987.78248475706
172509,156463.47245889666
172515,34552.802916884364
172518,3152.248901711054
172525,75128.91695754885
172529,27623.476913001774
172533,19734.31743773778
172534,730.8475938192735
172549,7.12202982336642
172550,47.339486807422034
172551,27.19178128717794
172557,4470.606044725862
172573,9340.062485490622
172579,98.29063827156163
172580,477.8914571306712
172591,1.9639206657736328
172601,3.5287259621208595
172602,3231.7880658997574
172604,0.9918269576175217
172606,12.211693199639416
172615,30486.07135749319
172616,4994.301177742361
172617,1454.312077669711
172619,52603.699817235356
172633,111606.53996611017
172636,17.367705081835688
172643,2.9089398711357948
172649,8483.663770276611
172678,3653.961237957202
172690,2852.347815188792
172694,22612.095346708313
172697,14.584966806853508
172699,22.130303152381984
172705,430.88574008052495
172708,165.8498448430413
172712,4456.8947720311535
172719,1174.8448202683412
172721,1841.5809831039312
172722,1551.046456009926
172723,763.8257445239265
172728,2.0444847214013153
172729,84.9592401844125
172730,15.64787804004198
172731,627.7081311684277
172744,2555.1847492628513
172759,12.378533609686627
172776,1835.3446502472937
172778,1270.9138211471286
172784,877.1908303627432
172791,988.6792513360024
172794,27.966193682065764
172798,10008.565505763447
172800,706.5496204640618
172820,6067.07641064597
172821,69.68297191087706
172823,2.013572290181555
172835,4.965245391183341
172844,52658.15496519712
172845,4.964664009193508
172848,1966.7495991380308
172867,4.003730540070681
172875,86.84243213201944
172880,26440.702573346007
172904,485.1442103830507
172905,2754.0295131683474
172908,22521.54759938619
172916,67410.1663725599
172920,45.25404689592675
172927,3399.665433803603
172930,40.95624919625192
172933,681.6239218675134
172937,863.8894368693127
172946,88.55750258453843
172953,15134.335287432055
172959,268.96155450367854
172962,10241.18041841703
172964,246.018426917267
172967,279.99169183397225
172980,20350.44820967896
172986,9605.100838392698
172993,13234.996666141724
173029,124824.5411673243
173041,399.5253209124428
173053,1609.5589072509142
173055,7.496992282360589
173063,16.280704034589526
173064,297.30021257801894
173078,144039.33353494544
173079,2.029076104872308
173083,23143.20477788059
173085,17.175222991171452
173087,7.97611602371679
173122,14914.833704735325
173128,57.3541385595674
173135,423.5970155195801
173137,177730.9477011362
173138,79.04757781890515
173148,14.320874682621499
173170,1330.3470971133843
173176,5843.721667951715
173180,6.156685735406873
173187,37.01406827521514
173190,1468.5998624184165
173196,20.4871328034082
173200,1224.7285884264802
173205,4608.405780940673
173215,32.760342536354564
173232,395.5066370394481
173238,9.124521046744134
173245,83.73959061738333
173249,12058.821179800056
173250,17625.991119392744
173255,62.67594220464797
173258,37.951788440624036
173266,142.53637234726955
173269,3679.416204335145
173271,2.136820503629418
173274,6153.864520312085
173276,494.37588951836227
173280,652.8983237439584
173286,1314.8950866313944
173290,1917.0896503687702
173311,22890.151811701868
173312,259698.05077620197
173319,77.255245736409
173321,2583.7779512361053
173322,309.5438999034184
173327,8960.744789495879
173337,18.351961806245054
173340,4195.060654173109
173345,4856.586125040471
173346,148.74535613340447
173362,27.222199244342388
173371,4992.1980749092
173372,2923.3617831795104
173374,19.55461681340681
173385,34.16719311006409
173386,7635.992652399038
173391,1554.0077340619562
173393,15.614744823307102
173400,18.30498915198274
173423,34.36953388044079
173424,34.77977220411192
173426,21518.143344406784
173429,417.6850173200416
173444,906.2631595284544
173451,78.30893988855729
173453,108237.91674696455
173456,105.8270207553966
173458,77.1532475882969
173464,1008.2386924664696
173468,622.0397178556611
173470,5556.7576862546075
173477,500.8112749982872
173484,1580.920176172036
173485,35065.664170714925
173490,2260.402868706737
173491,50.54342480433284
173504,537.7847028698001
173511,6163.923803269898
173519,712.3693948799365
173529,0.0
173531,0.0
173533,3.821154691704157
173543,4387.255307931121
173548,176.32048209235649
173555,12634.7663830959
173556,128.88883077823516
173559,17.41172630086352
173560,153663.02397605535
173561,104.52913930706177
173563,18.13130275931238
173564,7280.581288965536
173567,246.36375563242677
173570,4.782507472854883
173576,174.9447259873631
173577,4625.654314204339
173582,4824.0225666401275
173585,4361.153010334102
173592,25548.4049582071
173608,3.9296300696102624
173609,59.763797622346075
173612,3310.6725176791847
173619,5135.971926924984
173624,1.9239185392732427
173626,19838.216220947055
173631,5060.770224675878
173636,2.1435295428956986
173642,220.2817163300155
173643,4000.970065637508
173644,4073.0461462750914
173645,383682.8283779634
173657,39.792304280482014
173672,8.977877389266181
173674,259.74546791109094
173677,4449.490987160689
173683,689.1110154315404
173684,730.8785008445041
173685,1552.6730300847223
173686,1657.9925691808464
173687,9502.461163995044
173689,45.749295918286236
173709,307.83442929170326
173718,1066.633891268397
173723,747.4793236466384
173726,79565.74463012101
173733,75.94670285763178
173743,252907.5636999025
173751,3731.374362957105
173760,535.0573930745219
173761,121.26717870861673
173769,9.374069027505804
173770,9265.244431341513
173778,1516.9160017991614
173787,15917.601709391514
173803,190.76201322914847
173819,9402.36669256563
173821,8413.646922547538
173861,8883.751920620529
173862,1759.5172668341083
173864,144.964894356023
173867,317.1791603954531
173877,195.81433506590346
173887,357.5642807710917
173889,1638.9340985758356
173893,9140.336161548512
173904,796.3603573534705
173905,907.9414412527987
173913,894.8221496592982
173915,270.34136221670775
173917,1336.8256761530317
173922,886.6600693406897
173929,464.19761440114246
173939,8644.349324825924
173942,295.00492179134267
173944,1175.47031329839
173954,791.6622733356687
173959,261.38793436712194
173964,4684.698707330769
173967,621.635142982743
173970,130.92647223017053
173978,277.79205636952906
173981,212.68705156247964
173994,901.8397998228825
174005,1351.3034532484353
174007,42.8430600697049
174012,123.08908676011463
174016,3691.56694795752
174017,64.99011670908271
174019,544.7137530111364
174023,136.05103312453767
174036,3352.5073636134703
174037,133.17475942252258
174041,116.19024495161959
174044,124.75473723700182
174049,554.4992475520338
174062,233.23999477324296
174066,3978.1579066391105
174092,47.0868004729465
174098,150.89654773529514
174110,240.29121772489034
174116,43.23902536287419
174123,142.82966204114277
174124,662.3473862056982
174130,3339.4532568495933
174132,1262.9540001268485
174135,2436.050279792931
174146,2561.256730512579
174156,1983.8095908060395
174158,909.0527385026601
174162,1283.374363602897
174174,1301.110968055268
174181,14917.08812196312
174187,874.7483379135502
174195,1032.1979174475114
174201,300.41781154059163
174202,443.08416166864646
174204,2349.069282129177
174207,3734.7341981380214
174212,291.34334106804226
174220,1364.4345112434487
174225,14902.228950238705
174239,1480.9582454126978
174240,1357.493865065827
174244,1344.183943758887
174251,113.22708600138145
174253,1182.8508238611864
174259,1370.2666210355483
174263,937.240286925188
174264,22855.559229501443
174266,4067.7495730446685
174280,1148.5384624836804
174284,3907.1770465449285
174288,83.4407152268891
174289,1265.4845412681457
174302,6302.8613529408885
174305,1233.0714678747522
174306,619.2027272730186
174319,20736.995589458373
174321,9.761554071852679
174323,1563.770869222444
174334,1085.5937853982791
174346,721.5553255151932
174356,1235.0473443862008
174358,1317.6140847126387
174359,590.5358193101574
174364,11344.191446049696
174373,570.3683535047101
174375,1041.1626614021625
174381,1277.1057906217306
174383,1257.784281264653
174386,1236.1259679172663
174392,1226.7025866247743
174394,459.2257843675677
174400,4752.078917758489
174406,298.0400483342077
174412,1178.948093297887
174419,356.8641776790132
174424,101.37899921475419
174428,23912.314767558757
174430,7224.6768905467225
174435,1034.8015831549174
174448,893.1742666050823
174458,5553.042780705122
174460,1211.8144839612617
174464,24906.252484923283
174468,1130.7385099895905
174473,23468.933961108654
174481,21.47436322230226
174482,78948.81356023665
174496,11.780754184276645
174497,437.0437026524242
174502,28.574384253428626
174512,111.64465522297078
174522,40.25733853656451
174527,23.49376204072252
174534,2413095.3697332367
174546,14.105395261140139
174551,14.833462836516352
174553,860.496521749159
174561,88120.42544008538
174563,438.87642517834024
174567,1682.9049612325002
174583,53.280008521111114
174586,5634.961281085334
174591,618.6495287758039
174595,919.5907647028237
174599,39.41843813737687
174608,1474.4370446863609
174631,446.4803381831563
174636,4149.958338693732
174639,25.92376901300899
174641,63.55800889346055
174647,52399.444801070196
174655,2898.0690055678383
174664,2649.2967457599957
174671,1273.9292902271916
174680,454.2116686832789
174690,650.7953144180666
174692,377.94476083559704
174696,1.0005608429521617
174708,367.88169074735544
174727,0.9953261379234001
174742,0.0
174743,0.0
174755,629.4028397889628
174760,26713.71132528035
174763,0.0
174773,16460.874646445813
174784,26964.409733991444
174785,1.0597090528871058
174790,9717.658329082644
174792,11.774957573327622
174807,87.21638071328161
174809,62.246425409249966
174821,0.0
174822,0.0
174823,0.0
174824,0.0
174829,0.0
174841,15848.519219454083
174842,18.66661110706995
174844,2551.0775075429106
174845,33695.020078255235
174848,3786.188611146935
174857,266561.3891006671
174859,104.40041203010675
174866,23247.30818181758
174867,9955.075920189978
174882,1307.663455806481
174890,636.573433974034
174898,6.055864342288006
174907,14905.720139002988
174910,3244.4387792228995
174912,2998.3253243087183
174921,1327951.7012562095
174928,22966.208414005738
174930,3509.1447389817536
174936,167.69751293554458
174940,2664.1222687639815
174943,27928.728106408013
174945,32334.77136568736
174949,173.1726908736811
174963,507219.8874153773
174966,134.44763732761098
174971,723.0054013417279
174988,12635.920437665452
174992,3521.7049035584027
174997,58.47388781348341
174999,28.815984855574897
175000,1071771.1577551828
175001,128.82815979877972
175011,12275.047152734962
175014,158209.82623164903
175015,8.591343881279604
175032,1130.2700616123216
175037,13487.744579729158
175046,0.9591368503916312
175076,48.37664539322611
175077,7490.015414634836
175079,1441.373703571352
175080,978.2196637136312
175085,9824.1711449592
175095,38.39685425196003
175106,3692.3991915047527
175112,1263405899.6965659
175114,129.92951922402617
175120,6643.6304179002755
175132,2753.738879675521
175144,21.08751037819209
175145,1654.3237526782475
175156,6253.939034054638
175164,45074.458899827405
175167,3230.6321657466938
175173,204303.18411348874
175174,177.30404596065796
175176,23033.047946303665
175200,320.39639853968225
175205,82202.67966257087
175213,425585.8690121503
175215,45850.35109086461
175219,38.57338492993814
175222,3723664.556402261
175250,1304.3440850354712
175253,5997.195847044488
175269,0.0
175277,0.0
175282,121.77030596205545
175288,74417.68516876338
175295,601.5112258385095
175298,2301.3421216986594
175301,2014.733624222932
175308,62.01397940948166
175310,2418.9066848653474
175317,766.1778939594558
175324,0.0
175330,236.92619289833567
175335,1829.9568535389649
175339,7904.095967821334
175341,19.109273933690453
175345,2858.7310151554902
175346,684.9697781467967
175353,2472.098993294121
175375,24701.353778893725
175406,7309.27175327652
175407,305287.1776576107
175408,755.3917489552152
175411,3753.608768665538
175416,30305.83623461038
175420,2201.948365346052
175421,80.06898904933958
175429,442.0559757866582
175430,2289.1526305521247
175445,25492.72878958936
175447,517451.5235046202
175450,56.400076863247136
175454,21918.76836558937
175460,3098308.4067717004
175469,2.1030699188358306
175473,25181.08965682984
175482,21369.05595676608
175483,614.1237078255007
175486,2044.3950050299882
175490,219635.0067430587
175492,1015.6000327424395
175500,2021.5378023669825
175507,13377.991468860808
175514,560.0511113266941
175519,2.0342956655535596
175523,12.319891168983274
175524,43513977.55633152
175552,8988.656044964286
175553,10.54358853185849
175566,19.401474045705278
175587,395.14499696323406
175594,40557.32232146765
175596,457.7469230560883
175606,114026.0877737215
175607,125.92734043967548
175610,18464212.218596455
175614,377724.0443356438
175618,14996.104992741044
175619,30624.787521150018
175636,3.1371027066454014
175639,528.1321224882323
175642,6666.990116662763
175651,19045.01602557131
175656,38238.26420804314
175657,113.47304121675388
175658,1280.0882934538838
175668,33726.09198947372
175671,1197.5660716913783
175677,389.45093079865904
175685,41968.052649087724
175687,1500.1672013591867
175696,103.87300595522423
175702,11750.508472318148
175709,14318.875685949033
175710,8103.164849672239
175739,27.36748183613887
175741,125.07707427887334
175746,4216.339847565529
175747,0.0
175762,448.69441684700524
175767,0.0
175775,0.0
175780,365.68928697446324
175782,920.9229522560124
175784,4130.037681209578
175787,1339.9130837103105
175795,247.87662057428588
175803,1286.5725318270781
175809,0.0
175812,0.0
175817,111843.87133753554
175818,107.4009271579262
175820,0.0
175822,35.2505505846529
175836,346629.72979471064
175837,14.701570410873476
175844,49.54282858172561
175849,209.52390707132994
175851,1507.347434989021
175858,114.41602576144277
175861,21683.519337923368
175873,12124.10950071001
175877,114.25311261132981
175882,11005.975645596709
175892,1241.0190605912132
175915,1335.2087558175392
175919,6.736179765592163
175930,969.8080023591833
175933,61497.68524701773
175944,1671.0485334919683
175945,217.6930847759383
175975,2227.836949949796
175977,1117.193569333505
175984,949.6064271476484
175986,37.52748117290674
175991,506.3778678425845
175994,33472.28628277977
175996,154050.53746189736
176018,45.49481254670264
176019,19105.30275990294
176029,1573475.9599123613
176033,12026.295680580639
176038,6464.038143439399
176041,192.35763311172352
176048,234361398.21913922
176052,12369.290673834712
176056,11748.333478411885
176059,262.91131280315494
176064,3241.2351130478696
176070,139.44421735291667
176086,61759.45650009586
176087,122445.08392234746
176092,8020.258595843533
176100,705.0010977191106
176102,11939.897270398364
176110,629981.4758393316
176115,21464.541286597883
176123,54649.77162078107
176144,5483804.09783488
176157,3766.9313288055955
176160,3695.7818434349706
176163,97233.02271119523
176166,1272.054587121782
176181,1151.8213705469304
176190,93722.87876730142
176197,2166.903355147014
176203,22496.695364869545
176223,3301.6302761415295
176224,107891.93829540638
176231,3790.5093022600663
176241,1917.3258240150267
176258,1009.3104486623795
176259,440.61818309794216
176261,783628.9941282653
176265,1717.5410679739616
176267,832.7705770765419
176270,62495.829711830156
176278,339.99592304019717
176284,89187.5181327039
176299,0.0
176301,32.0169598260681
176304,3173.888107617355
176305,0.0
176321,0.0
176326,2478.5017369695547
176332,5885.123909198374
176338,52662.158230870904
176340,71534.86849051253
176346,329.4842555961854
176356,0.0
176372,3744.5039593788706
176378,0.0
176384,1146.7146688669945
176392,0.0
176405,1256.560761036658
176419,26.037089197878323
176422,57.438030660429845
176424,2027.190625857075
176437,2031.7037430633168
176443,475.7192604055394
176448,67.9989195436013
176450,284.65789706908885
176452,238.2808294364899
176453,3324.966110423857
176461,16619.994354037026
176479,2073.3224304957153
176491,865069.369572485
176493,655.8339480581224
176518,179348.31052329368
176519,1340.318789988509
176528,1091.3155531171617
176531,127.67877067388162
176535,75.4991682310732
176537,4108.0147305301825
176546,981.1586183191278
176547,331.80954820914616
176562,3499.7171482354347
176568,79149.04839089743
176575,28.137100587950002
176580,3534.732245177521
176581,2139.2451781854434
176587,23288.361201226886
176588,271169.9306463933
176597,802.556887385781
176601,2578.133209239168
176611,812.4566711406934
176626,161808.88380401503
176638,1534.7891359411906
176646,25.42589102588612
176658,227.48686081651158
176664,1666.4880528426893
176667,873.6756448389444
176673,46819.80006941267
176680,849.347153863166
176686,118233.32083362408
176697,24.860431014528434
176700,3.101350572018114
176715,5104.097760074064
176716,880.6896838116087
176720,563.1699146009939
176726,105588.18828221023
176727,12426.389393564525
176731,1319.9862829965339
176735,267188.3581281547
176736,10.523812203420082
176740,361090.8440164857
176742,363591.7183215452
176743,68736.12748923917
176744,884.2032936432493
176752,9301.858473513485
176755,12979.174796832935
176760,29652.09404623971
176764,8.438824982142036
176765,2.0574923409306467
176770,838.2857915465995
176781,3088.451484376956
176793,23696.38998700325
176794,722.8362015413735
176803,330184.678576563
176821,6376.914327760737
176825,295479.7140787176
176834,59997.92022625248
176843,22115.16035564272
176844,63104.21436993905
176848,224213.00724870578
176856,14213.930202049603
176857,39993.968029909294
176867,7961.055777876731
176870,562.4308412874711
176875,0.0
176880,2118.4022166203185
176888,514.0084736349742
176902,1127.4331921078135
176905,0.0
176915,1711.6314034565228
176919,2185.1143814957836
176920,3306.028560813267
176925,8176.184935003094
176934,0.0
176938,0.0
176949,591.2963271565557
176952,122.82415010756078
176955,9784.928497585046
176957,0.0
176972,32756.35235079541
176974,0.0
176987,12951.405279365665
176996,175471.07300522548
176997,4.3049636681744
176999,130.18179073385411
177005,62015.12872264136
177007,551.6395717674806
177009,13312.24577871681
177011,74642.29006462952
177022,6.525085546293354
177030,899.3001435354305
177033,2039.7237474745875
177041,687.3297679892229
177044,594978.2202894635
177046,43.49098110477307
177049,0.9461504688602246
177064,8807.725849765598
177065,5935673.773893087
177067,17.16545283635071
177073,9.980357400990128
177076,712.0986567025412
177082,1331.902876166439
177089,107157.56416831075
177092,2272.7930158142954
177103,842.3116955214896
177110,1.0695544543299698
177121,298.24990750882165
177127,10.323651323941158
177138,20.626811666303453
177147,170.22857658891164
177155,246.8343566172382
177156,26712.937377378257
177164,295272.4351344224
177165,5928.636462624477
177166,60056.8585400915
177180,184.26942216479225
177198,45.10899511973227
177200,188.91663935016808
177206,177.77914255081717
177226,27050.37990787478
177235,371.9408501101962
177253,51.85094898467521
177255,160.25515327363343
177256,9.3240414807034
177277,10003982.518704727
177284,118886.08769110971
177300,217.99370018719466
177307,435.7910914655962
177308,99851.37888540361
177312,630682.7698104637
177314,75.0054261690676
177315,4369.771396981417
177320,102699.56206221896
177326,124.18133062013914
177328,554.0984530681243
177333,544502.195095231
177340,278.425954365373
177348,366.57497964152026
177355,636.0779093631469
177358,47.14778291311118
177364,153.07305427188948
177368,872.5818700368529
177371,1912.101906818477
177373,0.0
177379,0.0
177381,151.5757310554777
177398,0.0
177400,308.0374549734739
177409,257694.56871697243
177410,1581.5518665870923
177418,9304.946132133584
177453,258.8917576579276
177465,55.80374421684496
177470,14.795241766138167
177476,1.0193047258765613
177484,0.9999170148275389
177488,1.5689375748968304
177489,229.72057342494764
177490,485092.8769430492
177491,481.6382770557724
177492,28.783841865327084
177493,431489.5401378898
177502,11.797736336388501
177503,3.0181098973653486
177506,16.35434981092099
177512,467.5650092041526
177515,15.668093914903254
177541,50.98911382271252
177543,10.890816913832676
177548,12411.899366727055
177557,261.4483559230867
177558,172.89490500953224
177560,18.679456451305256
177561,188.33232755386774
177564,75.72117497024718
177566,8.723305308362331
177569,139.8457486211975
177574,9.889260738565788
177576,152.1700747718748
177579,3.9441430035209124
177583,20.037130765776304
177594,115.2784061950841
177603,29.44126524853466
177618,24.033331122400064
177621,94.8617966154171
177625,184661.40883221725
177628,8313.138564720946
177635,610.2554286917559
177639,50.39363791732876
177643,2.115334421739822
177651,1.013075746772392
177659,10.222310325615258
177665,241.354467243039
177670,79.6015341302465
177677,129286.58519701137
177679,10.633788510263745
177685,1.9262412933934985
177697,58.56055155603759
177705,1.0201937467675053
177713,18.837802900357143
177715,95061.66406954448
177718,127535.99389005726
177727,256.14955625409385
177734,0.0
177736,357.1552879009663
177740,219707.81749891918
177747,52.149840393236424
177748,53474.041794631405
177754,0.0
177755,18.11319077786962
177768,0.0
177769,564.8715595561799
177771,0.0
177772,0.0
177774,190542.23841634204
177781,86889.06117149824
177783,1845.0180434936651
177808,1332.2898685391626
177809,292909.36432693386
177813,2660.8480849448065
177816,164.5373662765906
177824,177568.1829323324
177827,776.3112162038852
177831,292.30600480285216
177836,257.7221047465333
177838,768.4258703104149
177848,12.82478933257779
177849,161775.2457431085
177852,77538.26258075687
177854,237168.4451627983
177864,631.3062326826627
177868,1.0326136560958639
177876,158356.63421579642
177890,97.40476045322322
177904,203.18641848552608
177919,31.129031228971765
177921,5790.665637183884
177925,174.1138326014566
177939,7316.243075222825
177946,177380.801267044
177952,5913.3840361972
177953,1286570.7302061014
177967,112.1805453852219
177969,4314.791328251
177975,1138.1792689938027
177983,3228.1574371865104
177984,3557.4983128920867
177989,1136.3487287511823
177994,55504.284868146926
177998,95893.50624129351
178006,2.1117231881425593
178017,469.062643000432
178018,115.61332341633836
178027,14.720687872010814
178032,1248.9281946618207
178033,326.95226555641386
178040,665.2883344044803
178043,52376.58076360531
178054,0.0
178071,5427.705780780115
178090,26707.083892321767
178093,0.0
178095,160.55369766740463
178096,20.862959657940692
178098,2064.8874435248426
178100,2.110262820784964
178114,0.0
178116,1530.606132680708
178120,485.64442930517833
178123,46.872468286944375
178124,146.71055505078988
178125,37.03235385166274
178127,1373.1119126281087
178128,1.0445615869925722
178143,1425.5309054584786
178144,108.6055108041702
178159,322.89998082364286
178161,323.573267117134
178162,1070.900131465921
178178,253.30025693092432
178202,482.43827991101597
178215,123729.28883289394
178218,1037.1276563812348
178222,1271.8963904415057
178227,507888.2471613933
178230,1614.9479477625048
178234,10854.674996667758
178237,967.587667466681
178239,2896.454270295863
178241,509036.344066892
178253,15.878573126244953
178263,27.023320550849505
178271,0.9421098578374059
178274,1206.3835105549958
178279,3391.3887790403946
178314,1564.3584222798315
178321,16.926939106406536
178330,5352.072898675154
178342,1.9868135746591842
178354,5.635051819240952
178355,26592615.54407645
178363,33.298704062484596
178368,0.0
178369,0.0
178372,0.0
178374,10785.643687461568
178384,115.20354142224237
178393,0.0
178428,0.9390464566947188
178431,320.36126804111274
178435,84834.23963714641
178436,58.498412062054676
178438,2105.8630580336717
178447,274.67295173601605
178458,90721.98000093065
178460,1434.344558061978
178464,642.6689397503893
178472,78.50115541600721
178473,1919.8987176446851
178475,118879.52085520845
178483,18.983954562458415
178491,871.1053522125252
178494,45.34000276916956
178508,0.9843968312931429
178511,2205.443268987497
178524,91317.52620899436
178533,180.67440504197629
178542,1754406.955634698
178550,7283.1375776175355
178551,280.0162354779403
178566,1639.2741897738317
178574,82.4443306771627
178577,0.9214811515787599
178578,28307.16094399101
178581,566.8622652622299
178596,4029.0621437591394
178600,515.6893536959648
178612,120953.57620542246
178627,91.49806188920402
178634,2532.98767638248
178646,8246.738031081213
178653,3.775348618075252
178661,22457.686535417695
178662,993.4106779768318
178677,24758.707511008608
178687,1295.7020655763843
178696,786.1418008238707
178698,144179.22745586504
178703,10.242307249624197
178717,37.635010092473465
178728,406.71238594301326
178731,3418.404043503913
178737,84.1610593116487
178738,55.00098318838182
178754,1903.9051143545414
178775,5037.090166459786
178786,355579.7600970425
178791,38.041245297679005
178792,13.97734347103372
178812,4433.388943045776
178826,2402.563413040646
178827,145.85287167603832
178831,0.0
178832,83336.05921555968
178840,89379.10514925612
178843,0.0
178852,0.0
178859,0.0
178864,101.38657726602258
178879,64557.46939725874
178883,575.1591751937149
178886,85786.36632279439
178888,0.0
178889,0.0
178891,63.1241948560141
178892,83.74163575942025
178893,0.0
178899,308.0023059101824
178905,5434.462620350523
178908,0.0
178910,0.0
178912,0.0
178919,3827.7630815135926
178931,1751.5936993847245
178942,123682.01556797346
178944,416.4721404494745
178949,110.83320912008134
178951,7248.42745835516
178960,232800.1963929332
178963,252.38028060178402
178965,63.71047329023223
178967,107.3492578792547
178969,179.43641591393285
178982,45.32866708517884
178985,30538.410459906965
178988,11293.799176305127
178994,201.39714139306153
179014,52.599085314080966
179025,450.46071336797223
179027,1625.6117345732011
179049,135.00309168053462
179053,582160.0533997201
179054,331.48910314468117
179059,205065.76416496304
179064,107000.16082342023
179069,8213.689313102741
179073,50.3834650364379
179079,418.22301104447325
179080,258327.52219896717
179082,255.82358325820192
179089,5575.813354305846
179090,9.756077200756144
179092,912.7396992369077
179098,340819.89574652165
179101,2743.313985828664
179109,1946.5424445058231
179113,1715.7151181698223
179119,261.9971832521779
179129,151.11849756906338
179131,1115.1987839409476
179132,31.432984806912415
179134,4639.148136863219
179138,23.416180419141696
179155,23.795188202960055
179176,1489.039836137708
179192,277.8948547239433
179207,4443.786941584725
179210,84.23974449041653
179222,0.9579318158473807
179225,28.247995768985028
179228,515423.5426492666
179243,29.755191205216498
179244,5216.741239173068
179251,480315.8487241768
179259,396735.8166661949
179263,2446.256559735026
179268,152200.87667404072
179273,25004.354330706792
179274,0.0
179280,66.01803481811461
179283,0.0
179289,0.0
179317,106.4883273563018
179329,5121.910403420519
179335,0.0
179343,16.472419851394772
179345,5819.6600732664765
179348,5681.303969022905
179353,2.9085530017188272
179354,22785.2800177081
179369,1.0382332853748157
179371,222.33884943529492
179383,994.1934813992357
179393,578.0934764238034
179400,595.9813721733278
179402,13.427500004323019
179417,532.5158578658923
179418,25.869948545800337
179423,162.89742973448008
179436,37.47000400712581
179439,276395.96132859716
179441,4543.518945773729
179454,588658.1249072541
179457,2.1139127962523965
179475,132.6354533427636
179477,596074.3626730818
179480,9335.369405570693
179485,39234.03713396357
179486,1.049379412475502
179488,617.3295713234172
179492,2622.6568379383357
179493,218.95569872388944
179503,3528.25659590715
179505,8031.619428470978
179524,1543.3590262322982
179558,120702.17206890816
179567,1578.4402979973222
179568,11885.517612231191
179569,193.58514350126637
179572,27077.036591029606
179575,48.8358625954499
179577,116898.20653701868
179579,435.6177825103004
179582,9271.889636172213
179583,4677.226301433129
179584,894.9613845979642
179594,606.4470205898979
179606,814.9914737375739
179607,483.6621282629097
179611,12319.323326961883
179620,1703.6559744479819
179626,2432.5814734490855
179629,933.6976820734304
179631,126.62032586138072
179637,272.82779743379757
179642,166.79432830101163
179667,34951.733124571445
179669,0.0
179682,4316.646958907683
179688,1267.2905087070194
179690,263.3968247706654
179694,237.64121259988403
179698,0.0
179699,51830.0177547357
179700,3573.848735656946
179716,29348.3147803012
179731,0.0
179732,954.8785809628525
179740,4646.30254114676
179753,13.981117084133828
179757,59.05736901697871
179766,29857.089202581865
179769,777.0037055390701
179773,1326.0944093988292
179776,247.28907265552257
179781,810.2565532376399
179783,117.55321081438017
179792,749.6813845215668
179794,133922.38572235405
179800,3.927997524848132
179801,9976.187025108347
179805,29.074414203580965
179807,465.96051885141753
179809,13178.684496714826
179821,694.0977106691846
179826,343.1412250585531
179833,8924.341916579842
179835,1.9686050389289718
179844,243.99706298724843
179850,10960.601804242624
179857,115416.0870057436
179858,37.87519569410192
179879,15915.277595888827
179881,47344.85514642085
179884,350.12324762668186
179893,112.31619069409115
179897,8228.209165583055
179903,288.120115195494
179907,3.043571524609848
179917,566.7799730160107
179926,4351.258972707558
179944,109291335.37088057
179956,877.572665379003
179958,963012.4327385987
179960,466.0759923972289
179965,395.43702660221504
179971,513.6101667891571
179983,239.85436898447543
179987,333.6619101948586
179996,0.9872152775037621
179997,104.43669166669301
180002,121.96561676571503
180003,0.9938352779430297
180017,27718.638698315415
180018,3053.1956682001273
180020,1442.3391827479345
180030,47265.83859370852
180034,288.9081208496723
180035,155228.74491647296
180037,137.52718845446196
180039,121857.92262103276
180046,73796.89923856605
180049,512.4444202156999
180053,161435.6215943003
180057,1497.7722371283205
180065,870980.5671676262
180068,641.1174894934663
180069,1193.4541741078576
180073,47249.32174098934
180075,15209.109303077488
180087,970.1886393918787
180093,876.0520582190622
180105,863.9322429186838
180109,1616.8756770352668
180110,7.814110783260102
180112,5771.796832679661
180126,152.60982894884873
180127,128414.5652900738
180135,1682.9212329602271
180139,28335.035751510022
180162,1304.4332271171008
180171,381.5108983224731
180175,0.0
180179,1522.9448508331188
180190,7.971156536520305
180191,231.06019042901315
180201,297.8950061866021
180206,8950.933192228727
180209,0.0
180220,0.0
180221,0.0
180235,12977.312546129584
180241,1002.6883299675203
180247,30.989918627160908
180249,6207.485523234569
180250,9841.039354901477
180256,245365.13478144936
180269,855.50292173071
180277,64.61945675633535
180312,95212.84886139854
180315,204.60267557290086
180316,1040.426129132844
180318,8524.501713790294
180321,154.99608487499734
180327,9605.434823308255
180335,969.979119733052
180355,4691.165744023396
180356,73702.54785767182
180361,586.4004010144577
180371,152.95130576815376
180381,3943.229673158102
180393,3091.9221927864373
180394,39.495437424721075
180428,142.77022673207495
180430,14.282123707373545
180445,6.758708433280552
180447,213.4026285061162
180451,252.2285236747955
180458,13820.48817376843
180459,3.010803367365816
180474,856.061088189438
180477,7.849557119430381
180479,30.940261520676298
180484,2684.884579918311
180492,41.10506300369291
180497,160.76076994883292
180504,1816.6090431844734
180513,602.1629054239243
180522,399855.7866027301
180525,42166.08125382718
180526,5778.309755360986
180540,2458.6363203888773
180545,198.61784796749325
180547,366338.2790601829
180567,3424.7342067211857
180577,3933.0300288118888
180585,41.71046070158763
180586,521670.364565707
180590,37.380564385806274
180599,869.0760385517721
180613,5.138196079822287
180615,109.0703542096992
180619,1131.8973274366315
180626,57.70337226844629
180629,74.62964186455041
180634,0.0
180636,0.0
180644,171.94488954825525
180647,554.2226329013474
180648,386.4335297539181
180652,149928.48217489454
180655,13.84814170679927
180659,173.9080699584007
180669,1264.7146913928664
180678,0.0
180680,633753.0556330916
180681,15.366371179190446
180686,1139.7624283426155
180692,1836.492229070596
180694,79.06665055049628
180700,346.0013380519855
180710,1979.017850996144
180714,48335.152916970765
180720,246437.32575928592
180722,47.23239118974599
180723,6.149351721035583
180731,58.53165240860873
180737,691.743795573525
180745,69.32995821230558
180764,2077.2775363277688
180796,21779.576409370035
180800,6.559692083446857
180811,74829.40687029711
180818,23423.454060003787
180819,45.01369066551971
180829,21.181099136229815
180840,120.53460383141834
180842,403.57564665954663
180848,244.75947430991758
180851,192.09048907250954
180854,125994423.08894083
180860,36.800126484908574
180867,232.61399408003803
180869,25621.42429341162
180872,5.908666015160048
180878,801848.0823029869
180887,122867.51392792535
180889,2312.5312069813044
180890,1.729029253740356
180910,29.697120266921498
180924,420731.3918745478
180925,184693.59634684265
180937,704.1806366982851
180941,152.05361159730955
180944,1917.950682779189
180947,8453.697605892015
180962,3051.238131361519
180967,31.6857965878207
180985,86.07263447608761
180988,4902.931040641919
180997,56638.65706569341
181005,68.11009458149678
181006,1416.318069509839
181012,1.0034996250819856
181029,0.0
181032,169.5901046459779
181043,3457.1102419643307
181050,148.45189433825908
181053,45647.473966132886
181058,496.77377060801797
181059,29.176769389186997
181078,280267.25056365953
181079,327.28795668289087
181086,547.3378957409253
181088,925.8401814939359
181102,479.13532657765586
181103,59.33023531681858
181108,440.40469476798586
181115,38.36373151925413
181116,1730.41826660412
181122,2375.363738343294
181141,89.33619522581242
181160,401460.7771929381
181162,675.1833501726074
181171,7794.640370605882
181184,312.20995036985886
181187,69.98176237931271
181188,28.50431861311628
181190,452.6314226165488
181198,140.6415259761441
181200,884.0961819118158
181209,1153.4465915959543
181214,1342.4632801416597
181229,43.224920053062036
181230,19.814119579759225
181233,8314.153937640178
181250,109.31295823909832
181263,4634.46880604928
181268,244.72053343433626
181276,640.2635567546797
181277,47683.831323663944
181288,73585.37343596558
181291,2262.892986025302
181292,354.45612705913004
181302,41758.79299099835
181309,902.5753238417717
181312,17550.609809756723
181313,5815.005651857035
181353,4118.272549544709
181360,1860.1999227592514
181361,249.71228426544332
181364,12.250905231966177
181376,14103.038461080454
181381,96331.09662641161
181385,11124.847565239217
181389,192069.8242909713
181392,20202.31344134216
181395,12.04652925545841
181397,2.0615787972074813
181402,1386.6651913129742
181409,6405.983803168111
181426,7267.472185929173
181428,12320.871761492337
181434,2337.588472265299
181435,116.20113131723858
181442,0.0
181450,108.46875340889963
181458,1997.371916320914
181463,0.0
181468,0.0
181471,0.0
181476,26252.373020036153
181481,5039.752498771457
181483,11047.929737712857
181485,586.5529470517586
181497,1079.3824113284684
181500,0.0
181501,43991.778179124165
181512,82.4334096045087
181518,0.0
181521,248.60395829432676
181523,4185.709209936475
181528,0.0
181535,0.0
181540,792735.4798451304
181544,0.0
181547,265.1064600578196
181548,29066.440031178903
181553,2132.0705043992234
181563,2045.113707075785
181565,3.1481577450829517
181592,1739.0591392957347
181607,1412.6861043441518
181610,2051.5373370499237
181614,10.251698523066832
181621,4.991427248597267
181630,1.1254014735979532
181636,192.5123115353284
181644,143221.86304074214
181645,7.892958476354879
181649,1968.1121513814394
181661,2.9706080629357885
181684,638.3567982891872
181695,2.111420017225328
181698,1068315.2104717684
181700,499.028909444133
181714,208.10006135566553
181717,26018.42007342646
181721,2339.9364953900417
181727,2.807787612464417
181728,2168.758346044661
181732,690664.0773615255
181756,444.7911376786372
181762,8.052099975888021
181771,14.545099439099301
181780,1133287.3577244263
181788,228.43010375619673
181794,52496.05187703831
181798,1280711.0587549515
181809,92572.88209948833
181821,4.1880750620259315
181826,68199.17371584615
181832,349.80404870730416
181839,18042.84138647517
181843,9.859832077928735
181844,233.1201394419039
181852,216.41702103011212
181864,765.81307008507
181865,971.7806979460388
181875,1996.3547993236257
181877,32291.349919147964
181882,13.994337107121556
181888,235.01180405159386
181901,2.0051642451337144
181904,822.2206337824848
181905,46963.010471831476
181915,392.01382486898405
181916,1235.9839768819752
181919,11.13563661299262
181943,20.795171467018232
181960,0.0
181961,0.0
181968,0.0
181973,0.0
181974,0.0
181977,67.82800630152495
181978,158.59744506127427
181989,43.805378085620994
181997,25446.852800697197
182001,0.0
182003,1405.9767858750802
182006,2.91564278004787
182007,0.0
182013,5191.9889892054825
182014,250.09379666927472
182015,1.906658265343961
182026,166.18579232818198
182029,591.1476831920581
182034,38.97239186505764
182036,1164.4719590471761
182043,1875.128363878982
182050,981.7138220683796
182052,76.23421358894731
182060,367.2585763147574
182062,39.630586842221355
182064,16.001641343289517
182078,81.05215880468766
182092,209.30318391009317
182103,5.210000429895523
182104,33168.62250641305
182119,591516.3408636178
182127,13.564783491976337
182135,0.9569663927766183
182137,19.18023319546198
182139,14.883887966877493
182140,10.105812631021152
182141,147.8657147251464
182147,98.47638995085599
182168,56.75303031127467
182169,98.08001789209305
182171,4.64029374260288
182172,292.4833041081913
182180,146.50155999728844
182200,2.820291476329491
182201,892.8135079880644
182207,126.01616560867457
182212,298.9049417489671
182216,8.39034731661123
182219,354.905512274357
182222,36.99731001011724
182226,10.41410554858963
182232,47986.850082270794
182236,1394.6922628473794
182249,174.30634937742585
182258,1403.0217316216845
182265,60.0834839110661
182270,2925.3028103883125
182273,10225217.757944465
182274,19.83748576903434
182290,9273.314290794508
182297,76.49307138091795
182300,16903.745073884616
182302,742.6334250249054
182304,123.15448713757914
182307,9616.53296506394
182308,76352.13262442294
182312,81.62608206078374
182317,32.56948177061129
182323,78.36667649821342
182324,13.426570827375608
182332,149.27241578491575
182334,61.06323434092275
182336,19.57184888074593
182348,7.215726014799073
182350,6389.101846916533
182354,16.654336811540134
182356,1058.5800374286334
182367,52.02934348670991
182368,213888.4651045989
182389,24.862529150505978
182391,19.164837596636737
182401,961.6513514039513
182413,2909.4177289953864
182416,265799.2849833852
182427,0.0
182429,0.0
182430,0.0
182435,1803.812691778303
182443,17.461819974161504
182449,399928.0818737124
182460,1253901.3959567652
182463,101.24173736500157
182465,1.9116630497555707
182468,252.65136345616477
182470,2240.1041614030023
182490,11.293331812827585
182503,1709.3835078249278
182505,5.65863196831255
182510,11170.514996812599
182511,75.26451617403424
182532,4206.422378140072
182550,99.24660309945644
182561,84.37229684576324
182562,12.696052649152627
182567,17.850085749060746
182572,588.5559515793603
182575,12.793813972254735
182586,14.444676151595989
182597,9.980754691937202
182598,13221.845555465636
182600,1166452.679204176
182627,21224.161609013823
182630,22874.944113172838
182631,2994.035624292102
182632,371.0769781265728
182635,29.6288824880093
182651,65.14488732368869
182658,428.9857507302558
182664,47.02390695876365
182665,3349.1283768788367
182669,9.4138684140893
182672,59302.39640242515
182676,24292.745881134575
182685,8919.714696638826
182686,300.3962248083068
182688,20.083646481870694
182691,118.01379968107435
182703,23.79828277722405
182708,7.065405334743677
182716,165.82453733080354
182724,42.142722532896336
182727,2.030745459999151
182730,4875.837006856693
182745,665.031827788189
182746,20.295531215672433
182759,0.0
182767,0.0
182770,0.0
182774,0.0
182781,0.0
182782,1292.976531887042
182787,0.0
182788,0.0
182789,1.9011033421625108
182792,0.9120884575379614
182795,1.0369160950510352
182803,0.0
182828,152.5898275734365
182830,3.9819337040413654
182833,4349.719096716322
182847,2686.856777363748
182849,11755.229663494296
182854,457.40142282463245
182856,5.9747245483090685
182875,1027.290465040136
182884,69.39860039825518
182889,710.7785017130882
182897,55.52788175068283
182899,377.9628379988933
182921,364.57216724356203
182931,5.806284116170893
182933,1304.3822958315056
182940,94632.93325449659
182944,42164.18521613042
182947,9.8955124098544
182948,1.838418099866308
182977,301340.2698596413
182984,17604.260246661506
182985,16105.26129998501
182992,9602874.951628808
182997,96249.37207177324
182998,20.981591008246866
183008,8160.259043404069
183019,120.37616194619595
183020,23.37818323623155
183027,1841.2817375439718
183032,22833.893660106904
183038,874.2467235245045
183044,3035.1063248219225
183046,2.8246826772519222
183051,156278.8072536283
183056,60.743265928004696
183065,2135.418958710122
183082,4536.819933148069
183090,61.23265299844261
183095,101.88672999392446
183099,14.765460279060791
183108,681.5649700610556
183113,123.46904780321975
183114,97.56795246098686
183115,0.9604785682860593
183121,0.0
183126,0.0
183134,688.4289824476342
183146,0.0
183152,36872.281483989194
183156,2853.8397758168217
183195,0.0
183198,84.89228873916676
183217,14.923838228664358
183222,13126.486736934243
183235,260899.07331551966
183254,294.5076896975195
183266,3432.099250221636
183285,79.51590535077176
183297,1107.9090370481936
183308,3084.275473945874
183324,166.04287565564465
183326,49.7900289851305
183327,84.23129453535051
183329,23.081621794112394
183332,4375.585768147776
183338,2699332.2265689415
183340,3846.2673528557148
183344,126.57072942843571
183365,145.71886578201475
183381,382.9965766347517
183394,63640.62966560862
183403,4719.668380560936
183405,19015.352023692536
183411,1344.310434041363
183412,32742.55715239521
183414,5.901113550164618
183422,369978404.10587615
183428,6842.891244798819
183436,1092.8011753500634
183458,52128.25863836182
183463,1607.389087805936
183464,18.24334900340894
183466,42957.92685467222
183469,325.349719315818
183470,2.0425000589449467
183486,107600.68630364483
183493,1193.3039569536209
183495,156.50487280766413
183510,14.07431253084974
183511,7969.2258659990985
183512,13241.393480778941
183526,673.1472422378891
183527,2318.3421655271263
183530,15.781774358748255
183532,4090.797806763295
183536,2500.9629374613805
183539,1.0603347190691605
183557,1422.847976437956
183558,13354.667832351766
183563,809946.2520478928
183564,124.55719213209406
183575,844.4276619214487
183583,27.279475153557136
183594,33720.87040699532
183611,0.0
183616,0.0
183635,160.64124267333554
183642,22582.7580361622
183650,20.274080418995336
183657,0.0
183658,0.0
183667,525.6300098475334
183669,84.0973712689213
183670,62.0888590859659
183672,0.0
183674,3581.4127014597634
183700,53513.49711308377
183711,142.5245599226165
183715,339.58153423223575
183719,847.8304098769199
183727,21.373120121445066
183728,140.056469378862
183730,3635.768581081445
183749,69.14087449325775
183773,261.5392814419224
183789,52493.490489149226
183801,303.7599026627879
183804,13.76556657621293
183806,3427.3645158349814
183812,773967.2626718908
183814,4395.102894644306
183828,15.34769679062698
183834,120.03712725247652
183837,0.3284339267888067
183839,14.606461219406413
183840,14.32390177043931
183842,457.9060861903273
183846,7.567676333052715
183850,5961.833724312778
183853,155.8170224408237
183862,9.967207871311397
183863,155.48747096373882
183864,287.5708234186208
183874,76.69114877705134
183883,30.552816983422087
183892,305618.2584174569
183893,2208779.182883706
183912,7148.160649777296
183914,2627.0350102622683
183923,1995.4293184365406
183925,571632.3059386865
183930,190836.56660730136
183945,3184.7091387049513
183946,6.950326708844947
183955,93.74193661419126
183961,18.595259733614743
183969,0.0
183975,26.731998886087275
183979,0.0
183980,16.737306663342757
183993,31543.73230099562
184012,0.0
184021,4644.360015510434
184029,0.9901737522005786
184032,319.7944453108108
184041,212318.065078968
184050,939.0272202940101
184052,1.8954292802672899
184055,20987.003474358542
184058,5.134594491370692
184059,364193.7061242357
184062,28.26538067173194
184068,819.8645003478905
184086,8.87382283838324
184101,6.930246574425982
184105,387.734978680292
184106,258905.34756276273
184109,11.673685020327637
184112,3.816701156808336
184126,9195.088442384238
184127,9618.09910321236
184128,290908.8035403094
184130,88947.77258972921
184134,20611.811969882525
184136,5.375621125120413
184139,106760896.69376118
184140,6.914396421904239
184141,12334.152582608589
184146,20095.910878549912
184147,7.283268960875845
184160,54280.970926804934
184180,511.8959745172564
184182,1579.391365639153
184188,2778.3174303922788
184192,5416160.1495821895
184197,529.5437445651877
184207,1831.6912946673733
184215,8060.22438890046
184219,164.52909054244594
184225,2974.6788249678257
184226,222401.31649393355
184250,1714.6004375296836
184257,1792.974497391579
184258,8023.067275831452
184259,534.6123255311376
184265,468.6212038635403
184268,337.74293776771265
184270,342303.992536467
184279,15998.227315885826
184288,24328.489617223706
184297,265.8930851330803
184302,182.17228051913867
184305,4859.487578073114
184324,84120.1330946355
184331,0.0
184332,3149.077048500482
184336,0.0
184341,0.0
184342,0.0
184347,233957.6339651214
184356,23111.477159720544
184360,145.5299128291942
184370,878.4795805557454
184374,1156.8283219540938
184377,0.0
184384,35210.754290685036
184391,0.0
184397,910.4895248917979
184400,1038.2415077900844
184433,947.7225973712544
184438,11483.517222709612
184441,76.27740566118331
184448,17.55780562977652
184449,416158.40092566365
184453,806.3540575178853
184455,718800.0243249114
184456,781.4891846120138
184457,207867.95619542286
184463,2700.343197520881
184468,152.96725936271875
184476,449.3826423661459
184477,33180.09790320135
184495,491.1229461794701
184496,15448.627477786215
184501,13298.88583005571
184502,20101.649582091824
184504,38828.657958103984
184505,139.50229115403792
184507,244.05831090668954
184525,1154.0623212407804
184527,21536.27896893198
184545,834.419240775709
184546,3141.7522368699147
184550,148494.64220847815
184559,158.72266450286637
184585,13615.169651045411
184588,303749.36890883755
184598,168.03110933983814
184607,84.39624037713368
184611,305043.14887553797
184614,310.90304108931883
184616,17519.66422978846
184618,118.33973048206812
184625,8.590571405964052
184626,344875.1217221929
184644,2708.8111784327457
184666,306.08339059998616
184683,6240.527793457991
184687,9.531181972735434
184695,149.97876601013812
184708,481.71644662597527
184714,12.111711209074791
184723,8598.209009327553
184738,373446.72603998275
184744,3.1409035282167
184748,217.64553606682895
184749,1835.2607768555972
184760,145.59389272787516
184763,18947.448179907617
184786,5390.676626366358
184804,5706.029185358124
184812,260691.04940845122
184819,2842.7003150505384
184821,0.0
184829,1851.2675118911773
184844,0.0
184847,4842.054420912794
184849,7467.4499557002
184850,23.831031240009217
184870,5541.554487051828
184872,0.0
184876,9.153422520722724
184883,11.79387127856859
184888,491.8029243842508
184891,14351.511448406523
184892,7660.506343029414
184904,4478.070437965649
184915,5960.550220702364
184938,1960.1962429430273
184940,10581.787926592595
184943,160.40139607113687
184945,3769.7832288712966
184947,556.7017113674613
184950,115.55856849790699
184960,14.02781784248791
184970,83.66504084537975
184977,14.661100888666839
184993,649263.0932428001
184996,6281.085892375479
184997,5.52388670629668
185003,203.27866061685947
185004,1275.27646993248
185006,7.324071913737364
185019,4102.998055767191
185031,4398.22711815082
185048,3148.517238028203
185055,605040.2693473407
185062,399851.3547208897
185065,54.20003669663344
185067,239673.46763309083
185083,309.6504634217844
185085,1196.8067228325515
185088,10.224033249810734
185090,11343.789592663294
185109,13.921015571214035
185110,467365.7903839602
185113,1560.3256529032165
185118,26.356851568682888
185122,428.54238310127755
185123,19.419758654764024
185125,3.797278302525581
185133,414778.9827066678
185149,15.545434087218208
185168,141.33621374504244
185169,56860.19716255891
185188,3449.8574274350512
185191,31.35823936691453
185195,105.38723458464723
185199,2058.3813204384073
185222,122609.16409822674
185226,1174.6651947379135
185235,18.86483062650367
185242,106848.8537943485
185245,703818482.6622488
185266,39.58866630991891
185274,243.79610450701597
185281,811.0741936679474
185292,56.03470790707146
185304,69318.2376440099
185306,1435.9672514167812
185307,439.4976997298384
185317,193227.79375677524
185319,341.90364465577045
185320,1204.5706548230492
185323,8662.878533980062
185325,427373.2638929928
185332,447548.03361087345
185338,353593.6544824601
185343,18521.508788849267
185346,2880.9596177624508
185378,2508.4226605351896
185386,8498.001598672932
185388,2638.8228639547024
185396,415.4655110524103
185406,4.757746234891021
185413,1438.401389298943
185416,2466.2106596833014
185420,13910.371316392546
185428,0.9527276017760753
185437,5968.111765534089
185439,1076.3545725542263
185441,13.614262280460824
185452,4.970840757386979
185474,0.0
185482,41.788271381728315
185487,208761.24119841625
185496,2431.445032376268
185497,0.0
185504,0.0
185507,3167.834947883907
185511,0.0
185513,346.53446411429087
185523,0.0
185527,2.0405865528362157
185568,1.0319423213813956
185579,139649.26576495482
185580,67.32971041394856
185581,3044.946445813804
185594,140340.23103066362
185597,569.1019740445129
185603,472.4732913809167
185609,362781.32628208294
185617,129.22583999175765
185635,153009.467975937
185637,1851.3901109782894
185642,1054.0679424001717
185643,6274.477462852982
185662,162.33879385447176
185679,1.038834985762174
185684,230.17053178871876
185685,551.321197091711
185691,160.07327021160674
185694,1959.1298879521794
185696,268.24260420735584
185708,3008066.14083789
185711,56799.356446561265
185718,83075.42230357371
185720,3117.9834620634306
185725,150989.43735886697
185729,1.8065142597355672
185732,1200.0760184381106
185737,395.2205707044642
185746,127302.57546313382
185747,1092.0854940483675
185752,231.7302279129415
185754,4322012.283951673
185761,6733.94199659643
185778,5650.307354645282
185782,2374.37777810863
185785,3.7910099281402228
185791,82.07538352696558
185808,2962.9409845241016
185838,13422.679312364737
185841,690563.9879627438
185845,11059.76463020526
185848,3532.1351245478936
185855,9641.686409299033
185865,1223.1327926347528
185866,5488.372871354613
185867,4.028410733846874
185869,715309.484324254
185877,530.7887115188734
185891,63247.71959594829
185892,616.0289771740134
185903,443.17750772583264
185905,44.30456180677701
185908,3236.9025822654958
185911,1024.1982177448915
185923,4940.538897014201
185931,582.266619568593
185945,718.2179567162144
185951,0.0
185966,1561.9511136852302
185967,12.101144202775286
185970,31.168766007877366
185971,35092.43826062054
185972,28.32699956806024
185976,4000.510968906133
185985,235.23265456686363
185996,39733.848179742956
185997,933.5014060364451
185999,0.0
186011,1557.6288843774132
186021,0.0
186029,3278.851548687334
186038,22.654662652642816
186062,556.50129828362
186066,315.4159445896565
186082,458.4864640668579
186094,1332.9945949116268
186109,472.55040647454393
186125,479.4235306092967
186149,27820.00208243839
186151,81.31673462156212
186163,3752.757687522963
186165,8562.412286503779
186173,655.0168941047687
186180,22.778507327614317
186183,1136.8889802347226
186188,559.7120930522375
186190,12.198315052211477
186196,80023.343237048
186198,8043.4709577592075
186204,624117.7384140409
186208,1571.2231412288459
186210,8.928181865504767
186214,325.01604453525096
186218,891.2246788986597
186226,4704.29845426027
186230,4929.839639279762
186240,20873.59740212691
186251,125.90526713145015
186254,53725939.66303409
186269,2036.8132399145316
186276,19.971976001075287
186277,107933.23195518492
186280,153.81033092240656
186281,732.0766335764288
186295,7123.586341226921
186298,2405.8567621389134
186307,36438.65570234253
186312,154.74942688603713
186314,2074766.8037215786
186340,2370978.8662752975
186345,343.1131111101382
186346,5810.022810814849
186348,2223.6937808509474
186352,2261.557319689047
186379,6378.664011154105
186383,53569.997455422534
186384,2489.9590512029677
186387,1338.0410913285507
186395,1894.1881952056192
186402,3680.580946946803
186413,0.0
186418,0.0
186423,0.0
186428,1180331.6045118866
186430,3109.5321288064974
186440,66024.69283142268
186447,23616.253460883887
186450,3473.294949550637
186452,1465.7732409184812
186453,381.6203775082936
186467,0.0
186471,804.0459609712925
186487,0.0
186489,1072935.3433871143
186491,4125.519705358127
186501,1488.4927853149093
186503,1817.9241698425296
186511,1362.9101488873398
186512,1.0407702105273702
186528,1323.4417634172164
186535,1955.8612397598677
186574,105.81572052269684
186575,160.39041323676523
186583,3540.7060040295364
186594,1942.6542838354824
186600,15061.811532487263
186617,13.736364400716743
186625,1449.2303657649184
186633,224.60288316634177
186634,2738.094410711168
186641,138219.01247525134
186654,66.11690906249997
186663,2.0181147933173476
186685,3261.5839700523843
186694,18854.78141684791
186698,1.0134482698484077
186701,291965.2711721404
186704,295915507.047827
186709,665.9985133584091
186732,17517.094454829006
186742,274.33126103573727
186753,16.58103466265873
186755,123548.66337575234
186759,526.0226521173441
186761,2074.5169579234853
186765,1.9562953029297936
186770,3339.815730315879
186776,20.151309301861176
186777,27.99107394415058
186782,47.36396274223259
186786,573970.3028334739
186794,3198.0675105880105
186798,46256.9709208533
186800,1799.7639724124563
186801,4032.2816235253736
186814,617.478726397812
186818,713.5198393118798
186823,5127.314921477281
186832,4119.207040378442
186848,2324.142931162665
186867,45.23527334886284
186881,303.36471084986306
186882,54076.43823395377
186888,551336.8749817791
186896,3648.5390680085684
186897,86474.46529045353
186899,1513.7589063377272
186900,85.68919901760995
186901,1312.7103129306965
186902,50.0908008496609
186905,221714.39410642828
186908,86.07771018433398
186910,5009.0948214557075
186919,44.066469965837825
186920,0.0
186926,0.0
186944,11948.934666473608
186945,146086.46189299857
186975,0.0
186978,0.0
186981,0.0
186997,9732.52225791475
186999,133.01016339301884
187004,4088.373956109441
187005,547041.9294138023
187011,7.026491403943215
187015,100.31151617537446
187018,3752.250815486762
187029,1210.6857407698312
187041,54784.81680528475
187042,1152.285263345322
187046,2323.840646019883
187048,890.9050560507018
187057,781.2548220115739
187064,138.25614400980066
187077,482008.2192392175
187079,70.56450302301829
187089,6.711863077803164
187099,5970031.513046856
187107,88.3054104172079
187111,3058.794823575962
187114,50.53055391382309
187122,30.414041882112784
187130,1278.7648614240634
187149,98.60122267900411
187151,18478.864699816262
187156,5493268.623449305
187169,1329.8331672799022
187173,8.962974468212792
187178,68.94488636810911
187179,36852.273192641165
187192,13.800528022134264
187196,96.58386845018765
187198,1973.2629955287728
187205,15861.919086729247
187214,380540.0801933032
187215,246.5836179174484
187216,9001.7650859472
187218,9061913.372004269
187222,54710.564201217654
187229,802121.1224276394
187230,50.07452288282812
187233,659.6237475468188
187256,5036.68374142728
187258,31.983283179040946
187265,29.165430787818767
187268,29188.91222744681
187274,2097.088056341974
187278,108745.65988257658
187285,3092.0675717231215
187291,8225.288646981651
187298,22016.089655886713
187315,3516.309251782002
187316,103.9638529993782
187322,1253.2265581686702
187325,53.032974368482165
187327,16266.833621152058
187328,27.633270692008267
187336,139.62532564358224
187338,15571.54768107396
187346,184.30848739595487
187347,477.11965049226995
187351,648.3720890046491
187352,3891.746619392319
187362,8534.686401416055
187366,4171.7755274314795
187368,96636.01812717222
187369,1613.2230962912154
187379,3830.115390026028
187381,17524.506352621425
187382,6053.582892966236
187385,87139.8947412094
187396,1195.8537621704631
187399,1794.2407631546857
187401,286.3813072667545
187407,14.4747586870206
187415,0.0
187437,16270.162694305109
187448,29776.90821397967
187450,877.2257597095768
187463,0.0
187465,6653.200022355694
187466,4.126649767328829
187468,0.0
187477,968.6580699447668
187493,84193.24631746246
187510,10.334782443450523
187512,8874.412844751478
187513,9.758758899595302
187540,1.0007029771305647
187545,29.787011854496402
187549,21866.230156170295
187552,11521.795404612596
187556,8934.962321753217
187564,50.63653101174523
187567,888.5338703647735
187571,47786.2528462018
187572,23.599398566939982
187574,5.275808658516269
187587,688.4884227689794
187589,438257.5511043392
187591,365.35159026323174
187595,104701.14915612142
187596,541.6819172951822
187603,6.026222532259052
187604,573707.7532138703
187606,12018.718795248153
187613,4088.9954979183235
187614,8356.383384887029
187618,789183.344460249
187619,580.5323794042865
187625,1.9542131863125631
187627,4735.555426627856
187635,2530.0473567428216
187640,52177.62494603739
187644,319.58132001661124
187646,337623.7539776743
187651,233.8753012412424
187675,59263.481394311784
187676,79.10083081709145
187682,3.8612799083104656
187696,2304.65121607273
187697,231.98777284977152
187700,4876.154116550509
187715,9341.444513910563
187723,9848.855623630488
187724,13812.542137468607
187734,0.9787627628120014
187735,2142.0090738358836
187743,659.7613094153792
187749,754.221848852469
187754,3491.390668020114
187757,968.4033960990909
187766,13459.548335058307
187770,400.36328498271286
187774,12853.425184466041
187789,1498.4819041027085
187792,577.6406748368797
187795,531.3742316508391
187804,372.1022648444969
187806,76.74991470865561
187814,361.9765239597002
187818,35440.85338648999
187819,213.41879286233709
187829,7416.332028980317
187830,11882.387735483051
187868,49.281960973791165
187875,27137.781087727006
187877,392.2382751122404
187893,302.8967516137106
187901,22987.649020140296
187903,13704.331739858526
187907,539.2668026174094
187917,21149.32828362013
187922,72.47944894160753
187923,6.040706813652227
187928,175.77837570340324
187933,331.5610036461902
187960,0.0
187964,0.0
187965,6392.973497182516
187968,0.0
187972,51.83246056547638
187978,279258.46688891744
187979,13951.955142718472
187982,51784.68591766625
187988,1.0159902522769966
188006,16375.738012911337
188011,1634.1749148364706
188017,4.216391905167072
188019,588.6992036569175
188020,0.0
188032,210.75071551339815
188033,243465.7184858374
188040,3204.764854005624
188042,58277.032882956286
188046,10850.979492931963
188049,1574.757116509382
188064,1044.8859646616265
188066,1760.3284280013754
188072,29214.699249595855
188082,467.3960405780415
188086,150959.33969584046
188087,9500.902442364764
188089,1797.289669886588
188100,233.377660980422
188104,20.664032927984834
188113,117.9841229590378
188125,131501.01043256934
188132,303.72974992627945
188133,40412.473944699945
188137,9111.078227612747
188141,2388.315745144376
188144,1013.5542877176229
188151,721.43347599065
188154,638541.5081434792
188157,61405.93196188044
188169,26853.22304842621
188171,7487.256361333493
188175,106.90274503921444
188177,3290.993947583916
188183,43.023135021608894
188184,121867.05547765785
188186,804.7118344246451
188191,567.033668640699
188194,1169.8875719376827
188213,76924.14504833466
188214,188.6448831748536
188223,19187.789533256324
188236,1390.5564976903636
188237,31.58325427191466
188244,27265.97240404474
188253,1023.2007986718278
188257,138.01517337437792
188263,25.14023292061122
188265,74.82876442896817
188272,54.20233333297824
188293,894.3206778917039
188299,612.7421835169204
188306,4126.5917028816775
188311,48.19033594103108
188321,36634.88485185788
188337,56.563976614228444
188339,1960.5477992561555
188343,1771.4345131019782
188348,200.3971903867635
188350,127276.08967763692
188355,524211.1162700454
188356,106.45476213591861
188369,2857.8026410230727
188373,408.1262900033912
188379,1434.778080182012
188402,201.9036239792755
188403,99669.90608521334
188410,301958.92977205483
188412,156425.03186791492
188432,9967.16078356556
188436,4329.1474909408835
188446,192.73947456243155
188451,198443.33641028477
188459,118.01342941092028
188475,9568.90151619283
188478,2056.5166661187795
188507,26.8014827495987
188508,97.90983556980366
188533,24604.350848275197
188534,379.46864333314664
188536,136742.22582279873
188549,2183.1628173623176
188554,12232.699365036608
188569,19527.281260301224
188571,1243.320913332007
188577,0.9629489077509633
188580,101.57630525084195
188581,225.36188914694554
188583,933.5725351021297
188588,16.71892478539295
188591,15223.309308223787
188599,4519.965490053493
188600,67337.39620522904
188602,2107.7102117316454
188607,956.126093228829
188609,9419.204183306367
188614,881.8474042012973
188622,902.6339558518482
188628,67.17021443123802
188644,670.4763154084204
188653,1140.867454112058
188661,1608.3447753767439
188663,128.57252097552433
188664,177.39684422606055
188683,1525.7554276566668
188687,266715.24801226374
188688,6949.6401960079675
188689,396.6310871803068
188692,5610.25655048815
188697,872.0684036119303
188703,1319.4798410108554
188708,362645.7159363653
188711,91.41011538978404
188736,371.1622329560848
188740,8996.480131728591
188748,133928.7149492748
188753,12831.618667947349
188777,7411.455818317975
188778,161.68892397821617
188782,2373.0724225477948
188791,15.776646665068153
188811,347.01237994836276
188827,1559.3062817321706
188839,460045.1286839742
188844,2025.3621707445911
188849,176220.6034270479
188868,120.30506115780585
188877,104.79790568920663
188894,18.428448558310166
188895,26.689347800072074
188898,277.97399347851666
188900,3259.7530186206113
188929,290.33006164514427
188936,2198.2469809453073
188940,756.3162167419082
188945,1080.0412685130354
188954,1489.1234873863002
188975,23568.480651493832
188980,14835.160685142735
188996,1161.9477134998724
189001,149632.4437229834
189003,908.4897235676441
189007,422778.50346973556
189008,301.48121682168625
189022,24781.17884777881
189026,537.6875588259011
189030,13709.93709300775
189039,10780.04853771518
189042,713.7531273539971
189052,6.1241348052007165
189058,268.97025486713085
189074,6954.6713705860575
189078,2566.21289668285
189081,5.791376033045378
189083,189.24769975458221
189088,304535.27827082016
189094,0.9754643929514134
189103,270327.92665205867
189112,8644.923231037976
189123,447115.23202345736
189126,1288.5132167441532
189136,10811.745287446183
189143,12.049654725324274
189156,1205.2860218940762
189163,2617.8990685611006
189164,1921.1303587418295
189165,11840647.285364443
189175,9919.78729393055
189185,90977.59425054996
189196,28554.732124016413
189199,60.10245593647718
189220,139.07985142810827
189234,455.8491528765579
189238,102.54908650551867
189244,379.41043417039486
189245,30943.297627267202
189249,4018.3530578253594
189254,5.010289736581183
189256,955.3406077823821
189265,8314.728442500491
189279,761.1124577502665
189282,31883.131668442304
189292,6.916464331776368
189302,1939.4177742066029
189303,11873.562305159301
189306,236714.9545938809
189308,483.62265615406045
189315,379.3259574925139
189316,174.67069655169544
189320,7533.193784418688
189326,63058.43139857365
189331,1689.57098989492
189332,11553920.50854666
189334,485264.96520961606
189338,1641.182654212885
189351,97033.76816630695
189353,1058.3712855062975
189356,14847.563124081702
189366,491712.14221816295
189373,9834.377653070824
189388,33.23970670323521
189390,1173.0784119865095
189402,201.13089503908694
189414,188676.69582711716
189429,164905.14347967054
189430,239.46999634648088
189431,112.01866242704781
189463,109.46345987975448
189468,104.31250838034526
189471,179.78586424354882
189475,14992.785079164896
189479,4712.454093906698
189480,44911.402256394074
189489,14710.270190953246
189498,881.2858791320663
189504,41610.643062644805
189541,73.01369583329338
189542,434547.7724140925
189551,115096.11376885237
189554,137811.46632755117
189559,866.2380425593277
189564,7539.0623524747025
189575,10014.461600250264
189577,385.83931999877257
189580,30044.100896549644
189588,191.84285797571965
189598,65454.204874905736
189603,137948.76235997226
189611,657.47849670237
189620,8222.888684826297
189623,31666.244766111962
189628,7827.544103980346
189644,17661.722787863295
189649,84699.5126841863
189652,9.085248270995093
189656,2434.511289241442
189659,1903.3402264683018
189672,3591.636649131966
189685,34.899775578120526
189717,1.99826610346661
189753,157067.70868545125
189765,13563.747648046245
189770,2.1408750085841435
189776,0.0
189789,3753.5618777919194
189790,2384.58963549531
189794,6765.608893561031
189795,68713.3538537458
189802,203901.068336081
189803,308.52135259840475
189805,19143.817795420295
189810,261.2078547039221
189811,1117.9865566355925
189824,875.2716209435906
189829,1137.8061869276435
189830,829.2100197734372
189834,0.0
189835,3555.7235959016784
189840,19420.259495798124
189846,533.4870590240431
189847,3460.798488568023
189848,5494.70610018485
189851,19460.715282063506
189857,2392.044136274536
189860,275.7017583337334
189861,2090.702963883835
189864,7515.680100738192
189866,222.41976820828648
189875,8580.609641190196
189876,8920.605936497404
189886,258.27935725785295
189889,683.1386254659825
189890,364.71365982318434
189896,30126.731161813117
189901,15808.910629810527
189905,185341.88879046118
189908,5.623106414028719
189924,191.50727331238497
189930,245.4035515669909
189932,2375.977154622599
189936,16673.542705261145
189956,66.09852607357914
189965,24786.792013933387
189976,46992.43422175827
189977,468467.3503100695
189980,4226.246990441965
189982,924.2259075880474
189986,32087.17242186126
189989,17055.8863614763
189990,17854.902206224197
189996,42636.69824924016
190001,32007.75076466911
190013,142295.65832642541
190018,481.4979380576306
190026,6407.243995396981
190038,127142.08737313435
190043,75.17104943496652
190047,592.4315698176109
190052,15056.074939001652
190057,7.26777693620792
190070,30569.190983383087
190082,1376.2390874837495
190083,89.15560931562965
190096,41.584839434477104
190126,6855.583618475525
190128,44504.95668449866
190131,603.8403721406514
190134,58995.396244648546
190135,78.83821576161326
190142,55264.88969038967
190144,243.26800213280768
190148,5620.802390641902
190155,652.2362095652232
190161,63.54565916233122
190162,158.62432123484285
190173,1034.1431723210383
190175,8.256232245069334
190178,78.34184548236787
190181,28541.61414317422
190182,486778.9191929885
190184,33707.34112034998
190188,20364.257204198053
190195,84.15457069502469
190196,3.9068106826221016
190210,18393.365570587233
190212,142.52240126313103
190220,103.54538683307383
190226,101.29925127057922
190242,10259.668619257905
190251,32658.48954040002
190259,101.21202810296282
190278,22940.949873610127
190289,12254.123222771655
190295,25.89609308868237
190299,65865.60532513619
190302,4.2646367154058895
190306,2020889.2820608679
190318,305.65636653612705
190321,574.2645778662464
190336,26.06304689954807
190343,34.56303277350585
190346,6643.698212112722
190353,11745.809491934564
190377,5458.38213281267
190378,199.41226433792423
190386,83763.76125076515
190394,2000.030070196018
190397,2317074.903195966
190402,9454.778792774789
190404,662.8940782637351
190414,128635.74923892845
190418,8856.288940194714
190419,12.860138464448358
190429,119.7528087045047
190436,8414.556319365209
190439,1467.2897254363293
190440,0.0
190442,0.0
190448,1025.14206368996
190452,14.975708459290924
190461,7287.99334040899
190472,54068.3867802776
190483,3.8981526416926116
190486,47035.56410624865
190493,91017.5500737888
190498,25.25015781386434
190500,1919.3870148542333
190502,8547.940485577683
190506,0.0
190507,2.967233591103577
190508,334.8735052279399
190532,28069.010586447657
190535,6960.44497213436
190537,9811.416829648
190551,11.329985950192501
190558,0.9854322334782264
190560,1320.7556596824745
190567,20.72153117809037
190568,8688.123700382994
190575,42878.2040823407
190583,408.508410586113
190594,18.057865437092207
190601,79.332825729661
190605,12157.81293610075
190610,11961.8955751998
190614,52808.365482781715
190620,17453.428193008443
190626,2.2836795170703126
190627,772.668593849948
190632,144.30630589729157
190643,5.212060147281336
190652,15117.971220837022
190653,90.37997248776436
190660,37009.80286336428
190667,3847.169967707494
190684,203018.7348999742
190685,17896.518702292113
190712,25399.801649255496
190717,217.2235475317548
190721,11493.706391152062
190730,56096.71411476612
190740,104726.95648214858
190742,50.35688491258337
190748,1234.4196275162333
190751,21120.889976157447
190771,42644.341617264035
190774,18181.21148888502
190776,22685.328371116953
190777,20.382498189153587
190787,18757.66204646881
190790,43950.84065384544
190793,142.57596610434203
190800,1722.0670077455973
190808,267285.2933541265
190815,28001.527783922123
190817,50.11112639220072
190821,131949.11153621055
190836,15700.836508403143
190844,51.384379840466025
190847,169.18217378385867
190854,36.31177137616989
190857,3841.6837647325497
190858,10324.052446989039
190860,540.1342680193314
190861,32524.793238582806
190872,44.14927995898657
190875,1778.2199998670399
190878,11803.244573345044
190879,40030.70465210357
190884,39840.38366081065
190888,142.2554592997231
190904,5335.812781504553
190910,106.27330252942107
190919,109.36747055752606
190924,71.58933964359372
190925,18.111828465366443
190934,4975.777327890001
190939,3219.942863353375
190954,23022.534482228457
190955,13427.611470633716
190956,6492.988809649314
190957,22257.88038751042
190958,534326.6922181076
190964,6642.8509947285
190972,11662.135396659118
190978,7768.6719338478115
190980,440972.68275550386
190985,2459.171076888235
190991,22099.109857174302
191020,108.68220267907262
191023,188214.69551486074
191024,122.80879684213733
191034,6480.562152363768
191042,12.263415606355702
191046,813.0758966163955
191050,374.18391597524663
191056,293.94852172995076
191081,294.76905752370845
191085,17.220175816061197
191086,1122.4633436730414
191090,225352.15959705936
191116,986.9312710420903
191118,433.98464071646345
191120,7061.521370705389
191125,2430.765298806885
191128,176311.94963060258
191131,220.28420466383898
191135,21654.64138951551
191136,331037.5578578636
191140,52071.44680989153
191142,258.74844111112816
191144,180.59467763390697
191151,25437.251642366016
191153,13182.756692308774
191154,12750.852102582081
191156,7001.335397452407
191157,32419.8299891771
191176,586.5961268404027
191178,26.095673496298694
191187,9985.946235240057
191208,735.440655858978
191215,147.00846300989863
191216,52.49779103116703
191224,5552.8646391675275
191231,13248.536606935379
191246,29.27331714168518
191247,18260.27380105237
191258,5020.0679814199175
191272,8476.9814083006
191276,13796.88559745197
191281,4113.751263898027
191282,845.9327952847789
191291,788.0331247625979
191297,1092.4040620646028
191300,7976.045550998563
191301,3102.431728570415
191306,2431.1558224582086
191323,19230.918693136162
191325,2940.6421839635577
191327,11187.998634737525
191328,6141.826191976055
191329,2156.5746833687367
191336,707.2028592038241
191342,174.5688665370318
191361,927.4738044432215
191400,515.7202479159018
191405,658157.7000089178
191406,3.0004528132419277
191424,569255.1319610763
191430,4344.147093147562
191431,272.5860546199107
191440,279.69835830966025
191442,31.96073967882749
191473,219873.78241049562
191474,7387.227383533929
191480,2318.958579416048
191482,299.5492865055824
191485,19082.359913892942
191493,1.021019070815555
191501,19.355686944758148
191504,3443.724851544607
191506,3280.2752628819385
191507,1224.0108418905877
191511,5.295607694307945
191515,3.2268048547335306
191526,70.3459063399925
191529,195.8431251342368
191535,756.6060403623231
191542,3202.942287008529
191573,19054.87732271963
191574,3564.0636822758242
191577,3064.813371850535
191580,3091.553966839349
191587,4102.578213943761
191592,11989.592885748973
191594,32982.44358234688
191614,53.22407068084003
191625,126933.85461377601
191636,11.7820613169257
191648,9698.159353269652
191652,1286.8218092917818
191674,110.86549304987189
191682,234426.80994843654
191697,10.770363936727062
191703,1322.9425004173575
191705,6.773762488486588
191706,697.223872883622
191713,153.8141051388866
191719,9.309164925793404
191720,0.0
191724,11093.166981623206
191744,6022.183585201759
191745,5132.464510160141
191748,22026.892253540685
191749,7746.21321337179
191755,2921.707405861652
191756,784.9135918384294
191760,9506.194168874397
191762,364.6220533362779
191767,178.69127241618466
191774,565.8745480346541
191775,28.052160131772823
191777,11.318386984189186
191785,19606.781267836435
191787,528.4660171023522
191794,1124.6182963986723
191814,12.09227018814158
191821,6997.004076687669
191829,631.9805739168722
191832,2737.2704956200187
191833,144.29179723929724
191840,17831.381363292705
191846,4845.703895156973
191849,47700.05076222041
191852,66440.06981512162
191861,4308.288091665696
191872,432336.9260802998
191873,0.957191136243846
191876,4500.224203525663
191902,36537.09978326545
191914,415.73835361815173
191919,8452.935169421078
191930,4443.3296381792015
191941,10.455527588734432
191942,66311.0634057907
191952,3.9376878346799282
191958,5899.114320689964
191961,40665.977067496526
191977,98259.99867459408
191979,24.67121827371616
191980,6.4817634499760945
191982,2569.2135326167613
191984,1054.6898872443958
191991,4242.808516844148
192008,109.64312587479724
192011,718973.9630589962
192031,3797.5982077157187
192033,2476.158300841074
192037,80074.22675638144
192044,2126.05646618661
192045,1661.881420599135
192047,173.46408580151083
192051,1821.4760392784601
192056,186379.9036607067
192077,2186.5531198667272
192083,54.003438807959164
192106,1366.859633231192
192110,92.16714641050568
192122,14541.48916974253
192123,11265.967543918385
192134,3196.1604814220996
192152,79971.38299853087
192174,4427.352262780866
192177,49939.43299977974
192188,279.7983814911018
192200,2124.2959868037556
192203,1.9219637396247122
192217,14378.434651665702
192224,52800.43276108189
192230,116.25601459113146
192233,50.08595677665712
192237,4485.457570834694
192241,7181.271230151085
192244,31.324239756902596
192255,150.5349668200649
192257,456.35776416712304
192258,88457.46839217252
192262,346.6092857541946
192268,266.9921664166872
192275,3471.7252720345496
192278,54.95232958606212
192294,5251.8675159400555
192309,86.98303170599286
192343,6833.942721861185
192344,187.44051120969604
192361,141144.7487686886
192372,0.0
192373,26969.44749893181
192377,39.463379581865965
192401,1776.6592954985413
192403,6593.325748308173
192404,188.5441432784865
192406,9.808467306269964
192411,1359.4397383398357
192420,91186.37162956971
192444,8188.938897899684
192451,45160.86230370171
192453,844.5373385522279
192456,112656.5336358095
192457,138.5834458842798
192459,1240.385808961047
192462,331.0521236184481
192463,37793.36913677022
192465,123.0569008230872
192477,2507.1072262041657
192496,1932.1951033278851
192521,34070.538820422305
192522,30257.94590948602
192523,1062.8463712779158
192528,51403.81651299777
192529,3131.3925056334524
192546,44.003924328263025
192556,898.3148276285413
192566,87.12381248357424
192568,35439.333508110256
192570,42.54594462498159
192578,64.8267218869479
192593,781.9168907184542
192594,124.12014726759209
192598,4573.5645558865635
192607,2276.211060603501
192611,53568.44213878397
192632,1600.9585269819413
192633,0.9352217791459512
192634,0.9396509268467537
192641,110391.7825048884
192642,352.0452005060112
192643,263.37589164764563
192646,56.077858386096345
192650,4300.248220655275
192654,60116.615789951866
192657,1.9136925240810552
192669,5158.532829675727
192681,1847.3262011060094
192682,15657.145246142096
192685,5833.450812858298
192687,254.14194954623616
192698,134.51285510107118
192711,2.0411817666424583
192721,38251.64235353464
192725,31.378333380492013
192728,8683.057959606898
192736,37.40412692110918
192738,64.73991543522956
192742,13.458473545680357
192772,3.6407407738056397
192776,127395.42210612475
192779,626.8811192542831
192780,80231.19703815113
192782,92960.49252332232
192784,2148.6769429605347
192788,32258.957345358755
192789,627.6436096096903
192791,39836.492012190916
192795,94.13226551772857
192807,6472.2619111772
192809,26697.260752648774
192810,37350.37244350766
192821,304204.54242083506
192825,102832.60748155879
192826,4787.1190767592125
192827,19196.944307024456
192832,521.63217534966
192834,760.945799349546
192851,22749.29231807416
192873,190741.76864816688
192878,71.98356207929865
192890,235.86612882377227
192896,21.737921127995886
192899,542.3074500445706
192901,398.3745031246817
192906,412.9263644237279
192910,400.87768932332733
192914,62.76627688321665
192915,2809.876563520481
192918,22.591047113537396
192919,1567.8840707714933
192921,31622.943406364855
192924,118828.40573770419
192925,4759.355722368838
192926,87.48662956440509
192927,224251.54530536663
192931,787.5200201301657
192932,18669.244393757057
192940,115.01355783130593
192952,0.0
192954,11782.678916955367
192957,0.0
192965,37.32900972930819
192966,4964.600967888457
192969,15079.480133471543
192980,179.93724501952613
192987,567.8345876564581
193005,18489.583249455274
193007,49.856830771992456
193011,2713.333099389437
193017,8.67454967786113
193022,960.5487758847997
193034,24169.08696655942
193038,5472.284571011052
193043,65061.3648339382
193045,87.95674762763763
193051,332.0056725784653
193070,2102.0691219557334
193072,140.4147815284705
193073,3938.169848272227
193075,812.4451087498398
193087,1921.9032611547152
193093,43054.6014590382
193096,160340.98851751327
193114,182122.78733977285
193119,213.71342689609253
193128,13364.114138697323
193133,940.9006373483375
193134,16767.362316588195
193135,965.9296923528261
193142,12710.900637958035
193150,665.9811750696964
193159,203.83818896920792
193163,5085.932097113872
193169,52.33172445542069
193171,42.565383354292
193175,620.9079934623419
193180,100583.70158003287
193185,866.2145579288198
193191,46773.166479697735
193195,1496.5752515406123
193196,11480.652848906604
193198,72.53765370330956
193203,202.1923097672835
193204,1977.001052740119
193212,109.39731633010983
193215,529.317646650688
193230,24.30611733780259
193232,23.29380767887384
193244,14062.07063713733
193245,22.777686947480095
193248,346176.4681266779
193251,94.0042312536197
193257,47.29808383358395
193259,132571.86820918092
193266,58.17428288797532
193272,5428.904101484946
193277,9349.616404839657
193278,1222.7633340061138
193292,1332.3303648911315
193294,2258.22573144362
193310,192.52903352036566
193312,6243.477264542083
193320,16.347117510051735
193328,263196.46192435484
193330,4788.337950684062
193332,116.73342759295116
193340,507.2430900011377
193343,466.3732201894132
193346,238.79776225469698
193347,53007.415850034624
193355,42.87064725625452
193360,695.0004640255686
193363,43939.388088457
193369,3935.90922947119
193372,499.15029365516006
193374,8771.291743768417
193388,433.7337778188713
193395,629.8478751091066
193398,4062.018009487787
193407,3496.1010566401405
193412,87.64295328734812
193425,213.46754216228587
193427,547.5840058145048
193430,224.5236535149296
193434,28.470142236450663
193443,6755.36573228766
193453,223.83859151427973
193461,414.9744308323497
193468,503.4737012003937
193494,61337.347361308646
193503,244.54476927106407
193504,102.46834339213731
193509,80.21063266843237
193515,61054.605655310654
193528,135.96403469318648
193537,269.2524946287709
193542,7.443064453038725
193546,19.480746192863613
193561,130.75319722998333
193580,90.29097580342912
193584,38.50200241717578
193589,235.77047641026454
193591,798.9220158742717
193602,38.1520185832702
193604,350.35948121143616
193625,289.70789697513396
193630,65.24451384543764
193634,14.713084421767993
193658,1661.010041846942
193661,90577.86528778175
193664,16.021456001548824
193675,6.575505849789807
193685,31.0649266756625
193710,280.0584470327302
193715,106.02582944906781
193716,14.732436084480897
193717,333.8824542360994
193720,18.15077048841147
193725,41.8812069395208
193729,108.90384341047027
193735,70.53219770833067
193739,437.14035503648455
193747,177.29216814449364
193753,2667.640737138245
193757,1099.3098552439085
193764,84.62532124171607
193780,627.7004249950215
193784,3106.3248672721006
193785,233.8518033221641
193786,82650.31012102771
193787,481.46863228706786
193788,568.3819321622392
193793,275.180974477836
193796,544.2661657341599
193800,349.02763006033865
193801,1308.9257481335676
193805,648.5426518391811
193810,319.8339817472901
193825,90783.61931279638
193830,36.46847475688122
193835,54.88631377626002
193847,125.65773728708236
193848,187.31444754382926
193855,253.58467774801224
193859,123.70838931289703
193882,102.18664589822318
193888,92855.98166588972
193890,112.27979829683905
193893,50.71316581545487
193911,105.36353184245664
193912,18.895671333207762
193913,41.71968672159943
193915,32.61606503072087
193916,149.05673078635365
193918,270.3297250812154
193929,286.70393485582787
193934,44.38892776595136
193938,106.48404882561793
193939,225.10632596089232
193941,366.56511392119177
193942,16215.785014307661
193947,879.639504219255
193958,228.44975055100514
193959,156.762675071636
193963,16087.337287314367
193968,1053.666321149298
193972,124545.28414608783
193973,240.38791362329607
193988,1231.827647353283
193993,75862.663362611
193998,27.15973215881442
194005,8522.272107650293
194042,238.35267948761214
194048,177.61770339347717
194050,6.615481985691188
194056,134817.39861395335
194061,63.459832897097634
194072,61.52177240224309
194075,145075.52759413287
194092,21.748841796906273
194108,2883.673885556921
194109,482.6462516080004
194120,112.57201062635957
194124,459.81226884914867
194129,151659.87977183115
194153,185309.33036583377
194161,641.8881388785636
194166,37169.823203455824
194168,338.95134890741576
194180,42.01958164408859
194182,28.6322215002327
194189,182.18889174969942
194190,301.4053583440666
194192,2329.293034414345
194198,226.21005633775604
194209,23719.47947999098
194218,233627.47640242177
194223,104.912874090001
194224,42.871399897609734
194243,36.089718539714596
194247,185.93580432180474
194249,111.63050890672676
194251,24070.069598074006
194263,35.40014761353901
194267,497.41680062396773
194273,196.55467115559603
194274,373.0300223418682
194277,614.5768651733194
194280,313.9400232515407
194289,214.94648210991969
194293,18640.621671078312
194298,1104.1860165171001
194302,240291.92879211545
194322,328.9384279134434
194327,175.59244796364231
194340,835.2761092852695
194344,125640.81160325697
194350,33.40332108373676
194352,172.96961489504417
194355,41.198053712234284
194388,124.42108437675134
194398,53.89288893782791
194403,601.2998041408083
194408,37.626898569440534
194414,77.85708867975158
194420,57.3805908465569
194428,130.50510899888602
194432,23.006810484521043
194445,43.70481538579042
194454,222.0714681908425
194474,78.70018074361074
194481,54.25195339461549
194483,374.4893477852709
194487,32657.227931850703
194508,250443.57222023344
194511,925.8314037469378
194530,451.4809504088715
194532,187.12292513618968
194536,110.1443148617628
194539,239.14023709279567
194544,370.90136918101103
194545,277.55901719343797
194548,623.0548779255998
194555,47.857210616483854
194557,126.509821376305
194570,2458.933894770663
194573,253157.51090304944
194587,379.05662407683604
194589,1140.7689479104786
194593,199.28947042847304
194609,69.45457368609395
194616,159.5945712444431
194622,159.75366196057715
194625,29.76411085628529
194628,167.64969834715703
194631,544.5194790032529
194633,836.7192990878848
194648,3968.5676895933916
194652,1006.4403604294153
194664,203.4704611822024
194667,43.746080140720586
194668,84.29955820162598
194674,1722.1373148939501
194679,348.28763320849174
194680,148.25665947336748
194691,96.96171385369523
194694,318.1285428858337
194699,77981.25217921291
194741,100.36475980543895
194744,212.3000557110812
194761,432.3563144393142
194763,593640.9843290971
194764,349.84105031236
194772,49.80941026012751
194781,446.2927406348365
194786,351.796332567361
194788,189.95265078452408
194792,2.9943726678227836
194793,1236.130189560911
194803,0.9945276938764985
194814,4062.0426562256093
194817,200.54742663287817
194819,11670.431490748646
194821,43.121960731351265
194824,102.28938717685169
194832,149431.74601406197
194840,394.1290901753976
194845,1.0638292739175672
194852,426953.33856200665
194853,497810.4056382411
194858,5.1332603504351475
194868,11943.11560767784
194895,608.9619706850766
194898,33.914042292527355
194906,529.3843834426839
194913,73.05964129813111
194918,623.9250440005214
194924,233.44830725013102
194926,749066.9961819077
194927,10426.90746576013
194940,118514.14384762543
194962,65.1924930342118
194986,89544.83023746053
194987,2.9594212312149293
194993,160.52153253432155
195011,721.9879177244328
195016,28.67811609229771
195029,19.629139655734498
195039,799.079345177491
195045,462494.49539531994
195051,161843.9357185504
195052,56.229952831371556
195070,1633.2948383200646
195083,292.450963868376
195093,184.03365365023143
195095,2786.4658480087196
195107,143.92416772378277
195109,2.8787295085104443
195111,987.035640284888
195115,487.9057448547459
195121,232.1551637706892
195123,1033.4239912782593
195129,554.980238120054
195141,346.8907586575958
195160,187.82708496795422
195164,1175.134923469356
195175,12104.386615456227
195179,34.85315933751686
195184,197.9975873593189
195216,456.06375747100026
195217,1257.266650377304
195223,1.010129774685929
195232,2641.7900223403412
195234,4754.272733775772
195236,429.427197457378
195243,5993.780123365352
195254,74228.72343469437
195255,1980.171705603339
195256,1343.3620306082203
195260,664149.0399758422
195262,3249.3253839766203
195276,276.87637427346704
195281,35772.56092746559
195284,55.625645075799255
195287,189754.77503633028
195290,15483.027876210434
195292,1166.269808702402
195299,10.15084736741944
195313,281634.4358629879
195314,1609.8069087134372
195318,5.470645068819225
195321,157.47013149944195
195330,23.86291085734336
195335,1228.87642007958
195340,0.9345284332562624
195343,42.202684107736175
195351,22675.31484767811
195361,10.061327903494616
195365,62273.076776025286
195374,19742.799942209047
195380,32.832790123377094
195381,183402.67777754372
195392,444069.0453031533
195394,447.1145736217208
195398,1.920882288203153
195401,68.66990618102737
195402,378.89416560802925
195403,133.11649866462824
195412,1.8656526861858729
195413,580286.1243900022
195414,29688.188814497033
195440,42864.652795304886
195442,317.1882614287065
195443,2063.030795223552
195444,1247.0107089096023
195447,29804.869246610448
195452,958.4755685040708
195453,231.96107037745793
195454,9.75907343183384
195476,977.0872161757303
195484,551.5273251966656
195488,164953.9330618117
195489,499.451222969755
195500,228.1189437868018
195510,819964.3392984344
195523,35753.592628396924
195528,3755.9550604250826
195539,10.383314008074825
195547,83.76532638281788
195549,194301.91244001573
195553,106.62197872223689
195565,205.1869730083117
195571,2382.001831860021
195574,7912.738947706549
195590,31.030012840479053
195592,1103.57091898096
195596,2.986915581138951
195598,618.3101209433214
195601,87.0558676123766
195609,43985.50552724777
195611,212871.29089176594
195621,706.2650966314707
195626,29.267613303166705
195627,772676.7137998701
195628,45.70291217191903
195645,1481.1008835047865
195646,203.58014909131947
195652,61.188417134322194
195658,68.28357244544837
195670,14.413345737736229
195677,358536.63332398486
195686,562857.6006569215
195697,27230.08691198982
195698,1.9586750278423382
195709,774.3678083577917
195715,683.4544751207111
195723,30964.782453261123
195725,387.2826578809934
195735,2.8820754886978928
195739,6703.858193930522
195744,902.4949789664743
195745,4555.1157271081565
195746,369586.2509110694
195762,32758.280982926688
195763,2834.3514519553287
195766,2394.8584264075294
195768,3.9188930500561945
195775,33370.1795430126
195784,15.810352161145723
195787,31650.623294048735
195793,1813.1133211942592
195804,9.243711092979856
195807,159.75013752946657
195810,471.36193844713705
195830,2.126098527750766
195833,391150.28504171444
195844,103.35656292584014
195845,297.31359379503033
195852,4703.781832508022
195855,4.094070861995421
195864,7048.22168592097
195865,115.71076937018165
195866,288248.4738410293
195868,149.79585121669794
195873,478.2573282147943
195878,377795.7272018568
195885,1518.9939616509032
195905,1953.9518045506165
195917,381.4185941727503
195918,7309.403560564021
195928,5.149771351344842
195929,4.019546467802806
195942,5818.317910286615
195946,8.895434419828153
195950,812.7009797617384
195956,5.781199726432436
195957,5555.949036602539
195972,195.75075191597566
195979,512.5440303602156
195981,4164.457432965834
195989,200275.90901193675
195996,6657.368459337476
195998,63.205072387191116
196008,917.5823454318626
196009,249.05623075082187
196015,10464.471463118656
196022,10.633847823648752
196023,2110.1741381488887
196043,165.75084038423404
196045,4141.102086083239
196049,535394.4014393404
196050,3990.1888061624422
196052,18395.888966804985
196053,24737.504735846134
196056,6803.030397998469
196058,9.709391583651623
196062,46752.47035993253
196069,395.5719490715028
196074,210635.92775194853
196080,2540.6729428172707
196096,130.80741840510888
196097,13387.53681030216
196107,875.182220406902
196128,10468.281026098768
196131,159814.6043589281
196136,1353.918109672857
196137,1804.4965825754487
196159,205508.27151727103
196162,228.75430226771104
196173,3.9666147388870066
196177,4859.315726171371
196180,5874.677094463205
196190,37.213637085670385
196193,352.1237905450085
196200,1683.8409339750372
196201,0.9865626720396885
196225,2228.0772857142247
196230,489.33573776540453
196235,534613.1420048624
196238,115.17189609303911
196242,0.9480025811920095
196244,2.9810096357862768
196246,67.38363869574724
196247,2121.5897819806905
196249,0.10051054883393773
196252,312.6948913134735
196262,18.964247466228993
196264,663.8914274644417
196271,1854.556468757178
196277,2344.615144501586
196278,1787.88294807365
196307,3349.1793129933667
196309,17.403958154551493
196312,295211.0364197328
196315,96.25320262277012
196317,1856.1932367230854
196319,287.5744632205829
196320,6091.551220205817
196332,828.2901102273065
196333,707.6635117155508
196340,67034.4821173664
196345,66.72903251826922
196346,16.549958363778053
196351,127.0611066007191
196356,481416.4984491446
196371,11.905505693188909
196372,1065.53847205914
196374,872.9752483709489
196380,92.89692281713953
196381,1127.2500180821646
196404,294173.5652484353
196407,116.39104890624237
196409,2651.530494938165
196432,60.79616700460329
196436,86.92319904266216
196441,4935.652850422758
196442,42691.78072567525
196452,3.0515600242266805
196462,235.97261170949156
196464,18.885207502443144
196467,5114.748298225645
196477,3957.230267761098
196484,1.059884488580263
196487,584630.5500663439
196511,1.029918273302232
196520,552.1432336785348
196529,895.0732250274963
196531,2581.475877727074
196533,26.68742314113615
196540,824819.621800039
196542,46.10091303854995
196555,480.3925945073738
196561,53.41241255856658
196563,18.73542568486638
196566,4.166134107569405
196573,81.78106839666027
196574,581.0492714292642
196580,1042.7719675023488
196593,786.1429243867736
196594,272.8505194374817
196602,282.73795843922176
196608,2589.900010117588
196613,836.234483149905
196620,526.4560432133766
196622,246820.29316466078
196628,5161.050933334342
196655,42.897591818312186
196657,3995.462511053807
196694,11.669105414886502
196714,1512.1165594247184
196715,3.291154542185157
196719,6345.4660120481085
196721,1974.4611461181712
196727,396.40087569674944
196728,13.269143734279867
196731,72.34868022819516
196744,66117.26424886781
196745,1153.642241826397
196746,23.74903762178467
196748,146.46612276200838
196762,68.52913142409103
196763,800.4675872828126
196777,490.3425211993376
196784,291.17193316710234
196785,232.8639157674753
196788,293.3534256234056
196795,12.649501185706185
196798,4831847.975040515
196803,7889.764186871821
196825,1422.950607969814
196826,255.65780375020293
196832,2087.2601911328065
196844,0.9798359700527324
196848,122.4050242311416
196850,403.5617601611042
196862,56773.27216457285
196870,1968.029443703313
196875,69841.82765039333
196880,1994.147926221833
196886,122.01776364597895
196894,0.9963439264846745
196904,2414.0158751676613
196909,1.7875618033605627
196911,2483.03242345171
196929,55.758090111603146
196957,4291347.441422147
196971,79.83325034778049
196978,2569.945615221619
196988,925.3542321343494
196997,4576456.308557406
196999,2811.719795938762
197018,2.940141599266104
197028,305330.4365533714
197033,87.89610043176151
197037,1.9394340320321612
197044,176.11565250809642
197046,62038.17929493576
197053,54.45274138782119
197054,3.852280147816658
197087,309684.40793639875
197102,54.21491413222395
197103,1.0403238121094218
197105,31.39493122824773
197107,138.54736309165222
197111,586.260917402769
197123,3.0876684645766925
197126,9392.419072264865
197128,4638.746612707417
197137,12026.270585698105
197147,8789.867309120309
197155,763.2724514786296
197156,222.81926569959424
197159,5.810935332869169
197161,18.244007267939246
197191,4.098261886326295
197200,4152.477842592991
197223,5680.329506982914
197225,412.8868223052758
197238,11582.226364000435
197248,567.4352931104399
197255,123.43246046590619
197269,15059.68192095956
197271,105.75689762000013
197278,203.21707091085432
197285,6118.440486401288
197288,66291.37800940048
197289,16310.713813753713
197293,42.84831128699753
197297,873.7587347696305
197300,15888.568325023618
197303,47732.40148090849
197310,65.55853836260033
197316,3738.2906572006063
197323,3194.0612454660773
197331,8.273175205478054
197334,1426.503469022716
197353,104609.39245358438
197358,1515.4803267947702
197359,7030.163401075402
197361,14249.868993088687
197387,873.4612650650881
197390,16544.882083028613
197391,10087.501098327626
197393,85.8535591845415
197398,370451.7166693263
197402,33.72567105915768
197403,775.5592969726498
197408,36.11537099935169
197412,97845.5768870617
197416,1057.9771043018475
197421,8301.409973175709
197426,143698.53888218183
197451,9.299821486442125
197455,119820.9072563317
197457,4.695982966849926
197460,1535.855560635538
197461,41.675503445199915
197466,259.266037804899
197488,323.2235951188418
197526,1220.8150658959585
197527,20137.731448236464
197530,26.642863311907366
197531,59104.52383251911
197532,1128.7698700219494
197536,17283.115150168953
197537,3817.891405363689
197543,401743.5967642991
197544,164.15405157579033
197556,39.78445302169098
197558,32.00396203085403
197560,495.2941365742546
197562,3721.7398747623815
197574,280.76080226508617
197582,9.635151787889374
197603,88938.92668591195
197604,1320407.37682795
197607,29.753612957104483
197608,15.602472891105302
197611,22.934962803985478
197613,17.805996174792252
197622,1116.7270580947306
197627,293.8865030263507
197629,123345.78381310083
197638,10070.681833552759
197643,61.8844890991489
197645,5031.348151064537
197664,12286.874934576268
197667,15.709984482812477
197668,73.04643447607242
197670,65.06474791105865
197684,130.75997965093367
197695,5742.697827654102
197697,587.3668442533537
197706,71.8756531064789
197707,32.73312032369807
197714,3.0588535744754237
197743,36.079752514933986
197749,10781.968782122747
197750,16.69179097426033
197757,93215.25568422068
197762,140.06617338277235
197766,195428.30474765797
197772,3096.5555439058744
197777,464919.0328181325
197781,96.07223641556531
197784,1012.1405236816839
197794,7092.157680619948
197802,41.82451887992449
197822,848.3423372791485
197826,19.87183339230024
197827,78.76155309903153
197848,393942.25821166724
197868,102.89591210083661
197869,3253.208923906592
197904,18.370229469110818
197910,6.072974898971982
197921,139.60780793781012
197940,40.386591254282365
197946,13.295556497336033
197949,864438.1262239646
197950,143.66022446319755
197956,9611.026410592684
197969,28.898668039256812
197973,91.89734232400463
197976,461784.17218700977
197977,10.593773406702818
197979,5.978054477914809
197983,7068.598961316688
197991,9272.004437500427
198011,13.602311357336129
198013,9.747376133974896
198015,1039663.5394500898
198017,163.9479871533079
198020,167.31738247383785
198042,13192.523332531691
198044,12.496266306150542
198054,0.9676237491731855
198066,8795.056806501916
198070,141.7152576988807
198071,14.834666980288535
198088,171.02762963262967
198090,814.6164088811108
198092,62465.56247872225
198097,571.1735948061522
198099,10550.604581485562
198103,1213.1762288660916
198104,28.594881374548695
198108,104.59499540491733
198109,875.0470983057473
198111,273.01457429329207
198113,1321.734255508919
198134,169.82785446164013
198141,1598.81171893976
198144,54.3775391076484
198146,1096.1306286493152
198153,575.0083339141653
198154,96.94112517389401
198156,1108.1659177590993
198163,4102295.578847915
198174,143.05789314498878
198187,157.72741847535136
198190,1.8850805388539125
198202,82.45765477913154
198208,22.49201739130068
198214,1.0111840305129756
198219,14.798553876607713
198231,4401075.443786218
198237,6.3445031275035655
198240,74.55259455496886
198241,405.180706686025
198285,15.735186844951915
198286,114.54839550220447
198290,4825387.02400313
198294,78.41007029152064
198303,1672.5680377919266
198305,28.67500233298145
198308,24.69245346032402
198314,43.46025968274694
198318,1695.9393787931167
198322,38.054090082725295
198325,32.61726273067848
198326,60.87994076361552
198330,11513716.282393206
198331,106.9955614832523
198334,1.0820913094882512
198342,62.47231388649238
198352,10127.278090002863
198360,244.46545367573972
198363,212042.5811271056
198366,86.58087718732017
198377,59.460675339421556
198383,42.924261742695485
198395,285.24924831892
198404,221022.88707863257
198422,2236.3664615683824
198439,109.75350405663438
198459,6013992.755343652
198473,3019.3621388629936
198475,0.9751002068523441
198476,1738.4852389352643
198477,415.4630019838935
198482,4141.949216967714
198486,32.88571991363714
198511,10.120239368321498
198513,52.00048333247196
198546,497.87333378917214
198555,7173.686612424789
198561,3109.0672564343604
198562,1037.4509059133861
198564,2383.1074284534016
198572,285.9486240131504
198577,32213.03861705053
198580,6659.042090717567
198585,900041.339720083
198588,332.7704274497401
198591,111535.42301311738
198600,1653.4385906306306
198607,390366.04669388244
198608,50742.553749635066
198618,319.8681610265386
198619,0.9944708245786836
198628,1840.615991660376
198632,17.63001701157048
198639,2876.5159642724275
198641,1115.3132176076817
198663,892573.2881696782
198664,275.0988927800688
198673,988778.0625587654
198678,49534.94505217018
198684,146.94037680616384
198690,88.69887934223527
198692,301947.88908657746
198697,581.7317661149922
198708,6871.1146072663905
198713,1662.7712857845954
198722,2042955.1867150276
198723,1540.7199549153463
198724,1362.4787699598796
198728,489.1669609654437
198731,1179.1040737515307
198741,327.0769727722661
198749,80.24870646409802
198759,624.8417664565527
198760,1461.892030100951
198762,168.09664316136525
198780,960.3954423038654
198788,1077551.808478779
198789,710.9760762408254
198792,103.16856106084973
198816,337568.24766233226
198820,987819.3437247532
198822,475.4876789008504
198826,162.2144688991121
198827,37.071529545507914
198830,1058.5274838338041
198831,1477.724828970223
198837,2175.70250597371
198848,0.950434589687293
198850,234.24123624420028
198864,446514.472950936
198871,141.1155857766936
198876,94206.94239560794
198895,310.36094054887076
198897,5362.167371199441
198913,74.93587075530237
198914,1386705.6582423474
198915,1118.1317637230416
198924,1274.8618523980253
198925,1821.9119974296061
198928,297.91590167298415
198936,2276.0447624485973
198943,94768.9922252019
198945,61.886901675092325
198952,108.85171231875563
198956,1522.1711991080438
198962,202.3304093182271
198966,52.51248785351581
198975,1322.4992995319315
198981,49.681617900086266
198986,368.6257609286587
198990,72.20007273555535
198997,190.5963713747707
199002,9786.788563119793
199006,1784.9815828836988
199007,115.42257089434102
199010,25.805650403705542
199021,2680.4850536841554
199028,101064.66488534861
199045,1001.0608722127041
199049,214.5511866393391
199052,8650.73029891463
199064,43.12952195239406
199068,3.2912214391669496
199069,260.1306382263043
199090,260.6381466591431
199092,11195.963239675557
199097,3018.238988909914
199111,11.274016280764325
199115,552.0375906953456
199118,911.7075842301754
199135,1.9560062057010126
199137,3773.381559618239
199138,484.3369645602927
199140,4706.4052439530615
199156,17621.434718855195
199164,758.1134953954723
199179,3462.7691679668897
199191,850.2461323580444
199200,15.830270340625392
199203,22572.33203471579
199205,83.23173311675193
199212,322603.8640247084
199232,2825.523935968191
199233,1915.3838618470459
199235,7170.843281258786
199248,4122.341694737375
199263,1251.1451043568518
199277,3681.9773905453185
199279,217.79693452411766
199284,238408.01454215473
199291,326.9577080647472
199293,1727.120419383911
199296,2708.288748787226
199314,0.9706142068428154
199315,4219.066932756674
199319,2920.2471404981784
199332,5.7854459422583036
199338,1858.8416394509736
199348,20126.410019941683
199350,3489.748985405352
199351,248597.83854573042
199353,428357.4417673458
199369,42.88915024980285
199381,775.8198117871196
199394,250779.33436124184
199403,19647.028178955763
199411,3284.851756767525
199413,30.81240174092495
199419,18.689598707274175
199423,6.664256428675371
199424,300883.05616669595
199441,52.17090322613691
199442,41.93129397698946
199453,231228.55028904046
199470,39.879404771929664
199472,5.162533199718798
199501,138.64029767387623
199504,2994.6392496878666
199505,816.2135602429329
199513,6203.32459156385
199521,145937.4792788074
199532,6024.053945045759
199533,1834.3879525794084
199534,52696.38710208075
199536,54.88243126608802
199537,14.644909651785838
199543,0.988773257250095
199544,0.9821346175131623
199552,91.91287272757108
199553,20925.79201496416
199559,38405.9957209417
199564,94.75757198276303
199575,107.8808077581418
199580,4.9274507424694844
199585,26.97268666046701
199592,441.2411842683281
199602,695.1674147208985
199605,1970915.1905658338
199606,2.0299568296961823
199611,188777.37508276012
199612,2.8933262115644185
199614,520.2990108312605
199632,18.579846976011012
199633,5239.64795846781
199649,201729.90774109412
199661,342.01017593178875
199666,5231.1689152162035
199672,227859.3298127057
199695,6.5447542856518375
199700,45.26692230168759
199704,514.719830154557
199715,2223.6524659384154
199720,39.42524811804934
199726,42.24222868837827
199734,4.1281044821384665
199742,14.175926581022962
199757,285.83762072549365
199759,23498.4964103614
199760,701.2395021490481
199761,2067.1423124506073
199765,328.0317807692319
199768,19.281223357513326
199770,20.303619989376408
199777,3.0674692887543324
199779,884.7621187822116
199784,718.1536309239435
199792,18.828580666221423
199802,125.72495753769653
199804,381.7083345727715
199805,30.498828794127345
199807,526.6950274424089
199808,6.138125114720538
199809,145.0279564175533
199811,1231.19677313032
199821,29.31465697421964
199842,1510.0427093692792
199856,5.037984433215465
199857,114.2631389220636
199860,1862.4362528103375
199866,49.18695356752429
199869,6.754126315585654
199884,23445.767400695127
199889,186267.42858558812
199894,25275.3542084231
199896,947.2191530358182
199897,19097.699889037343
199904,232.4647424254315
199911,25938.894203159398
199917,1615.3857867299632
199920,1818.498385130539
199929,1008.0022563299232
199938,256375.4260009191
199946,1272.6154180595056
199950,1.9306050200454274
199957,3534.1283053016223
199965,4086.4523189904257
199966,20491.964344766842
199967,5.043727285435513
199972,657.5454749479752
199975,603.5268951741068
199976,67028.46483727985
199978,104.4927906584793
200000,104.87846147111424
200011,31457.73809806845
200026,29598.10735399698
200034,3481.3890747217197
200040,229.89810733261166
200048,31.166935051312983
200052,1055.741557775068
200061,180.03816890077866
200067,10.73532468940781
200096,1052.115632514835
200099,197289.7461653729
200103,21.953257949464856
200108,1779.097228384548
200110,20050.270777182584
200111,27.42009509092959
200112,1696.5993112133392
200117,168.61211355390367
200125,933.198927490296
200128,5.343572914033173
200138,20.11632836621912
200161,134.45177334491382
200163,2106.3343241388307
200179,3.9387142351508873
200181,75184.08147210832
200196,6.043726393180472
200211,17281.494519505413
200235,1944.4673469752374
200250,461.55426792409503
200263,1747.3765311186562
200266,106263.46112772355
200276,0.9968371530578575
200291,533.6749593819161
200293,2668.4062681139385
200297,880.4298999875016
200303,367838.06002135866
200320,27911.4557728314
200324,11.657210113236737
200326,692.5047558928544
200329,4679.382638932325
200339,215.56800670394276
200340,1053.4655857932507
200347,3034.1624349688964
200355,14540.891686924604
200368,827.4016452114423
200377,613017.2605238787
200381,10.572826532474503
200389,31.58565048259269
200394,1062.658555797716
200397,1175.2048920395216
200398,4495.332067745603
200403,380.7452268877988
200410,8268.41099027259
200417,370217.041714367
200421,6372.714252318177
200422,1188.6730976858425
200423,629.8925758321726
200426,8.498596438206706
200428,747.9698970344393
200432,3206.808289656917
200448,1302.001522459522
200460,20.786938004629853
200464,3735.9328973822576
200469,286563.81846290827
200481,511.41306767859953
200483,8.83334186041822
200484,1990.8486672307488
200486,1727.309207673818
200492,1510.6403892795595
200493,383969.67363743094
200494,362710.0299225101
200495,752631.0045345502
200497,26.392098075500275
200505,42.83679047835589
200508,3253.4006628716775
200520,1298.0192823176828
200521,266701.8261967384
200525,5411.16419200344
200529,3946.5974737476145
200533,26.575558895848957
200536,781.2635453288572
200543,8.749462109559865
200551,0.989400310240021
200562,825255.2641010884
200565,10.824594601125632
200578,1791.8590031150686
200579,5259.264668949754
200588,13089.546099267322
200594,894.0632269378419
200601,485.2335696932002
200602,3778.6116282456765
200603,3679.1348522594635
200604,7414.174067348735
200607,351.5217878563755
200621,500453.08270917996
200623,3483.8195150994143
200638,235.6299116282934
200640,2342.9747906315565
200641,3597.813507624495
200653,1346.0056645803245
200658,3144.1765839581326
200671,3038.2644443497447
200672,293.0417907783907
200680,167724.01147080853
200687,760.1408606910196
200702,360.6330252514023
200712,122.35936597112551
200714,515493.171767958
200724,17.694881683912605
200726,4060.8904833796964
200733,141.4289157399067
200742,43.708169144057365
200754,3151.6428679871938
200762,255.27084782956842
200769,1997.2967268766424
200779,5.28897793127131
200780,11.65057087271451
200790,564032.3370447258
200805,176.1012643807496
200811,2685.732863450353
200812,428.7407983151203
200820,0.950170015635746
200826,4644.227842893253
200834,1455.7936242075418
200846,261.0588967519303
200847,736.5410306180847
200848,712.213905058718
200851,3.165086012893632
200855,502839.1565522272
200859,661116.7355129169
200862,66.7025694664135
200863,336.940819905914
200867,212.425539904878
200873,28.07803187223421
200887,5.149184242531733
200894,848988.4922566508
200902,632.1930670868416
200903,452122.25737634365
200905,10.406751663189757
200911,5310.0673405983425
200949,425.55428019335636
200959,1.0013688421742681
200968,224.97409494769553
200976,560.4195347529014
200985,484307.70702441054
200988,4208079.72789161
200999,298.6750564583032
201003,1.8928614980522929
201009,6.5338724380307225
201028,182.79529703685364
201029,8280.786699606559
201042,13460.181661734685
201047,0.9348241996836572
201050,15.926993484118068
201067,4897018.006346253
201069,32.72083113634968
201072,694.4043057740121
201111,5670.241281092852
201112,7441.367690663023
201126,676.3684126302965
201127,5.687659935014606
201143,170.4974325782563
201147,2.8037294804774726
201151,1.0305656273674393
201154,4570087.208705133
201162,4125.153736906461
201173,7.223931696114754
201180,423.04253269619727
201186,120.3359258075877
201188,1168.4962387460412
201196,144.5415259507008
201206,12.633719086891396
201207,63.46892894531109
201209,0.9895423294684387
201214,3823309.607706355
201246,10.061909434203828
201247,5404.474405622357
201274,615.6541216230507
201282,636041.859210318
201287,129.5116364037799
201304,882.0038556639948
201317,35.79445761537422
201318,9489.646131498359
201333,6.983539648331983
201339,95.0668690806244
201346,15.60457748558117
201369,749.8567490379189
201371,3262.9378012059674
201378,2413.440424573665
201379,2308.8998618569985
201390,10130.67298983687
201399,1384770.4487200046
201404,164049.04216507092
201407,49.489359953525565
201416,110.81054736571191
201417,38.15448640939166
201421,59375.16672341515
201422,1268155.040694964
201432,362.924101896404
201434,6.371471042444798
201456,8.235944727420609
201459,30.151075889934386
201473,240398.2193442657
201474,46.33504965887967
201475,34.770141818531
201487,1789452.132118637
201489,31.136249644791526
201516,2.3371715835937272
201524,385.7472153814043
201534,30.451048225769366
201535,1813.2805386618497
201546,6.402497933451941
201560,94.55724840325188
201569,88.47783250965544
201576,6.03651870717455
201578,18.131030278995226
201579,1432.7623911007133
201590,2113484.1216812283
201607,4.852424100674392
201612,11.670821331206906
201621,5554.221932367425
201645,96.58612125622987
201647,25.771498004112313
201648,150.83173406883745
201657,4387.063144510032
201660,241.48317241299594
201661,25.47425466824045
201666,28.49492901263933
201673,523.8917144199089
201679,3.665246461060123
201693,63.88839411806446
201699,31.840662635262433
201701,179.80960134818272
201717,55.08145239754766
201721,30.471879292569945
201728,184.2580586384158
201734,16.585546917455645
201752,4364.425116890623
201761,1019.3098750248058
201762,7.487179972774837
201766,6101.89410202075
201778,4215.690499661425
201780,25.7419474675453
201795,1215.811640591822
201799,2101.313997166277
201810,119.41040980417985
201812,271.06236307712635
201838,8.85268026192746
201847,324807.58158047276
201853,14346458.563954614
201860,198892.6222358453
201863,5.8673843132957915
201865,182.64158394196767
201868,1780.2673594318062
201881,254.94967697386775
201883,2832.5863532295957
201884,3.75617757243181
201886,2.9423435151067707
201888,1.0272611300340289
201903,240.40918021483245
201904,8.50112158709788
201919,25.184577253292304
201921,3.1764777722152764
201924,159.40233646817393
201926,6.1295824795966904
201930,212520.1852930637
201937,1.8479049719202947
201957,147.39122283827442
201958,0.9893857684575633
201966,47.77315574085454
201974,1190.3521825866908
202005,44.32199824075528
202009,114.89519442965367
202017,1058.7028820438543
202021,135658.40519213481
202023,15.616064743779884
202030,2142.780186170978
202039,2311.4910459218318
202040,28.750150215288528
202041,3148.8080250468615
202051,191.91279672237158
202052,156.01444852698268
202058,181.76591506988598
202074,66.58798411638712
202080,18269.49600001626
202084,5.757824545774146
202088,35.46213556502257
202093,2.0412502975559805
202104,551.0918841827889
202106,25964.861035590573
202116,862.6537824773795
202122,11732309.369317278
202123,13.207409683016397
202147,2.0632569684603808
202148,127159.0368330874
202150,12241500.450294452
202156,17.673768955040575
202160,3.1376884052772667
202163,9.767709283889921
202174,13168149.317650607
202178,11.9677319598184
202184,351174.32739490445
202193,15.299814817154246
202202,509.02708736799156
202209,22.786998339940045
202213,72.58663931891121
202215,3.845659774795531
202222,1727.7217483356503
202230,5766.3083198808135
202232,8.343271415161091
202240,9.38229382069294
202245,2049.821347013655
202247,10.39699337007348
202250,30.123522255052237
202257,68.5952332048475
202258,1291.0274469684666
202268,128.44995949124976
202271,4607.676757965953
202272,1514.9190233600127
202275,4242.516331138095
202277,2935.6247499435
202285,1757.6351334039362
202288,1447.6359703741623
202292,19.260961613832382
202302,4721.535963237629
202303,11098.419802189417
202304,2782.941671178389
202310,19329.365996426
202311,338606.09249370825
202314,183.2141323388869
202332,32.946402765161345
202333,6.554411205912234
202336,395075.25385160994
202341,206345.74132111444
202342,81.73183712078307
202351,5584.174199691857
202352,4117.0795621044845
202353,327.0366327779575
202361,63.26220779821527
202370,28739.963024837096
202372,82.83784142012908
202375,78.35394056652041
202380,10915.746248704947
202382,3881.539346847918
202384,26.171921395845427
202385,851141.482904836
202389,1693.3331691312233
202391,152408.07172988792
202396,151.6929018044384
202398,79856.14216105208
202399,158.28317954915167
202405,1.045258711554315
202408,2153.9513919639185
202411,754685.2307079317
202416,481366.6403401645
202417,1285477.7373007704
202419,192.1926824906998
202433,3.1374965582568155
202442,216.35717197696843
202446,800.6765878299251
202447,127.86270846557888
202476,122910.3683948096
202491,20262.22410259128
202493,1116.7791457518508
202497,906.513769625235
202500,167737.97333641956
202528,237508.245805728
202538,233.48902427379474
202541,16733.49768800884
202548,879.8074864006462
202559,29.572327804453224
202562,88.56753481065117
202565,593.5774357429947
202568,131985.2200474274
202569,171.32994293701665
202571,13499.591737114233
202574,32.795721609624486
202576,137.40096141169894
202587,5.89331784976666
202589,478569.15693917975
202614,1585.5236341588093
202615,26.50059604333016
202617,158.42976624611566
202639,2558.8782034054416
202651,223787.82079464584
202662,23336.99407245887
202669,1641.3398046303653
202670,247083.63935511463
202696,715.8680871073223
202700,6143.38543534664
202701,2709.6954455300784
202705,3500.857006975793
202707,798971.9006771502
202711,2535.74695197298
202727,1522780.3109216555
202739,44439.0055629574
202748,240.23489006705174
202750,98.71193438357712
202751,340.0681295209007
202758,1754501.1218382376
202780,7777.727016236915
202792,53695.49071123515
202797,453.0087276500523
202805,11560.107017132448
202806,67.74368348852249
202809,122870.11794885037
202816,1.9700728893550403
202823,2005.9003642126902
202827,5.217778536038644
202838,76436.45492878964
202840,192.47997633478448
202841,46599.68039484315
202855,288.03039123931273
202858,174.41076496633661
202864,620.2749297812202
202869,98.15731182905706
202871,4.424180530388363
202873,2679233.874066575
202885,24.084134126452177
202898,2609765.614882691
202899,2.9185343489567286
202904,465.5520379529963
202908,553.3928276961931
202910,275.925850626723
202920,151532.94472313698
202930,100230.22573686279
202943,1809.579649027517
202960,10005.944306923722
202969,15567.928012812174
202976,148.48644025350256
202979,639725.0524772477
202986,1136.1614892944676
202987,3.7980827097779173
203001,599.5990693238233
203003,818.5825559977656
203008,826.9049743119036
203018,74.38929690812434
203019,87.17339265525807
203036,742.146563290745
203041,8328.689162780744
203045,75.10161574791547
203047,106591.39132252788
203056,3.9777611085432225
203057,137.15892234293864
203071,26.901239127462322
203075,32.65789444473194
203084,4.606640312828739
203098,8375.062892255864
203102,71.14417263680635
203104,100674.23366543511
203114,5487.617457978755
203121,1180.070656172671
203122,1.8349035990492917
203125,6268.878346663614
203128,384.29846996558024
203135,0.9812176606611491
203142,42.15447593914392
203143,80.67178832023922
203146,600.9255712200423
203147,170354.99927094358
203150,1855.7345969306216
203178,758141.4662331879
203192,139.71089616613824
203193,244811.16289793717
203194,1.958262219840207
203204,772.5106015664562
203226,272475.031405516
203227,10.851548605121991
203228,3013013.0071568447
203241,284.35004886757855
203256,4.317788739754458
203260,1255.6215943388522
203269,3164.58779540963
203275,2.840650357354658
203277,1.9060546265965355
203292,75599.88754916195
203293,3234.5982209452854
203302,3379.399515117615
203305,389.6339694339318
203307,32.87350693846849
203313,70684.50598185616
203317,1844.6255371948816
203323,17.02572988520464
203324,118.64449482992079
203334,69266.57147968611
203336,4614.176517479345
203358,6.86095710401303
203363,3.0453473949297516
203376,19963.48689756631
203378,35372.15638732472
203393,6508.84339865855
203396,4.8000025288271235
203399,11.985349091854179
203404,26286.64762939708
203405,2.1541388579984124
203409,194.3343654491897
203416,685.5130920005791
203421,2.9011781010886777
203425,5678.478018543916
203427,129.03885968994825
203433,2150.83820471662
203435,21791.837401790603
203437,3.777900077074233
203438,163848.2116817058
203444,26.08614441759704
203446,4822.624751476309
203455,152.53957156469554
203473,446.9901868941428
203476,233837.93134615087
203477,1.824044658857714
203483,1.9825436610507554
203490,19401.5031372124
203494,188.7168212877133
203496,1800.0460327901044
203504,33110.722646093265
203506,106.37474392754407
203507,2254.030511741476
203509,6.2755415885656936
203510,1851.4526628956953
203514,1003.91323570185
203523,7.2923789504894065
203528,184484.36517359252
203533,178.0444800149429
203534,1653.501447781023
203540,1704.1496883307555
203543,398.8302101402013
203566,3439.183859144815
203574,9271.814270640281
203582,319774.2039620395
203584,3.873045988165824
203586,51.07135524406664
203588,2105.6481863768004
203594,2324.6307617410976
203603,2.7911380595335933
203613,1310.5445892706832
203618,5108.219921710852
203622,325043.7002720634
203623,101.85181321446748
203633,5.846792484882959
203635,2.724798254781681
203637,37479.83559060201
203639,46.846045316738866
203645,5934.4790664412985
203653,5695.634271224743
203656,12.191294404233618
203671,1488.450364453809
203676,949.0457922908913
203690,32020.772536837754
203718,92895.82430271908
203726,1.0355144623339732
203736,7197.249988021087
203738,588.9067251252338
203739,1.923283169587796
203749,13.805972851447512
203763,162.80829317547443
203766,5949.865928902064
203767,17013.00799746848
203775,45.07399949960767
203781,575.4082975007906
203783,218.943247096463
203790,10056.253737170657
203791,2.846494507289774
203792,115.69475101624465
203793,7811.825843305093
203797,6538.929912582997
203799,456.27980166730043
203803,0.9267571842805584
203837,29.375683374989148
203844,549.8585697018303
203854,20970.134710784896
203856,7306.531697751534
203861,13723.778163134954
203867,86350.55215500483
203871,1591.9309472096247
203877,13.947302151893854
203884,18482.36851805192
203888,219.04820621832874
203898,26.809107406098086
203904,7448.068163316933
203906,207.2998990325655
203918,236.05408373466454
203920,2374.4362621929995
203927,12074.286338964155
203935,31.74595559946113
203936,428.1833128126725
203942,40461.8882009125
203946,471.2916532920123
203961,202.48187077854678
203963,5066.539723964139
203977,103292.79973024849
203979,11631.789074443926
203982,21.62772634763787
203983,26.322897060079416
203989,313.478763431015
203997,427.5712583958492
204003,86133.78140902259
204012,8171.411437738961
204015,791.032158938136
204018,286.01401213801694
204023,43874.89937072806
204031,87.58847680062787
204043,263.6048719221309
204044,89.5401182098595
204047,847.5054940727794
204053,2111.981225339142
204060,11736.729325827617
204067,20276.49286661187
204069,155.46565470691044
204070,121.02178830017644
204074,425.33868061509185
204077,13038.886598210695
204078,103.15293734303162
204080,2177.2955248157564
204096,57.061764331021884
204099,350.2308366223123
204100,143.480576525517
204106,2154.9971960748753
204116,192.66794721057786
204118,4.414922914990166
204122,39.17369344114695
204124,0.9881146138123001
204136,194.00625535381448
204138,8.533645230401628
204147,27.954452559546258
204151,0.9808687323363806
204158,1590.9083259526087
204159,4.127399189098147
204162,178.96140304251693
204164,3400.5804551269607
204167,4.000005274564598
204169,728.6712891678321
204179,8.746779621619865
204181,344497.8982700905
204185,3908.2307908475955
204195,36.29382600558385
204200,0.1055960274827657
204202,1497.7611584772958
204221,2.043449942380429
204224,0.10155935253664126
204227,3571.7112006904804
204236,81.83740664246127
204237,5644.252811959907
204244,1.0735719541205817
204245,1824.7368249507529
204258,49746.969203558525
204261,3899.694601172247
204287,1.0662744812466136
204289,18.89264138550161
204307,1.9174885584113732
204335,226369.92971493676
204343,3130.3854042205653
204352,889.1661459950951
204364,254747.64942515545
204367,409.8427902121161
204368,1385.9461881256377
204376,48775.67290280228
204380,248.65514963301212
204390,298624.3102896906
204397,130.73975513282429
204404,392449.5668261112
204406,72.99184677262416
204412,1380.7221222859803
204422,1623.8749423169127
204426,3812.8024598597917
204444,2368.8578985263075
204451,446.0312693881621
204454,168.9424734012223
204464,73.57168953136582
204468,323.1582016056155
204472,7.612738149794146
204479,495104.35850152
204485,149.08330478591782
204488,274.17828249131065
204504,41.5832574097316
204526,48.696390410233434
204541,287.78243096264885
204550,677.4120016571735
204551,48.55597020575898
204557,2356.4377511326966
204566,700.8345316826686
204568,38.65651453518217
204573,754.9805082613989
204588,25.079671450142584
204589,20.88589676856858
204596,44047.64785151095
204620,38070.41085696341
204627,452796.7758721308
204629,12507.763063061791
204630,418.2942667522996
204638,113843.46973995272
204644,932.006095867965
204646,44474.271847506745
204647,6201.665034626804
204670,132.93166914011303
204671,354.95851241785573
204672,42643.18413349909
204675,3011.5802696803494
204686,117640.84685368309
204707,700009.9568292857
204719,2.7213894514980206
204724,39098.928354843425
204726,4263.780343804207
204734,315.2535917574233
204740,3231.5046747130573
204743,109.70992479207219
204747,67190.08497325736
204748,58.003350433678854
204750,1303.0481680922105
204762,1998.9563270979195
204766,6.165803588433995
204769,15.187500815986079
204771,10.880469538127516
204781,1142.1399055397515
204782,180944.47913658054
204787,327.0303951877164
204789,47254.276630583445
204807,48.139606793305255
204811,11.794906174558468
204814,81.26963369339126
204815,3845.227362597678
204820,28.55756872512095
204821,432.55789528830104
204823,97893.5929261486
204843,1930.0940191714021
204850,4895.920946960122
204860,53.54665742382491
204866,1005.030470256267
204868,1883.359858055908
204869,4779.34382032061
204870,276.64978780481357
204873,92144.01966437291
204879,40.211731308010336
204897,182.330451713011
204901,281825.2267527693
204919,50.83826136207671
204937,1887.358324619234
204938,1605.5924726554745
204943,0.9684723317395374
204961,42634.038579193424
204971,43.79525407309554
204978,6270.085550575776
204981,9.121053120442534
204987,197041.448340757
204989,45067.80324150903
204995,39.10739677478184
205021,2010.362640891472
205026,3126.6982095318454
205034,116549.70627817078
205037,12823.919846933273
205042,25524.34348205227
205049,58857.140095535215
205050,479766.61582919565
205054,2085.4468274732412
205058,118.92902001254656
205059,821.0458210345633
205060,14.853872932745094
205067,402.24356335169034
205073,929.1094783013289
205077,42937.455177752796
205083,270.347617262186
205089,26.268359288358262
205092,114018.16922586584
205101,63.01471825545249
205106,77642.0336065072
205111,652.5555525644058
205116,24.60854980547357
205121,7.147903483599914
205125,264341.09433464357
205136,83.57260563598935
205137,641.8977313220819
205141,18.767111123661845
205142,1138.010393097538
205147,247639.9527715943
205151,7939.890878503507
205164,6427.383011886791
205171,256237.3042957442
205175,45648.514473606025
205182,97443.51274474018
205192,18115.053562592373
205198,3.135121672690337
205206,11715.704443772524
205207,5812.724497286618
205215,715.6083689219377
205217,247.2015269814406
205218,207187.4404330275
205225,13662.683121972752
205233,5.275325755100897
205236,16639.372154432338
205243,42217.52261159709
205246,3.0316567115564723
205256,20355.154447526977
205258,18.352133560077437
205263,716.2508420862363
205282,1105.5524138623905
205285,1753.9388087426764
205288,81807.7759994052
205296,407.1778588871393
205315,0.973551272513149
205337,13.926567949543209
205340,8570.346766948447
205347,5159.495701225886
205351,1.0745539284795045
205356,637225.9033814324
205358,2607.9367284411082
205360,370.1302818039801
205365,10.479925633729783
205379,10.765382290578643
205380,868.4283303368994
205381,586.3647914496129
205384,304765.26933083043
205387,328.7093932735829
205404,3470.855166585099
205420,36.53553212610111
205424,243.15513667561135
205434,1735.4451868803922
205436,267175.9874804319
205446,111.16492502549517
205452,138450.59544969857
205456,1169.3428796611781
205458,3.7853066812357943
205459,20553.26655482675
205460,2580.456427235453
205467,537.5275413149338
205468,1343.1916686180548
205469,265.420723022274
205472,91121.6825418249
205473,99.28011656650995
205474,167.6524003037259
205484,4706.914622828689
205487,1091.2507247802926
205489,11.07055942168764
205493,18747.682864351533
205508,24.39021106512574
205516,24390.45501541139
205523,444373.0005286098
205524,6396.873102719662
205533,93.40561121785947
205539,2262.0156427293405
205547,11.573392564168715
205550,4423.761272299342
205557,779130.2032658819
205559,5.743774807265034
205562,1949.5872702350582
205564,4.1724894816412945
205565,102.75435488476606
205575,1383.4375224998066
205576,323.26731756624156
205585,27.50209243105914
205588,1.886771750757822
205591,26.516594924514305
205594,4746.581049634552
205598,236246.95944472862
205611,167.51364435688762
205616,2212.5044056339257
205618,279.9299835208133
205625,3247.075083304865
205639,3813.482232776239
205640,3170.964852260408
205648,2209.2910081910736
205650,188886.68719358795
205660,638.82389010446
205661,2948.440488622996
205663,2677.9293045089
205668,74701.88386608982
205671,3.980064332547838
205672,1250.9011444308624
205691,958.0116730461094
205696,2190.775002900498
205698,2.169161595347535
205702,6.464934281939242
205706,174606.65268468266
205707,15.107304117513712
205711,76.45731589948478
205721,756.9352591974099
205728,74.75177443185113
205743,770829.9384863669
205744,2239.965383401197
205757,1393.2390867241663
205761,43.05444485930589
205774,1419.0865593514136
205780,78499.81041748487
205782,200204.66559285173
205798,915451.2878187384
205799,4993.08597068095
205800,661.085860118006
205811,2557.503443921019
205818,2959.1215252825587
205834,227.44053222574507
205835,2632.8540217400678
205861,1609.6964517564506
205866,308383.9801476857
205870,2571.8080728567234
205872,73.0581744058298
205878,1.0966400211830674
205912,41.5576862168423
205913,610.5921879853447
205914,1472.5720038318336
205918,2068.1226189419326
205927,1633.436554043178
205929,1.885961363297896
205932,955.8335838195733
205934,257659.69644565912
205945,809.3583868499232
205950,277568.3249435889
205955,692.5342780229503
205959,42.336999390441164
205970,836.8705664459126
205972,182.27128790980882
205987,4748.923578260272
205991,14988.374891116675
205993,24671.070384513067
206009,525089.9695722079
206029,530.2917075688094
206050,263.45901862502444
206062,1.9979124652420432
206064,5838.882053676823
206072,3831.8555263227227
206079,691.0700382195913
206099,368.1356485763248
206109,36.52309990297073
206122,2227.558498230205
206124,204850.60499119258
206128,1237.8769598491015
206134,3649.154113382354
206149,234277.01851984256
206153,1254.6041606208782
206164,182.7968843017998
206166,2614.730443774685
206169,9175.924006996718
206170,4.22919996515642
206172,5595.742168867624
206175,4882.342547628777
206186,568602.3168798666
206202,78.34218758379083
206204,57891.33890052459
206208,162.46024441565424
206213,1345.8021495327132
206222,98.30508630794539
206227,9.799262633863465
206229,21.3204819139605
206238,30114.25254198745
206241,13334.86017173724
206264,99282.67294679883
206265,37.742834563022406
206268,395038.51775321405
206269,11743.475390731135
206272,4.050859320792755
206276,3547.7916347139917
206282,262.12764981906383
206286,1165.7338175996997
206289,162.22468382652468
206294,10.47085297319076
206298,14192.447694916975
206305,4715.695427455938
206309,34489.5112931485
206314,6763.080979756456
206321,550.2212765181473
206327,334.95271933786796
206345,5009.404366888712
206347,753.972992997781
206359,4.933087056398396
206371,466.40070236292826
206377,6546.469210505016
206386,495710.81812833226
206389,3535.350925147163
206401,535.53432353269
206412,1124.0673965728668
206419,23680.717171734253
206423,8221.042062405777
206425,859.1407586998
206430,31610.133543673324
206440,5219.450827508048
206449,104.23417153258323
206451,9906.79683260502
206454,3.1039567526782874
206456,257.7487748725218
206457,536.7708766006607
206464,884.6354937989885
206487,186.45596298555606
206489,7325.336050779855
206495,86770.60982673005
206506,30.205545647136464
206519,411.5631373708953
206521,8506.554545944113
206540,95.22841343631634
206541,4.099861056367365
206547,14088.057136644775
206549,109435.41172679194
206552,13.75957410649917
206554,6182.329377943673
206563,3690.399572891344
206571,9289.91418228117
206572,760.0572460941567
206574,85545.84010146823
206575,469133.4762496653
206585,21.424909207425166
206587,4666.833005943156
206596,336.78018020205485
206602,5226.540809985121
206604,37185.632117410125
206614,131.80227494933217
206649,281.31582706341544
206653,45.461919301315774
206662,1457.4246319369265
206671,9788.886341792542
206681,7.810955786921344
206684,502.79331791803713
206686,68.19972538214874
206691,41772.57143866203
206698,8657.249801937478
206702,2.186579109243707
206705,14901.346588815857
206706,5696.182940340803
206707,420.20067753704694
206731,50.95279147219654
206734,5.533423845310728
206747,12.428673487030569
206750,380899.0327334696
206752,5039.313019630679
206765,7.086344154382929
206767,653.6689929767151
206785,2299.067611728931
206786,57423.161633278745
206802,6997.959269122366
206814,22233.493867188543
206828,6052.461704026845
206850,52992.27230855382
206854,20624.51821454929
206860,3739.1831141700045
206868,230.52622279783304
206893,12.276441510915063
206897,1945.911281523941
206899,46.3873124837569
206907,15282.73520040684
206917,172715.02525841264
206931,16.059481431919025
206939,15103.364841082983
206943,5973.399984596405
206944,20280.116998499492
206957,418.350125382163
206959,9.276978228036906
206965,2.993842258487766
206975,5478.9464565721955
206983,1861.2393215987659
206987,361796.240365085
206992,61.403810797441345
207001,29295.532447007387
207006,4074.6972860455035
207014,302.3787840115236
207018,76488.52541176365
207020,85.89281946789292
207022,26.228995211908938
207031,5328.232499210502
207033,1799.920303153354
207041,224.34871346142333
207045,1.9348969642422549
207046,319.49761936761007
207047,10010.103587895966
207050,467.6366604287871
207059,463.9114563136154
207076,33982.51012217006
207079,41244.08038405335
207089,421458.68079337326
207090,9202.29729209967
207097,42.46298859172245
207103,41874.23739061498
207104,4113.915105469498
207107,48.71097649615672
207112,317736.2879610126
207120,241.26068327607572
207122,16.1867131354334
207123,1.0587677117848002
207126,6.623306237917573
207133,632.0645216220892
207136,307080.35201582545
207141,3.9204505376776124
207142,7984.506303691697
207147,2.0905922427839103
207164,319237.4370600615
207174,1.0244191419033934
207177,22225.91496177935
207179,1.0713256245765876
207189,258.46084800706575
207197,170.94947015669482
207203,31052.07203244002
207205,5.92634947905584
207225,1.0249523067546853
207231,1488.1553506396606
207235,391.0860390380247
207239,10.406005279239576
207240,313117.3508430714
207247,673.2668136031008
207278,33.68462564034876
207289,17469.427380588884
207291,24363.87588633924
207308,32.6055078557296
207310,109.47620948110357
207312,27.751167356685954
207313,48778.572481632866
207314,1.9506850866915961
207321,22928.06001354424
207322,575.1759657337509
207326,916.1806251051888
207331,1127.2731561379278
207332,1541.3395647100035
207333,281.4015311288239
207337,4.388000773466374
207348,264.3424466363093
207355,13150.637016453686
207360,767.5424283639314
207366,172.7696656581468
207375,24394.786506039836
207382,1270947.8199215913
207384,379994.09630970604
207397,286.0488869439706
207406,11.39791149291351
207419,981.2450376613475
207432,1755.126093822657
207437,1549.0230523032055
207445,348658.9954177968
207446,1099.6630211413135
207449,2.8758616000592885
207454,6.377201903793527
207466,12449.664760287455
207473,1341512.317383278
207476,2685.019920209039
207480,695.3524378036574
207486,7.207801410273918
207491,2649.521510662976
207496,18.242213492778294
207512,1826.9476670375852
207516,310.60014230054406
207520,262740.5573988157
207532,4.160789441841466
207535,142.6560295193648
207542,15641.772583134227
207546,5.49749636311377
207568,2.058662928679078
207569,35.28792685211479
207580,8748.931449776263
207583,65.03922944744399
207584,1.0032175384160817
207587,12996.968679026859
207596,220285.52880976498
207600,7385.8141628264975
207610,12.469806370869316
207615,132.7409015077559
207625,33.6776862379862
207626,7188.955806679994
207633,208151.74291260683
207635,7.23122322325663
207640,1199.3853444453562
207641,3351.056981496244
207654,31.375378891342834
207663,3393.119825800355
207705,12.90069274596571
207720,230.87152057645693
207731,43692.15516618166
207732,0.9644407390258769
207737,1.0363802250158831
207738,83.5265479241174
207739,259.51982583702306
207741,5588.33666068012
207745,46.08174088784567
207763,352.4837745409419
207771,2.127382251110971
207778,263.5219605771329
207805,622.286116072824
207808,42.66847424572643
207814,3.5737079342820577
207816,3081.5155225918074
207823,1941.04896680723
207825,25594.985583618312
207829,29548.967536584656
207845,4063485.141042301
207846,671.2287683623963
207848,3.017601765475316
207858,2350.0872796127583
207866,179535.83371391046
207876,115.93898318776917
207878,3630.877003648807
207882,258309.5766149659
207899,360.41492771980774
207901,49.99705557557591
207903,2462.0263624233867
207911,65.07026695237172
207920,407.7127921368282
207928,4100300.135064987
207934,6.722750393933002
207935,39068.43441865644
207937,16.54267969100603
207944,634.8279117541895
207945,0.9803242763811162
207951,155344.54064327592
207952,0.9397370718155322
207953,4113325.772204994
207954,1.9134911247540658
207956,800.5438667480157
207958,6984.7105607113845
207960,43879.31845918861
207963,3077.1431362323297
207964,21.05203117414768
207979,5331.959185809048
208004,8.845258617733213
208016,5.1923800135007445
208023,111.88813389411392
208026,27.176691662703263
208035,47454.18841671423
208036,3714585.0756484256
208041,4.006979723836826
208042,146.2062296301718
208046,3563.537449800116
208049,45.25034613454238
208054,131.94371965598083
208064,4.705802689333979
208068,103619.70189232015
208071,38.488706501146325
208085,11.397293101557644
208089,203.09748149321308
208090,69.513817436443
208095,2715.5680241790496
208104,11.751020544669487
208122,1193.6023430126727
208126,3059.58853410991
208133,9.93180123309822
208136,315.6573059020496
208155,7.684567347147552
208164,71.90554107787443
208168,1384204.033779232
208176,11945.52541593625
208181,62.65095529873794
208203,98.13347577258244
208212,30.482117431081736
208215,10599.202699548385
208216,6668.8957705710745
208262,339.629001737077
208271,10266.63138042688
208278,6753.292980198739
208284,646.8086772918786
208295,197629.19765483003
208307,20.307975344901685
208314,4306.922746651138
208323,3879.475647081816
208336,5130.058757811982
208342,5072.498768796401
208356,213.57130868022202
208358,4632.445827522732
208364,9.748308002332596
208369,3425.68120918355
208375,18406.397285447263
208387,142111.158854587
208392,593.5180614396656
208406,30.874562882607187
208411,18.72748914271925
208419,20475.415192003093
208423,1217.346898244671
208431,2403.0379717133414
208444,8.467341165341216
208463,11.876981555157537
208473,379908.2731143174
208476,7397.969511468285
208502,472.58942082280527
208511,41.72903820661038
208514,909.87314450247
208521,254.75245891281082
208528,5624.469722138277
208532,397018.751276513
208538,4623.625554398722
208539,22876.137814778293
208543,16.659388284613872
208557,11581.459674846396
208558,169946.79725506096
208560,2.9525498827133045
208579,54.8172549378881
208596,38.28851061098039
208608,370506.8816556093
208612,43.60767008932447
208615,12032.118361845929
208628,220.7589923649006
208659,12.576949797734681
208661,972.9590637188282
208662,11.776671584240834
208670,43.17872158705767
208672,176.32612569223988
208675,3795.2327683958792
208678,3.075415016222907
208681,178.54792482176455
208682,6905.344319197413
208685,3958.254039824975
208687,167.04199305142185
208704,18.743858897385696
208705,376030.5441224826
208709,14.65239970979945
208715,500.0329873589986
208716,2.0784122775891865
208745,290.8637895466116
208748,287029.34545431036
208750,8.53170687910929
208753,3436.293509138567
208761,29.93541620922824
208785,5941.283621608655
208789,29.72266780577195
208793,170.14053472093843
208794,153.69034077404285
208812,2.0270457886418436
208813,73800.80198397327
208817,98.21792819645646
208839,41.669161424893176
208849,0.0
208858,6.010619030202019
208869,26.28331423331344
208873,110.332055706718
208882,108.68128155547745
208887,18.23717865911439
208894,45000.30268739136
208896,19.261068260392374
208902,68692.48339380267
208906,6.049781120580083
208909,39.79256539744446
208915,13.747692875111241
208916,96.18224608199398
208917,46653.21699244592
208932,6495.139608162039
208938,31.877988467319103
208942,4677.503493846502
208947,56.89264502937483
208950,245517.37280927415
208957,2388.742432610984
208966,444519.58346566133
208971,275.93935750829775
208972,2644.0037760172077
208980,232895.65126865465
208986,6.522043073386913
208988,554.1094017730151
208993,4354.86171864048
209003,38.20843325683262
209012,3171480.4443043573
209018,677.3967816916835
209025,6904.582328313064
209037,10.784760513070076
209040,54746.5844485125
209041,245690.06883514198
209045,1160.8858187185078
209053,6948.403902503045
209056,3490.090182176485
209067,28.745934477266836
209070,204.0409990961485
209073,287.19091798991735
209077,11782.441924981513
209080,69764.76448349407
209088,258.60935287253875
209104,624.4453277581988
209108,82953.50214023265
209115,6899.823460937185
209117,3301.2482273507153
209120,19.01698389740404
209123,50.685391935357536
209126,543.542765436173
209134,3799.742410381142
209140,7293.41331374146
209142,209.8392971766829
209158,178.0789222995364
209174,13208.981168541735
209177,48.342136684377515
209181,3704.25124213471
209183,59.86310200560709
209188,8185.592932967402
209189,1743.1459101142395
209200,42900.09030721822
209207,0.9957807134400566
209215,29.73387096475211
209225,2813.1246955063175
209228,9330.110520486682
209231,122.4748036849341
209241,305.8895023318055
209243,425891.8163792062
209244,66.45566379743788
209250,294860.0104984569
209273,219089.01738620002
209278,30.735216523328567
209282,38.433468209835965
209288,13.165814731235528
209293,6.163802783568608
209295,374.0905905814639
209299,337.56824695981373
209306,100.65180792625137
209322,4.164443276902589
209328,39.66460907865688
209338,23.91332783017906
209347,1378.1958962870567
209359,176972.23486525906
209360,4723.032955180422
209361,613.2341130367515
209377,300352.82006358716
209393,2952.4048618429447
209394,154.31643544563372
209417,2348.1523242176654
209430,2.0462225985453655
209443,47.67304995892871
209455,5.185486788756607
209458,94.59286207958522
209459,1.8732695608109267
209460,2849.4837566404935
209461,14.167179923067357
209467,21.518986136310264
209473,36.40020616486346
209474,1188.5568569824945
209494,4.903081712147063
209495,131760.16311379516
209498,4599.201647993818
209506,126449.38955763771
209513,151.3898340653422
209524,324258.48036922346
209532,43.92339176654887
209538,3.1877740758807924
209544,2643.1851434430096
209556,178.0877300377336
209559,8.89311643066795
209570,29788.195194335447
209580,12.477022514039708
209581,3179.334176261334
209587,20.53826329189098
209597,65700.16343124815
209598,371.15973135167775
209601,31104.89616537616
209602,537.5476413886396
209609,0.9746782390240235
209612,2632.506390554291
209617,85.93885960343849
209618,4.96908393099629
209622,596.9529129161239
209626,837.5698829545191
209628,77451.58439183536
209629,2783.080638731634
209644,335187.7223645332
209647,175868.76533792584
209660,1443.1466038136064
209667,14.466494531683287
209669,300.79679976430833
209672,41900.27010133907
209673,2.7376971558754475
209685,5233.5606533231785
209690,180903.31724209452
209696,19586.304388751098
209708,4610.5877842427835
209712,10.307613504200058
209728,13.593126961399356
209731,73889.85489849187
209737,38047.95485199874
209745,31753.536351184863
209747,1027.8351808569882
209772,24.32302733545135
209778,1349.6314707443887
209781,0.972107966958623
209782,21191.116491093537
209794,18.391745896551654
209795,8.052021797076538
209799,1822.8984445554947
209820,24.780394168398363
209823,92390.99552455846
209834,123787.04401981553
209835,86.88489997400706
209850,4677.857736093419
209889,50057.70679091752
209890,695.8553200209552
209893,21138.017021672524
209907,7.502950518067832
209912,35.766663068155474
209915,38.218180264966875
209918,13.782778287663753
209920,1157.0151653651385
209930,353.17402098143026
209935,207.05776118475973
209950,18376.94569868435
209951,893.6186065766757
209960,6.905821725102692
209961,8886.090969807889
209963,56.996581998768626
209967,8.615370535157595
209971,1682.123159951174
209978,14115.538991498523
209981,5.51227034042052
209997,17.108303718154605
210008,6726.333600237052
210011,27.771275421025667
210012,18442.53963487847
210013,321.3169322771184
210018,7.189631555051117
210026,38.01880350291002
210035,9696.804227453438
210037,8804.006789719715
210042,274.0861598011167
210043,17334.035718626823
210044,562.2363741335283
210062,22291.674124600082
210066,11452.139365218405
210074,246.08709123410355
210078,1670.9914953247894
210089,37.197421967048854
210091,756.8732771492515
210098,39.60536674578783
210101,5.283800854478928
210106,93.80156880815382
210112,9813.84093189576
210116,4630.632015201978
210128,174224.53536192415
210132,29.19375581677641
210135,69605.7071360848
210136,2258010.152820439
210140,190.8391369900307
210141,107.05171478922418
210149,0.9949159501905082
210153,6991427.074425776
210162,20.429582600221945
210170,1610.7272098683932
210171,7.790006434174919
210181,19.948825412020035
210184,165.03877703787086
210190,13449.473959646943
210200,33.61690247017404
210209,766.1092862658465
210229,2802.5342185211
210240,33.35531245670783
210245,1182652.1460771216
210246,630.4704778232013
210253,123.51673598385868
210257,921.8555814138923
210262,175.75871993525678
210273,643.1055918765478
210281,1.887464757727332
210282,204545.14457137993
210297,70.8850254861274
210318,7759.599448806484
210320,10894.041453709731
210323,166762.7436391592
210328,3612.064419250077
210348,3739.236404589736
210360,1.0059894499789257
210380,1.9988820279705521
210382,403.37956890442223
210431,6.155677128084851
210439,11.339230105266932
210440,1440185.2290245187
210445,2.955289099900347
210467,70428.04161621256
210484,2.8922644763348293
210491,1054.931208102958
210497,7204.452585500002
210519,138.4049000420396
210537,2858.428969910992
210554,5077.345504980793
210560,20.468824023172708
210565,5514.175244509939
210566,1761782.1214728989
210580,85.78894321814397
210584,1577.2041442358982
210597,4014.5948213596953
210598,59.900838907106206
210603,8231.739058002873
210607,13113.28345050801
210612,932.4687752530939
210622,20.836162265688387
210626,394412.38995212124
210634,881.7529374224263
210648,23.093518909125063
210662,0.9872875333112913
210668,976.8891204894379
210671,501.8955073014333
210673,7113.329722144258
210678,43.22340737183072
210679,1046534.7477582751
210711,721437.754938391
210719,60615.32832289345
210727,33580.77874372168
210731,18710.09201034641
210734,62.44737622010438
210737,19.515046524258516
210745,22.582526119229954
210750,1495.304203865998
210752,250.23928815315267
210760,978.3797007755841
210765,55340.739621818284
210767,16.855633129435112
210769,14.297052892165132
210778,2517.250038081486
210786,6113.509624550658
210790,17037.118031211357
210798,597.5081239903826
210799,1275.7981570012378
210806,3597.1921916591327
210817,24604.445831320656
210835,5.357055286797888
210845,11534.05643649783
210846,323258.3866829257
210848,169.71355978821916
210858,14159.223704675522
210862,21780.49943186462
210863,428.16656777494256
210866,445.7340188503996
210867,720.4036137956816
210882,8606.684093393578
210884,4.592965996414395
210893,755.4654767271674
210909,438267.121198939
210917,543.6932158951706
210922,9555.642718000203
210928,10162.79574976092
210933,52.932624886176754
210939,551.620055232736
210952,19682.98402728228
210963,270914.17886136076
210968,19.293808622183306
210970,73701.43703229823
210971,258.03111289736097
210984,2130.303172606378
210988,245.4955309709353
210999,240.20375167742358
211002,8.235897410259078
211019,233981.14200759828
211036,21504.5863047556
211039,9059.020606655198
211048,1572.6165872804224
211049,19.886989688749406
211051,3770.006146651157
211062,996.8187193324474
211070,100.06000974192258
211076,1084.2471751970775
211078,27.181877272543762
211079,34.458369328153935
211092,1901.8461538180802
211095,42.04383351857743
211097,9.814291892960812
211104,8.469569864970568
211105,275268.6620376471
211106,48.89413942487132
211107,303.4698889397734
211125,57.66677438994344
211135,2.6485059903311554
211148,7117.235130073477
211150,48967.99839619347
211169,4.961909868369832
211171,8822.418085380223
211175,10.551740279416096
211176,177.35809807433836
211178,622.8036797678616
211180,357.87846082890405
211182,10638.153074549436
211183,414431.03150419804
211199,9644.745097703597
211200,6.01021983213988
211208,14069.02768047797
211228,2.0917208800398956
211234,1173.6579219141538
211244,8.207717742867407
211252,909.0022668388876
211254,15257.928351016799
211256,222.57373368749447
211264,12801.699140693087
211266,6.1302970764371185
211272,752.5772197571821
211281,2.2339470460203774
211282,54681.12130743917
211289,8859.746532152458
211290,0.9056788571470644
211297,17976.017470544874
211302,96963.1113014995
211305,6.754998521904181
211315,210.88434613217652
211320,4311.491411203928
211324,46631.89300112546
211327,6.2423012739703845
211329,391682.91234809323
211341,2583.0978419186367
211350,8.365605630986131
211354,230.73903151785063
211357,908.3703331713921
211359,5295.347685200998
211376,20399.939936745737
211381,4055.9779410129254
211392,327659.0516250972
211397,4469.542796208921
211405,128.8319360995139
211409,23475.758168086686
211414,12230.80678292311
211418,43357.326094388955
211432,3.122889756414976
211438,24144.824650013285
211444,1323.2327602767507
211450,1.89369030345441
211451,7969.343934066553
211469,224.61779693361908
211480,7980.047451968681
211484,62.709999322065784
211485,10726.76938361013
211489,2.994336393787985
211498,43.289864512613356
211516,5696.749999870164
211532,1372693.75740655
211536,8869.522953213782
211542,22.55693659582756
211546,4123.5883326937565
211547,48.65200191560077
211558,110083.33591354055
211559,10489.155842358512
211567,90.8923491928789
211569,103.04293048789162
211572,309.2555947498573
211578,3638.666398899826
211579,25385.752972376642
211591,100.5861374275672
211597,132.00372748222097
211610,12217.375795023014
211614,73938.9733743496
211620,3.159505738155009
211623,4734.976351952718
211632,850737.7053137597
211635,8934.750897300612
211644,6.66071348000259
211650,3192.2863737162033
211651,73211.64151534271
211652,9.273481276289335
211660,18.083442943314797
211662,6985.982999507464
211663,967.1046553823138
211671,230298.30869665561
211672,464.9665272828986
211675,14613.843527087638
211677,3840.588533374352
211682,136.28353583025853
211683,1945.4334902356452
211695,624360.1490063218
211717,6.186458847404361
211723,86953.49542649389
211725,274410.293346981
211738,412400.03423457756
211739,5.789765332854844
211740,256033.97257138795
211745,2.934042911417338
211749,238111.9574454635
211764,11450.989023724027
211765,337.096706354731
211773,4174.296368836139
211774,68832.8105924754
211777,51.05924088149091
211795,493480.6063943059
211809,147026.68988085314
211821,61811.110034738165
211823,125.66231436025916
211826,1643.7506671021529
211832,116.93848869085068
211835,37.76840768600777
211837,12448.563752929664
211838,1592.07109185137
211841,28635.500037801765
211842,2041.7576910780517
211846,20.247392024282654
211848,2.869125379155889
211862,34.186297727652985
211868,7991.19169024942
211877,63.214047621566245
211879,1630.8908599914112
211881,1119.126237471344
211883,4721.027875706106
211893,1.9615983829755617
211898,5.1178008523760585
211906,538907.2943325362
211924,624.468425483961
211929,4087.461560764526
211939,24.435150570734066
211954,42.13378601391501
211956,7980.413225017319
211969,1197.1981460234817
211976,3193.9026729665193
211977,43.08931235367715
211995,1491.0507138927155
212008,42.87629079047241
212009,510.25126514345135
212016,1.89318569358237
212021,344596.39871704025
212025,1077.827688975155
212043,12386.313422639643
212045,4.9823342315811985
212054,638740.006680386
212071,650.8000011041698
212074,794.9186354510947
212078,18.25666451990137
212080,72827.66263897515
212083,62.255347821475
212096,139242.87005940848
212099,390920.3464834669
212100,733.7045261743687
212101,506.1151839253119
212102,16469.979732651023
212103,22.22587727860893
212107,33619.16893316898
212112,58847.297366773804
212114,1444.2081255435123
212122,4439.925423063157
212132,2392.795427710275
212162,3697.453982159322
212167,1888.8568156019442
212170,4594.608604323512
212173,5.99271718134299
212177,0.9337617993631051
212189,1703.754266410779
212215,328.7834577878791
212219,10791.790141094363
212229,3595.2815254772954
212231,59.45589032611227
212241,4430.8463938685545
212242,69782.61989276938
212249,27.868139626647775
212251,1.5268548503095338
212257,16.653463908461323
212260,370.99058181723535
212283,19.7478130826598
212292,3937.4144651403403
212297,4847.932222874361
212303,766.6990949212169
212308,3727.8128708280287
212312,1507.6830930328294
212314,50529.74000423237
212325,33.08364796933273
212334,545.894336590709
212339,2091.0793941669363
212342,90863.99013913138
212352,7958.22389453881
212354,1298.4598067696197
212355,813.9991374163814
212359,2648.168953791149
212377,191.45974051072605
212378,5.601542667950526
212380,7.807749820225695
212385,6477.737868017874
212390,9417.23036993618
212397,1725.2881214850674
212403,0.9920439767244871
212406,1.997875981001473
212414,3325.161213343056
212415,191.91243006449338
212424,44193.71923524665
212432,20.177259578650922
212440,4159.605797397995
212449,12.40664660012312
212454,42744.918951026
212459,8.990479745113516
212461,49.96658264233033
212464,1879.2247705326572
212467,228.26537099881142
212477,1565.087218517261
212479,13.014349238533267
212480,29680.366522374603
212485,885.9932614953558
212490,15149.388925738307
212497,320.32262862328827
212500,21367.215059655893
212511,10895.221293869663
212514,63992.409382119964
212524,283.7178442371603
212525,5.81841050280986
212526,818.8547289457949
212538,1732.8735726238851
212539,7890.1893059945005
212542,3.7664912905627714
212549,41919.260229510925
212553,235102.2213473073
212554,43.123521338189335
212558,2191.174883190402
212560,22.891874463592057
212590,245.46697707270778
212610,1429.0544247885814
212636,11.477395044794985
212637,36108.90541277659
212646,52404.300104488815
212657,2.118865632098318
212673,22.032432827393457
212687,4037.2909171137876
212688,11.999325061735732
212694,49264.62796196959
212697,175.4959325452337
212698,3840.745392169971
212701,78.05187404756715
212702,823.3739168698467
212703,4365.801383539257
212705,1214.3535858032258
212708,27725.57506212408
212711,4269.6846773547595
212720,4392.365819782912
212723,84.91860255699054
212728,1159.6228875391644
212736,2479.6588308001296
212740,58350.49147448586
212755,38.70409294267537
212763,2.068215488493554
212765,688.63673180033
212768,42968.68231384561
212772,2687.957006939318
212778,236.61883150186924
212779,571.7119455882798
212788,230.91436609216896
212790,3543.074119497145
212792,635023.9278199062
212801,7399.316077013669
212803,1629.8996204455145
212825,5364.5697696100715
212836,247873.95429920199
212841,5398.912851568301
212850,13398.469144626273
212853,149.82152964702587
212864,88248.16515849056
212869,4214.292602119915
212876,106.67061644335156
212878,1829.9974150711892
212882,176.65540112326525
212884,4390.833805056384
212886,1265.6845540626318
212897,198.45685501001077
212898,8022.053525095593
212914,85.4913484535045
212929,41130.83247742198
212938,9008.563626624305
212944,4076.744469917521
212950,169.07897493688517
212968,8460.527467035048
212974,279155.70385579084
212986,95154.348896712
212996,11106.481112044787
212997,1316.577954333528
213018,4.789836639823143
213030,9239.658574567122
213037,33106.26694612824
213047,514.0721847416014
213048,62847.84927412952
213051,6.8637460680845725
213057,11.932472532771044
213068,29204.51775605711
213072,1219.17525490117
213073,18660.771916948826
213075,63.40916355614658
213085,23.87624782284176
213089,667.6707486853625
213097,3.883648481969006
213100,10452.037263765742
213113,333887.28571514203
213117,2006.9969626803102
213139,1832.0718143984204
213147,58546.029658903135
213156,130762.11591337761
213159,1.0290577598210076
213160,53.78624624806804
213164,31.941661938638248
213173,10.882345319830122
213174,4064.5775625184997
213176,22121.98357858199
213181,111.26346761445309
213194,249.43131309190255
213198,14510.963678813541
213202,16263.815171758388
213204,98477.42923859741
213205,6.912517258554152
213209,4129.91112200153
213210,12375.4021791817
213211,406.6760672395079
213216,4995.651122637773
213223,207.23935373091751
213232,15030.875493823969
213236,7.012094337637703
213245,10.795955595514377
213251,25.97053822561265
213253,205.4508049678104
213257,288.8804521767782
213258,14193.686430329946
213264,52.796109472760975
213267,181.76982750273777
213275,1086.0544394511755
213278,12.226475428258485
213289,375.46924704684545
213294,13339.75207071934
213297,65679.2495637994
213300,86256.58808179415
213301,4151.472643571963
213302,3425.6097316562896
213305,614.9979099119074
213308,467.530213762867
213316,289.51005266799973
213320,435.6881727129934
213323,82.26602928322532
213332,128.60731393299983
213336,10700.193563075858
213346,232.6570531485413
213350,27589.012517497813
213353,41.415778590494526
213364,4934.166790429313
213365,17005.128810648668
213369,4.9950219513729746
213373,5807.653775247655
213378,223.79680829267275
213381,50.70376393892526
213384,41725.31540468398
213389,22800.690099272528
213393,238.87382810258745
213398,14166.55359553359
213408,33690.07013827315
213413,2343.539719816344
213414,82.01043183621717
213417,76126.49673609895
213436,2.9961854138845654
213441,79241.43433035337
213469,137.9016806087698
213473,13005.080537922086
213478,403.2109642090269
213480,1700.8930863731116
213495,108.2854008598862
213501,17.793122192846713
213530,3250.106166736894
213542,59300.24306151145
213549,59492.00079736005
213552,60964.70724017733
213575,8407.721616372242
213578,137.52768267040122
213584,400.4076565627313
213594,61150.938866705714
213602,82266.37977703125
213603,56644.70846300612
213606,889.7077680638334
213614,45.508292193798745
213618,34250.99249411091
213629,67.78082136740225
213637,7302.801493120405
213647,108.20777167649214
213664,69.72134147423276
213666,2081.133758725571
213678,11.713282386564758
213680,1.885305797487226
213686,212133.00524729094
213692,3343.278166155305
213701,7.453047306947096
213705,45.489864894759215
213708,17.855011248470593
213718,8353.11544403016
213724,55986.08691297353
213741,278878.4647008071
213746,303.0143628330401
213749,11382.517079422265
213750,790.2852318105635
213753,41.12634045698837
213755,36594.42932255179
213756,50.27628610192814
213766,10539.185612969439
213772,241305.00338628638
213779,1458.6276222729912
213794,4613.452583934792
213799,29392.889526807692
213800,42.20301247373763
213802,2429.9412040039215
213803,2998.353774128053
213819,39.694021309437694
213820,57745.96321354864
213826,2615.8224823254554
213828,197.65578386746873
213832,788.3936228495637
213843,2970.6663103145993
213858,4.019013408947714
213860,4612.225359174759
213864,522.691618196567
213876,16985.38937318451
213884,92285.60385185618
213898,208181.3073956885
213900,601.1511044442934
213904,459.1086227954743
213924,15127.527464362003
213932,142506.57290138656
213948,42102.61445614377
213949,95.70598484982169
213954,6402.348365222597
213965,131287.86899358942
213970,4627.853026378594
213974,121.49196464056816
213988,141424.02946418876
213990,2282.844947172388
213997,376.0866186877289
213998,4209.199459816645
214005,4415.506985768654
214008,256.4940502535412
214014,8.42794521378038
214019,278574.7676981066
214020,41158.0945585559
214022,7676.665898291703
214024,50321.253517731355
214029,106527.150868422
214030,17526.191056298554
214036,80.26950095625324
214038,59.67281362997304
214041,69343.32127045943
214044,7.050427212231892
214045,53102.850841816115
214046,301.15251983537956
214053,8398.10771475425
214059,11961.231422344768
214075,123.91818053555255
214077,49315.79061930204
214089,30398.81116383855
214092,4472.94458372702
214109,398721.13697405125
214119,31981.25840107347
214122,5921.733154961998
214127,155.58629212030468
214139,41501.85079693352
214143,27740.401203825477
214152,328017.88311347744
214160,58.66381490757959
214163,97244.49527536532
214171,23.149358065290578
214198,12.14350685663051
214204,4.701801393160362
214206,49.3825700378812
214212,6592.442602837149
214215,48206.93164711342
214216,174.73865528174554
214219,10377.129338494839
214225,7.336434875581409
214228,79.1328326934678
214231,68384.65680522603
214236,16693.049962471843
214237,11272.941996844449
214241,40.44167787768216
214246,7515.892198440195
214255,2957.376907134682
214270,7322.628801220698
214284,9782.478559171715
214285,324.7278332595165
214289,103638.74398842908
214311,25.388810954835858
214313,164.47860022125255
214325,144375.4587476871
214343,604.6734059649405
214344,6323.85445980625
214352,23.890204677155527
214357,110937.37182645155
214364,81326.38084055408
214370,16828.466690510664
214374,981.9423550691553
214375,2.0125114998891167
214380,259.1362463500215
214394,9.853589396516426
214395,139251.60983670084
214398,11.599121390070522
214401,17.704576510347366
214412,468.1589429564943
214417,243.87936163143095
214436,18375.078649173218
214437,14013.14331658866
214445,0.9658013924034564
214446,441.35387404592774
214449,7836.408476804218
214454,2.9335208482364585
214465,3.2566158096894746
214467,8460.069603647951
214468,11373.424417506538
214472,8620.808711672515
214494,159.1949224242771
214497,224.0800571590301
214507,15.62700884185018
214511,405.2607067720615
214520,94656.97087987642
214532,366.22132817032934
214552,1492.0587021540891
214558,126.33250001865399
214562,672.1471857630701
214566,19.174222792137694
214567,116001.85889867134
214587,130.43942013635467
214589,840.5679124284239
214593,8977.871440789557
214595,121.62450790637332
214603,109094.80783441135
214604,6280.077973528606
214605,761.6530116181787
214614,1262.7968826891654
214616,1655.1808992201475
214636,241.13263179969928
214640,5469.458115730907
214654,8369.946255271814
214655,194.4923438896016
214656,200.18025322948668
214663,12.075776062646785
214669,242.69313419419615
214673,3845.331733671578
214674,59.635612280896005
214680,3677.4058996186795
214687,160.3793383203416
214689,997.2378925957094
214702,393.6036200693942
214705,1416.851452997999
214710,1033.0969219422652
214712,15.004846305565314
214717,125.30959050147428
214733,2.971799630360127
214734,616.6808803781441
214737,933.6020039024656
214740,456460.9563479536
214757,478317.22915858123
214758,291.9633362345509
214760,1564.4385282986393
214778,448.0460860646348
214785,1547.1673445626957
214786,1078.3296842329216
214790,16904.665438459724
214797,17775.90045105832
214801,338.10724248029305
214806,492833.2761714106
214817,23543.66633942826
214818,231.00697113229575
214824,291.8414392187129
214827,7508.827172949639
214835,13.022148352330486
214847,1.7542222241573213
214848,11379517.3791898
214849,58.9975770229862
214853,833.6978691434534
214854,7767.21489063452
214859,903.8012437279909
214871,729.0357710218319
214873,117.28678873812238
214887,12775649.344945652
214896,363.96329126174413
214910,1662.5418542928203
214917,5.188955301107264
214926,526.2342144273333
214936,12.17789052464461
214952,661.1121238938409
214954,8.712879467023217
214956,80.1825358443607
214962,19.78824213063984
214963,6051.824697464944
214964,50.29843250490778
214977,136.07109840822304
214983,27683.071971350062
214994,3552.861702631323
214996,183.62965767432243
215014,21026.32802098458
215023,829.4110676740902
215035,12750501.894217383
215042,2.8837089653886014
215052,2372.5748072061756
215053,16.27120624569309
215057,913.8029712127906
215070,719.9298277476548
215075,20.00060696100526
215081,231.09876219142785
215095,2.7382404108331015
215098,234.74042243838636
215112,375.0073946664586
215113,1780440.3949134632
215115,2204.8404024025326
215121,455.0159108970822
215123,131.7066378768914
215129,434574.2622271498
215131,448.74050470175536
215142,29972.64611676865
215153,108.29383208309626
215156,235.7786972309291
215158,4163.21612031413
215165,29.294484564360044
215172,107.10219418469107
215175,292.71071735107836
215181,4439.749816931702
215200,1.0179700362519326
215205,81.57974581607787
215209,344.97376238221375
215211,379.97186109979884
215225,496.3778770893651
215242,1157.6310418562575
215255,282876.80049365235
215258,31.316599083130107
215263,988.7134725255422
215271,27975.955652989698
215280,0.9623586118800598
215285,34.03994518687567
215292,239.08650266010312
215293,0.9810064935649365
215298,366.7916989382413
215306,5.137413957209422
215309,172.08420112754186
215312,1541.2312031841598
215315,995.3142876274661
215323,222.25465299998658
215328,1.0280468084264358
215342,18845.829477530446
215355,153.06245481572918
215357,3.9621747510318928
215363,5902.434699738081
215365,105.29664338857678
215369,35981.53890370421
215404,19.05829719773455
215412,9.744135515194543
215414,9305.071655027332
215416,7403.091629495757
215422,813.9226226749333
215425,22.163883139926966
215426,3135.00017488685
215442,8.699162191956516
215444,845.7643610546763
215448,18.758202245031296
215452,68.62606839243203
215466,7949.4824145550565
215480,10.159297498804133
215485,16.270142630952282
215486,22.259075990320316
215493,3870.097316473459
215494,3072.005912960612
215496,483.14643794971505
215497,37260.344769986994
215501,2242.1541201253904
215504,74.1347937776736
215522,40.888828467050594
215529,15552.476851041516
215535,139.54186512952052
215539,241.08329756803732
215543,233210.3092782156
215546,6.018270194390444
215551,59.5809354729943
215559,7293.998964139818
215567,415.95898528445974
215582,7.676071266061179
215592,327022.6001574975
215597,693.7069583574735
215599,17.159105320714605
215603,6094.479528689562
215612,45.66062225848056
215615,2426.5031644455194
215616,735.9295227481177
215617,645.1908738609059
215625,457.7099579567531
215631,752.6966650413261
215638,11.546297954036906
215639,25.21139008431296
215640,4047144.389814197
215643,234.73820240227423
215645,25.922211743964127
215665,16.282891740581057
215684,6038.519988081878
215689,2268.220414549985
215693,114.79918841341994
215696,50.203019965411656
215705,250392.01363832783
215706,34.4391333680273
215707,14.238175093252437
215718,622.1749707581893
215720,21030.301199339203
215729,54.19877897406807
215731,68.77949829663233
215741,14438.274305864037
215742,400931.8679502642
215749,385.7399314498888
215754,11.70829796388292
215757,107.9099752018498
215758,36.100785863186644
215769,46730.43547048535
215773,765.2366369997305
215780,11.14068106308404
215781,13511.60603743689
215783,18.35613577606682
215789,1078.9677399600757
215792,16304.679807450033
215796,693.6898475292256
215801,1325.830425200302
215806,109.02002130970429
215808,3824.110997942269
215810,1103.27892274141
215811,7083.270906249209
215820,169.2830732109902
215824,157635.15686499537
215825,7125.264809495399
215827,23.51846627453611
215833,4928.350163564777
215835,975.4975432302924
215847,103.6510131064442
215866,16706.828041003988
215867,442.61080161768746
215871,62.49727048453718
215878,0.0
215886,15.846862708739453
215890,50.90153800877361
215891,26318.998639388315
215892,1087.4923111693263
215905,30866.243466694286
215908,1268.1728847529307
215916,2447.7705678449834
215919,11.6293656460365
215934,7437.922964418682
215951,1189.4516373886493
215959,2104.9444811301137
215970,26328.515792341535
215979,22630.095417940334
215981,14.873836426550104
215990,98138.1680373644
216004,570.5665541629323
216006,16260.000376365064
216015,3645.4641351489367
216016,375822.31271754357
216021,1676.4184028038449
216026,2289.014550892815
216032,54048.25558190996
216050,1969.9432438737404
216052,1117.330969462006
216068,69687.23501192141
216070,4614.624210026907
216074,43.82863689354608
216075,11.089929265443587
216079,572.979647808134
216082,1161.8472962433702
216084,15.05139126616643
216088,118827.30233222886
216097,12343.234574971779
216102,115.986392621188
216115,1387.4769944382351
216125,11236.096869848341
216127,7.663697598872602
216141,545.1330464085598
216147,20080.206286578235
216149,9710.690762284023
216166,7484.181344785482
216169,2923.319167698204
216172,10.792464366037699
216173,34295.1293032421
216180,9447.415967060573
216185,7318.806226429813
216214,61.14518274647391
216217,4.647472435167299
216218,1449.1760228678427
216221,2441.0335958158753
216230,89.09520049775715
216235,26.625217977527235
216236,710.174922626078
216240,162583.25662996963
216241,105.51316291488328
216248,25456.035914521413
216251,2104.2593029355253
216252,357.9688970351555
216282,21.674614858363977
216283,65229.664879818774
216285,69.02942017952961
216290,243.11270023512446
216291,1277.6104698589875
216305,32.06182958528191
216312,2530.430326697487
216322,27002.595628232877
216324,1069.507560479773
216326,4321.6234461823715
216347,93075.09990169872
216350,1472.196952935081
216358,11.879109792303606
216368,180795.5339574505
216373,71927.8413129731
216385,1846.5011011371378
216399,2909.7755398544987
216402,56.45675674418254
216406,4.010304425317939
216416,2388.24871475627
216419,1407.5697262458905
216425,198.39404945602223
216426,33.65748356743704
216432,27.106346514714303
216442,2.0249998612428044
216475,974.5260789534484
216485,169.57435707268075
216500,221522.3086543779
216505,535.2874892544766
216508,86.51522226828185
216511,1628.1171022385684
216512,8.348454293105798
216519,366.36574168071104
216526,1270.9719862800705
216537,1082.7584519481143
216556,1981.3000628776506
216573,1721.5910057988713
216577,1.905130233249924
216586,3523.471930275497
216590,2764.3490633030056
216608,15724.390767712603
216618,630.0730334862822
216621,3.1262466756878498
216623,999.582258022281
216630,24.10827130097769
216636,105661.93487495765
216638,4.932392491933545
216639,12496.930549182154
216641,1671.798909378395
216646,34.22349897572824
216647,1232.6428864245956
216648,1186.1960278348806
216652,3.136499759895115
216653,252440.1653690555
216656,25.133164654778486
216660,648.0650371697632
216693,290.3538226125175
216696,7.012860580780355
216713,908.8937902169139
216726,10152.870826447246
216728,3806.2166756989936
216730,307821.2507509879
216735,3916.5221220400254
216745,12.365861068995507
216759,39316.21753869241
216762,930.0609286873702
216776,68.94873687438255
216787,996.7581848718988
216808,4.589689633434509
216811,451390.65986710176
216814,6.0772190007998415
216816,214.83578340148335
216820,7951.382821701261
216825,289940.2475455165
216828,433.3195964880431
216835,1286.2507601509458
216857,2.040247325289729
216885,1261838.818274836
216897,39.44962977908937
216898,393.22050956788695
216902,313.17244517617263
216906,21.627115825583
216907,1.0331532197578768
216912,34.997441751416225
216922,644.9015274737153
216928,2.0860313649003337
216952,140.07665708855404
216959,27.11836939146845
216962,19.532776304220402
216978,145.35625103617357
216988,33.76550660971097
216989,408.8932895424049
216996,750106.1557100049
216997,68.12973382067737
217011,390443.1563923035
217013,563.3840603539287
217016,205.7841943882009
217025,345561.2057626572
217040,478558.40303637227
217048,12.46694011276782
217053,158.5639242042086
217057,39.070727075856354
217059,190.3000527525866
217066,1321.2598326057316
217083,121.91757476138353
217085,13.78161708706406
217087,25.585319756609977
217088,4.18212618095275
217091,5.226681590088265
217097,1286.5957824173738
217098,51050.75110914749
217103,499.9818377493785
217106,139.53233050967444
217117,27.185945170316227
217123,5795.599877318967
217124,952.1168941141552
217144,896104.7311833355
217148,6.6002970052357295
217153,325.7962641790828
217155,39370.45019368834
217156,1457.503095768254
217175,755.3988240783111
217205,121297.23145597252
217216,1294.3055907832452
217217,1265.216718943913
217218,175.94054279427007
217221,5443.007906342319
217225,1275.0408264117355
217229,56155.225060287026
217234,3.150061343696425
217245,2228.791532455468
217246,28541.70612711956
217265,162.39344657352325
217271,16061.10611797664
217281,884.2172750430252
217284,308.11336429933925
217287,6.824520818592091
217301,153.73750105896264
217311,72.98827173007115
217345,41.32269191222426
217346,4.0139709630816
217354,399.4967930167785
217359,44835.501700215325
217378,1480.6451553971744
217379,64.4714259786995
217380,62.50087570907064
217387,5785.80366128053
217390,1181.699642018569
217394,12.143701446520993
217398,1.039746721150971
217401,1138.09784147498
217415,52.441513709838176
217421,3.7768801143204023
217436,2032.7367847589503
217437,17.349695141544295
217440,2973.577645276426
217441,15661.540416453608
217457,1543.314531225714
217458,12.12010978431281
217465,4.7800406769661326
217471,2624.815982504128
217476,6.631402797908789
217479,4059.931112741521
217484,3625.838312230148
217497,2827.375607802959
217498,45.21704613402716
217504,3037.1303650541217
217519,12.300826861343623
217535,3533.916813694137
217542,26168.64850990487
217543,12153.097515583779
217546,3409.84813881459
217551,2429.2914189668245
217553,134199.1863433925
217554,6202.677765651509
217557,4.042187993801712
217563,3190.688470562361
217567,50.35089387700843
217569,13110.388363138993
217600,3931.4051923864163
217604,1956.7517353400522
217608,1353.5188832912638
217612,69568.7068361932
217619,174.3474366678247
217623,4611.13833253648
217646,9609.633929643418
217651,1826.8058611497656
217659,79.81202580275843
217678,1.0421781922693463
217683,69450.94657152536
217689,1621.2410727965835
217690,1.6611197990112248
217695,11120.45203783605
217700,2.053227683534199
217701,1196.8353566149524
217702,19667.172437727884
217703,76.09720929578305
217717,2665.582826608141
217724,48948.7287301888
217734,1477.1996803101504
217735,165.0498655586363
217765,371610.4491135901
217773,13126.586189927477
217781,1283.676700209172
217787,72222.59261307344
217793,863.5283504857525
217794,67138.99012435135
217796,23.179956873233586
217800,0.9599826716533991
217811,10010.917836958852
217834,46.182846578251414
217839,786.848972024951
217840,22144.45390656342
217846,9.624175430168298
217850,4474.405630442313
217856,2263.2654857207026
217860,1217.1441588742996
217861,5.863567816821018
217879,22369.803808959197
217880,4109.5017982840955
217882,7541.260367561275
217884,46771.03825859713
217888,1674.0273438812212
217903,728.9727756443173
217906,145165.6852056143
217911,6431.180472056125
217913,47574.838678132575
217928,35645.24019695054
217939,152.42481629962978
217943,3161.5704045204648
217946,10576.92635150308
217953,35884.51313145114
217964,160.94846459844663
217974,14590.44507275237
217981,1901.1693070045687
217985,1676.651872465218
217988,104437.70588161366
217999,1785.7426915274286
218005,4.584943098940169
218006,184.94166460254445
218008,1059.8500001467485
218039,789.2095420271887
218043,2386.616972532572
218051,1494.8349358125515
218053,4008.988929710393
218054,130156.04115416952
218055,20.14803093178818
218057,7.996551192039285
218059,3679.900409057044
218072,1755.8767281383296
218080,2.053161015725769
218102,2601.8354644523783
218104,93.49691926368062
218106,10.879964171266245
218109,0.9867232393521037
218114,963.6075867536272
218117,24875.180540960708
218120,38.395974108901825
218125,9.638242001083418
218146,441.11260411808195
218147,270.5967607715143
218162,44947.89321600073
218171,164926.1159742634
218173,3766.8826403927433
218181,14.132480054386651
218192,211370.70098526063
218193,476663.5345065613
218211,195.606575049536
218213,12.726865442540866
218221,444.24507755840455
218229,24399.991018302622
218230,190.1201359477802
218237,340.7107129098407
218259,182.37532549301204
218276,42.49993802308198
218277,2.387321921414767
218278,7.619271601138341
218282,622.1433326933792
218298,191.0139973959951
218322,31200.943324599237
218324,25.546332241458522
218325,168.94929516078244
218327,338539.3339563733
218332,1442.907670645527
218333,56713.02494133083
218338,514.2717517356007
218344,32.64157875443205
218358,1201.400896504583
218363,8.859256199166225
218366,90257.42304229307
218372,0.9411365686055688
218376,194.47451984418623
218393,101443.68872552828
218399,22797.315682106684
218408,58130.830922090005
218412,19.017231150068937
218429,725675.4080579806
218432,1098.3573046529973
218433,2116.382195406348
218436,10.481286389469183
218450,1.854789572369167
218486,67.92769883844262
218490,53.722501295702465
218497,14.033714187516688
218505,2265.491451011432
218512,8.857173101317215
218522,3.980862304722742
218544,364.4327819337152
218562,1.9766137674015916
218575,2021.9377099284486
218589,4806.000984830266
218603,436.6271538848552
218612,1685.8711741086538
218613,1.0462802195171743
218624,66.59085433736071
218636,336.21329889021615
218646,0.9484999927733235
218659,4355.609474110258
218666,138.85786238476015
218669,136.75035327803533
218675,406.69054390368564
218683,1047.7997823000949
218686,108.83424013008276
218695,487.6556644055433
218697,0.9912007710814791
218708,8.915112232522487
218720,99581.92328843032
218742,4.222104326297945
218745,27.185588523788343
218749,1335.1216361112517
218754,2582.590636627698
218758,261.89280537611256
218770,38.022052854539
218777,1973.960471813671
218780,6279.391443328815
218785,262.90171956514405
218787,6.404386171077018
218795,109600.44563270133
218809,148.93104865878288
218810,9.632866039645394
218818,2253.0140129051633
218828,288680.30103591376
218830,3.1620525021869734
218831,5704.548443214556
218833,413.20880934622534
218836,32796.27429524056
218860,3.874097321850612
218868,55.71380375761093
218877,516.2830243658146
218888,379.0109401730357
218894,341.535412755741
218895,52.92327970740775
218897,10.904864230140987
218930,7.668731788333564
218934,7.219612348738103
218935,75.92718480700091
218939,5.970818975336785
218955,3.812077466067352
218960,40007.727833018726
218974,533.1958871163888
218980,73.79335594628857
218986,265.6291911652011
218992,851.5182126636362
218998,452.6349599451042
219003,3786.3384508451386
219014,337.1198479291209
219027,46027.082611020815
219044,100.01734006297852
219056,89.63560331593054
219061,173993.05711235048
219064,48.89406762300537
219080,71.96694884230237
219082,143.63885749207293
219086,2.015391190091142
219111,1144.5654766891835
219113,1.0330112246926975
219114,8011503.597889866
219115,639.0169928723014
219117,168087.67227327748
219118,5081.454246933792
219125,184.82311342111376
219129,1995.080475587337
219133,120.67813066380393
219134,100230.80063488097
219150,840.1154485023736
219151,91.37588946813851
219158,323639.5196790202
219164,57.445047652309654
219179,165.47959757982386
219181,4918.671408153509
219187,138.89723144481792
219193,5.233604222097639
219202,433.2108618800795
219219,125.24699171215055
219220,454.29428066551384
219226,734.4043785778678
219229,5497.668501237801
219234,921.3813112279609
219241,7.573610292907917
219243,9289702.204659361
219245,592.793729308164
219248,355.58863815420926
219261,131.7352923728301
219268,707.528177868191
219274,3909.7477926808124
219281,1055.377268915981
219285,2.161493710314958
219286,115.4928431888796
219291,41984.53073471892
219295,590.1048138805503
219296,21.487047059461002
219310,679.089600541042
219312,2.072629025043844
219319,25.4294347008065
219327,797.2710491216768
219336,160.94986755972
219349,17.453458406795463
219355,5504.044547503709
219362,8157.931967504867
219372,127.7176728250526
219376,9660.459266564565
219378,2756.805158847334
219403,16970.346974545293
219404,2164.371052613961
219408,3.6916228035094845
219411,21.466939300756888
219420,2475.584519636093
219422,3877.1148287987576
219431,2423.158252208711
219436,3.6464846367425543
219438,0.9866794922549528
219449,56.600969658003635
219472,1074.5126775154445
219479,3.8894577918036277
219481,7286.85532202635
219490,52572.72587785107
219519,2.121977752910204
219521,12908.459058745693
219527,233.8844389551385
219530,7081.198197269964
219534,5583.590247379711
219538,5672.460336690619
219540,3.8055965628710786
219545,27.438158808687525
219546,96675.94919868167
219551,95542.38248892005
219558,1383.7997609578488
219573,2831.297290258272
219574,152389.7443931741
219576,157.91636413805372
219580,19164.962555087342
219586,91.69736366683416
219612,6868.070729198436
219613,47783.90302218925
219621,57.95082068659403
219623,9946.758742898555
219624,1245.0080796068091
219643,47177.56489103462
219645,172225.29667288146
219647,13024.766076745736
219666,45.49393602086623
219668,2812.636314811268
219676,12109.608558206559
219679,48.703689780117955
219686,206.29809543619172
219691,5.075315073188833
219695,103.2521671180605
219697,3850.031075879786
219724,1565.3532349018778
219725,157.5143154610187
219744,144.14367404654772
219745,7.206831174062474
219750,15497.941745107146
219753,5501.723239978439
219758,240065.2648877375
219760,698.8501462549486
219762,14736.51229443002
219764,845.3193251400878
219769,44.39524142263264
219773,76193.91667066803
219783,1166.2761727347472
219791,17107.827153994665
219799,20.09803122298687
219800,168.3926859569137
219821,46.37706786127757
219826,29.946037060195962
219851,3899.5928085732676
219859,1330.1356071203488
219861,6293.978560273812
219868,117910.32719442318
219886,467336.8882698583
219889,5.397830941848697
219897,696.0422365269809
219917,658.6298841015833
219920,44701.77094755903
219924,291497.2044187507
219933,11.479661507987107
219945,1195.342436716338
219949,105.62543722985191
219953,760.9666481482894
219954,108.31139742950738
219955,1091.1684126136565
219959,8507.338848880321
219971,0.9893992344549402
219975,67.02694051388164
219979,770.0899604051896
219982,427.60099194351915
219988,10.340779287706892
219990,3746489.122312609
219994,51958.35644690926
219995,0.9298115885322334
220007,1.0306240067538137
220015,14.968353757157045
220016,2202.0471841864405
220019,273280.5951376264
220022,393.84999066729694
220032,3895896.5513583603
220052,44.94249859716062
220056,23.66101240837073
220069,5199.724772461206
220076,114.07423856905412
220077,4850935.181751661
220081,30.430350635873456
220083,1279.7423012631764
220084,277.81726920901434
220086,6869.244626525601
220105,36.627758025829436
220117,218.20037834187016
220124,11.394151362361495
220130,3.8199260406171143
220138,547.2811606632039
220149,639328.5174779075
220166,101.80307097014386
220170,222.4464204250456
220173,19.902822090106397
220177,210563.13885567122
220181,152.89273293267374
220186,1.0298835074244925
220199,294.6788762784673
220200,21.05532265164965
220211,33957.55916783429
220214,30.463105792900908
220231,249478.5849879181
220235,87.41063433958831
220240,1.9488344264258985
220247,55.61724648852812
220262,137.43465314790578
220263,93.53672064958678
220265,557.8905211164088
220266,1182.0265637967168
220269,4238.034847854732
220276,4.0176974858987045
220278,5543.880984528484
220296,90.01181206267499
220302,6.805242267331905
220307,39.86957180093774
220313,47206.50768407426
220314,1347.68720847177
220329,556903.9977762533
220334,1168.9916760199142
220339,259.32355145795856
220343,14325635.774978593
220345,6.811104288888734
220346,79.83845523537559
220350,3.039612793555892
220351,101756.07694474806
220354,101.61371561970148
220365,3090.777146774945
220386,109.93949194152059
220388,5669.923133733328
220402,2998.6770549346315
220413,14154622.308322923
220414,86.10439606566463
220417,50.89711961896912
220420,2.0737402445494126
220423,15.323230486951495
220424,351.0946039528677
220430,94.98259560759786
220432,2509.4174016700267
220435,55744.11173453655
220442,1168.1781581203863
220457,1811.107569967207
220467,1.0632233030227454
220469,7.093795275503667
220481,483.66548164235905
220486,14.617814874773467
220491,2.013124163696578
220495,93.2457658591679
220500,416657.64093990077
220506,727.222678921006
220530,1.0742775986061186
220533,951.0500442166749
220534,965.0995882368112
220536,45.56761563832009
220562,173.71789313470177
220571,51.21441090040198
220574,62.35486943643239
220580,0.9676960353855991
220585,835.0880345678181
220589,189.81691599506885
220591,135.1156160159774
220593,3631.90375304087
220598,13.559810698530406
220599,1212.5346579910902
220602,207.03844760047542
220605,88448.52514196187
220607,236.20657450147715
220612,31.866369215556965
220623,52.66229088794029
220626,1.944560979505491
220633,0.8993623513870654
220635,1.0009814083743325
220651,53.00138933723741
220677,79.8156923221407
220681,19.39358258872656
220693,67.47399634912009
220697,302960.36864823906
220711,294.45703158374477
220721,107.26376383567703
220730,179.50935502197984
220732,0.9527536265293145
220746,83.82352249251917
220748,425.66024893385304
220754,289.86223173611387
220756,303.1368476246448
220759,1.028048299929877
220768,7.8387340488294734
220769,4284.26704311345
220778,21454.605830356675
220781,8.660851186270085
220782,218.727832012274
220789,20.652381101585874
220793,3651.1030442128485
220797,64.47259995864594
220798,1024.764475913958
220807,178.59482825015584
220812,67.68573909761008
220838,2.943688415612484
220840,5295.9041848112265
220844,70.8023218306171
220846,1428.0317837257242
220848,2369521.978382186
220860,97.21551846461287
220866,10.08469071560973
220869,74.90579500287645
220877,2.0009406218664614
220891,201.35325880694728
220894,499253.24049492495
220906,422.54134153790704
220910,100.9184631644764
220920,10.436363509811155
220925,2280375.1824577656
220927,16.28505615181281
220928,553.5623300777173
220929,3.15084134525795
220937,1.0547448743407362
220938,13984.791293192517
220944,67.0485555101375
220951,348571.84146153776
220959,94.86753983493202
220965,95.27711201281804
220972,30.5843997052294
220973,83.12213047114555
220976,2882.2843756462494
220977,27.696122909955577
220980,1543.9849714217996
220982,13747.982262203926
220984,12.748447215796888
220988,15523.122419723071
220991,1.9917467116754057
221008,3185.2027260534496
221010,245.83670607309952
221016,26.049416482088485
221029,3472554.9245747025
221031,89.39966577587616
221034,41.087870856929854
221038,300.83525842695286
221051,41.56504824712868
221073,21001.692362470298
221088,13.478361675859121
221093,10466.917698665804
221095,27.6707237277421
221106,25.477887878894645
221107,513.4919882859103
221114,13.986441806119462
221117,1.9823959666726303
221134,26.738099083967327
221135,255.49503329621618
221139,3438594.400791509
221144,2356.0091559383727
221155,24635.088240828525
221161,571.3333670844993
221167,5.576769960254844
221179,6.951663450214394
221195,2429.027281151234
221196,77.60681464889927
221197,325.0301626493956
221199,6110.024732740412
221202,963.254065970548
221207,283.21306919965025
221210,17081.442403865392
221211,3.2251688772375613
221214,141.92704341607754
221216,246174.28571723707
221229,2098.7553386474065
221235,6018.277860026692
221236,2965.165771381527
221237,177.97337361313916
221238,29.888868009007187
221252,1729.3071691947614
221254,5379.370449166657
221256,144.24490315064023
221257,84167.80386036108
221259,1.9703665660966871
221265,240.24777693515134
221269,2266.7066734987525
221271,7035.7779797192725
221282,119040.98066941948
221286,0.9285217537433718
221287,7634.7197865106555
221294,4050.761861785579
221298,7.436405743966021
221299,1939.4647127280132
221310,6504.749668659053
221314,211.1343895362894
221319,4850.681533573263
221320,38.390299648407336
221321,79.42825397524742
221324,5276.865746036638
221331,14512.4750756402
221333,1215.4124301943662
221341,5024.714376008068
221370,10.481973511809063
221374,622.2474665600216
221376,1635.097414662807
221386,209.79669345143773
221401,6433.479335508859
221402,1623.8493432048983
221405,101.84831527090769
221406,30093.89873503643
221411,1163.5072726488597
221431,2814.242407272964
221432,368.8871026060736
221443,72.11537255687121
221450,3680.3086688196745
221453,183643.6993187952
221468,1090.577830311792
221474,9164.335798217151
221476,17.28590579349572
221478,11.09177718219393
221481,109.01719088479894
221483,18.583573739981517
221486,6037.103020689115
221491,3046.6932962160145
221493,70.75221302604184
221506,1.0754982549734224
221508,3227.284592353037
221513,267.77175168244753
221516,7650.8358763908345
221538,4278.640007368887
221539,981.6902684140827
221541,190457.88683699432
221547,1029.0073380876556
221553,126602.44527548812
221555,409827.65791407414
221566,209250.14260146645
221567,7.318993202381055
221569,57324.68631239935
221581,2000.3973687386808
221582,449411.18992629217
221587,7925.586060668598
221611,46.1883232404449
221612,37.31390676816296
221617,8164.262040785527
221627,5773.507367276018
221637,4617.927138576928
221643,1128.0491273113853
221644,4948.7894262056225
221645,10.544958998783423
221651,5251.43733831825
221655,6.259513102013389
221661,28.899815852379167
221664,1.9402416705361991
221668,720.6152841415786
221670,53.710910351656075
221673,5.194486125259752
221675,7333.306902169325
221676,3363.1867047255755
221678,15553.88672957921
221682,11457.731979427772
221686,58.6428841570589
221699,1.996512164734196
221706,11327.867076241297
221725,2124.59167171944
221727,103193.37019586845
221736,128.24289372093463
221738,249065.68682525202
221741,7140.09095530021
221770,9312.92822553599
221781,13365.5419167439
221782,1072.1677212963518
221784,14105.930665144566
221796,112.2724731140323
221804,235955.20690567355
221807,949.4978191765177
221808,2489.9596621692313
221812,204768.11063428235
221818,5568.1362014856
221826,388202.8229548022
221828,2184.396369088064
221833,206802.68827410782
221843,266.5853870918395
221850,218.08570069375446
221851,2960.8132871408993
221855,444987.64313687343
221865,13.532086481089287
221868,24500.257042686775
221882,21.471587795212624
221884,603.9111236391333
221890,2964.0351110466545
221902,26.403338735249246
221912,24.049470945400845
221914,2174.304403332287
221930,3140.9252117286205
221951,289087.04768093413
221967,29064.889692747296
221968,109.89176858160188
221969,402923.94788268436
221970,1.049501892659511
221971,215.85087657271964
221975,1356.555610277032
221979,1276.4486178529141
221984,325810.93015301845
221989,10715.793109002498
221990,6277.076430004324
221998,3992.167749433885
222013,4209.523056998992
222019,86018.52081552139
222031,6159.536440080981
222042,312.9197420485745
222050,905.1674557315927
222061,105864.3615178756
222064,19.84482990414256
222066,0.9504427572777772
222086,216.106716368653
222093,1866.5305812392373
222114,200604.79882631346
222128,71744.41261267434
222129,5870.281979956804
222139,1089.635665405991
222142,308.1286550766296
222150,606.3828497786615
222152,813.6274381927992
222165,5.281265195781471
222170,5.908293145610616
222174,365.46388554525294
222184,2681.3213431781273
222194,3576.7583382034704
222195,59443.982238523444
222197,12.830987706915645
222200,133.92050062839445
222202,3.8762237786767515
222215,706411.3509458827
222217,182.5012071330959
222223,2243.4827994988223
222233,12.16578960337223
222250,256.59522028326916
222253,71866.06453035049
222260,482.300948788492
222261,1.0342722415715682
222262,293433.8002747923
222266,115.70944463790525
222275,70414.29681373118
222280,9.851661066247358
222282,252.34014586933233
222284,341367.9691426883
222290,34.404931839288025
222299,42087.45064054537
222317,79.7192207381831
222318,5819.9667282161545
222324,1015.3192728075246
222336,1.0133188394319654
222338,2043.4662822305747
222342,172.68030061354554
222345,1104.4055408543138
222352,61137.97646116856
222353,1354208.553271401
222373,452985.51640679233
222377,2941.585022323464
222378,7.255432706391205
222382,3467.8160908824225
222386,330273.4762047044
222388,8.368411673003678
222392,1.944464607483883
222394,4904.400032546481
222399,94.34470757116569
222404,3660.3282181528143
222408,6.187335605521359
222409,4.042699550915021
222416,386498.37847197603
222417,2038.356536656857
222419,39.58602866187042
222420,2433.962729309665
222422,1320.170195247305
222423,1450.8056422138518
222425,4710.135081529573
222426,1217.440947727098
222436,3.8398865020345956
222439,1000.8835384926814
222444,56.97490339127248
222445,683.2645255500972
222447,635.6134523397442
222449,123.57271096150731
222457,793832.9946345952
222465,191.85193796198567
222475,3787.475859844189
222476,5.990285790642224
222479,74.28053934004033
222499,467608.8827404044
222505,4.129946095255205
222519,16.239313690279168
222524,50197.25930150526
222527,112.1653995569907
222532,7.180124975946339
222534,145.65701006584615
222539,272443.6717841064
222540,1.0237846344829646
222558,14.751913444363458
222564,4.9912477637151005
222567,540.5615551926642
222573,7.716422319188409
222589,4.191293638404685
222598,1516.1168025814748
222603,507.77870693884046
222605,5184.480454504839
222620,5.919316745678783
222625,13.36951220002101
222626,1093.4888580075522
222630,2373.220883291607
222646,1.0387816037522366
222663,74.46182775502594
222665,19856.36051832756
222666,8.752923495503584
222670,7708.745100373654
222672,7621.673614656446
222674,196328.7773901101
222683,736.1480821452146
222694,4391.193989932223
222711,7883810.315936794
222715,4259.110937777193
222718,37.083561591108165
222731,11.45749427770464
222749,340598.0267826029
222769,259.82040521906254
222778,2934.9635761723644
222781,40.627870830301916
222786,1316.101859373525
222787,206.07151133345934
222792,2755.8057284198535
222806,187.6479168134082
222808,1430.4606856388816
222809,311.70560825238135
222828,26.32399522661921
222830,185.23853515841603
222831,36.91780516926997
222834,9.509145992042702
222842,17.7319660600249
222851,21.769920358878068
222856,139.02449457663485
222870,95.59293293808923
222872,41.17012668837418
222874,553.3715036171965
222878,14.277267489041693
222888,219.87846244809757
222895,289.1500190399392
222897,910.4680316206955
222903,323202.99004543223
222904,103.2105072614435
222911,146.40701798610422
222913,117465.19953533642
222914,26.081516245074102
222921,1297.8152144974117
222924,14675.929411045241
222928,33.74401229298429
222937,66.68842040751844
222939,322.6143003945067
222944,17.284198128007514
222956,2.1233932846464576
222957,1.897307952092624
222958,30.49522851679436
222962,10565.075329361662
222970,1118.2719423138979
222976,16.58634063796923
222982,95.6725147325366
222997,14.770945668654576
222999,362.61477089039045
223019,15.794299020223345
223028,562.0496577308454
223031,1292.448336668703
223042,74.29818320696998
223056,828.505732805647
223063,5.6477964234023865
223067,11098.05418413605
223069,9.07292710341016
223070,7848273.024862718
223072,23.802402545218936
223074,11.151927941230024
223105,194129.8720358986
223107,455465.64742600033
223108,2529.07660337451
223109,954.3628424730565
223113,120.04918154758046
223115,2.7939023051612804
223120,107.00275269844067
223125,14.450229363889873
223135,2863.5552188447946
223136,2315.8948202950182
223139,5.688488290768985
223141,106616.02147895079
223145,181.7154207477495
223156,1.0519014593622567
223159,1144.3884081612266
223160,276.3351701230286
223162,10544.643106191432
223185,26.091297708176604
223192,288158.72613219486
223200,14.866592826819891
223201,30.438068684273226
223207,4625.495236713611
223208,1579.6714584613812
223209,20.52032227063799
223212,6.834053483582198
223213,122.3017525217698
223224,188032.9444589935
223244,496.28120760734834
223245,28.433574289348822
223257,1935.257000927065
223260,9.915133519819108
223261,23278.922891828435
223263,1661.9796820119648
223268,207721.9679841497
223273,788.1607925710623
223277,4226.131396353511
223281,21.551586995138152
223291,11.111091257702082
223292,1347.6689615027162
223296,968.266345578161
223304,81.53381360709167
223317,1273.4553910186771
223319,12.078783241122462
223332,206790.14460511136
223333,11.008857851223109
223344,6.186270583081521
223359,225409.57970914338
223368,9.353625392580087
223374,2294.253236267656
223375,30.58867055951572
223377,1850.6277115042044
223379,110572.18443057395
223381,21.42279260111346
223389,982.051441116874
223399,975.3340409957109
223404,865.7024301766795
223412,6.9834362793388145
223414,748.2991975953518
223425,2918.1645495047837
223429,4606.357902548565
223442,103.5025529766108
223452,2623.178879668646
223460,22.878436969757423
223461,263.74593488915065
223465,2.2041986845060397
223474,1.9882693186564293
223479,40121.32445237768
223493,181707.2156485179
223501,817.2875311466986
223508,65.1904740743295
223511,4.963849063469276
223515,497209.1417540025
223525,14.087776915485021
223533,1856.2844682444081
223538,23.055911543805507
223539,111.87313315456066
223548,13.342604174762473
223550,332.8793126541019
223555,46112.63467753777
223556,2717.2141293383934
223568,220983.00104490717
223577,157.86012392401202
223580,736.9440055486812
223582,9136.23043601711
223588,62.77725428593453
223592,43.46365349039035
223593,102.31478503247997
223596,2427.5105144318604
223598,29.366836273331362
223611,1641.3753182095015
223613,192645.22204850923
223614,2607.0596975844096
223615,35.4659301804923
223633,131684.40572042527
223634,9.48460589710965
223649,6.156456487469594
223660,17365.14415246483
223661,1390.8114033215377
223662,1605.9227622763308
223673,868.4036274088628
223691,1659.3667636088237
223694,116793.97340833637
223695,29795.51597552124
223702,57626.58559501284
223712,9.025350286531395
223717,1175.5483632599394
223719,0.9948735173954568
223722,3.1356131802958096
223733,14.646975234725161
223737,26.697323615973424
223741,1449.116049822405
223743,1.0329602032449448
223748,1071.0772234784552
223757,66.25570143576874
223768,0.8905392989937888
223772,1.0079847525578205
223782,19.87712980285257
223790,95788.64314051821
223791,3.0600836544464665
223799,51071.7717143652
223801,26.730740455166746
223806,1930.6848582587886
223820,13.26834405985369
223826,43.33153169679133
223838,399.32572153125744
223840,3080.1977108397737
223849,31.163930743835
223850,41153.214269060234
223854,0.9967172387173584
223876,2.0736213947882387
223879,1.1277376113191893
223892,40.68872222357078
223894,502.78695412935133
223906,47.7086212906309
223910,126938.91246284255
223914,5400.7802886550935
223917,35.3739921742986
223922,4.978561869448971
223930,2.967892093889248
223935,152133.24445562784
223941,10644.21616605281
223946,742.0161598867529
223975,615.8999870348036
223987,13.432947378590296
224003,15.45869229988422
224037,64191.68577005498
224041,1199.7669155279752
224047,275.4599636489303
224051,1670.46200153649
224073,7.896436450328926
224075,23.902811390521634
224079,719.3214510532232
224086,135.97283334699245
224095,3001.1536708930075
224099,0.9923655576290331
224104,1349.4085960799853
224116,9.17608533666374
224137,110.80808786784583
224145,3695.044439876214
224148,16.59850316681508
224164,1397.9523483026658
224165,3929.4594130479395
224168,2702007.031080196
224171,335.0411358062301
224175,4740.498003818648
224192,1452.7705121062847
224194,43.752278396618905
224196,1.9657960465553468
224204,2257.0740679168625
224205,27.976081460610327
224210,146616.8470356491
224212,4.897507139065629
224227,1366.0525984793892
224228,141.60899067295935
224236,38.5609092869686
224238,31.80683711142832
224240,39.8689526346039
224268,2160.0376378430065
224275,35.136894409203364
224277,4385.984184910814
224279,4119.079506651123
224288,2290668.5965819894
224294,61.53246231421707
224299,138676.8527069763
224301,627.1418761551428
224311,34.94026185383049
224315,3120.881851953285
224323,8242.561349854803
224328,5.228445808321746
224335,952773.4247517313
224344,29.753309511026867
224349,2.0100385778492242
224353,2188492.292297476
224356,4513.943209090414
224359,129.97167747391885
224371,1486.0626013995047
224375,72.13000045739375
224376,188.59665719783894
224377,470.07815120939347
224378,160.6225913779865
224383,483614.62696132617
224393,3812.1811066998216
224397,3062.332615668544
224403,6.780701708059128
224408,4860.332065283698
224427,249689.29434469077
224430,145.22735304595116
224438,72.18726101990521
224446,58.97251644928795
224448,981.3967857934654
224452,5344.257377851094
224472,95.56596117086548
224477,13.092655537915613
224478,766.0558144004077
224484,2312268.3530911277
224485,10134.15940034029
224492,4708.2404408769235
224494,416026.614761805
224495,9933.508142261684
224509,4275.237917119254
224510,2.0163349075079013
224514,577701.5557787324
224527,88297.36396134736
224532,162.9060453932769
224539,2.813142064745666
224545,4.297325865367479
224550,1738.0999034570095
224567,95.25502328944471
224568,56400.284464972836
224574,1.0474759720208962
224580,45.37858854714712
224582,17.232443709315916
224596,5.268558708465514
224608,323.6651748973396
224609,23511.48956374132
224618,441.4777080855781
224623,2.664506238155176
224624,13059.698709448214
224627,15.236623264082311
224642,3619.024357276983
224643,161065.98365493305
224645,1.9532598279497986
224655,149.10697402930893
224658,5.27025050020523
224662,1305.8686057088512
224664,131.0016576499918
224668,4.713505340409172
224671,47599.686859833
224675,45.818208532287315
224677,269.150303398696
224681,125728.97080016824
224687,61.83732104857011
224698,2983.3606490992674
224699,185.81928574649248
224715,2100.942451560189
224725,59603.51477647635
224728,106.30651217165527
224735,96.1099611704459
224738,132358.36182774478
224753,132.85126745726146
224758,327.06751585982545
224771,214.93544399448612
224795,16.570034353506838
224797,218.23056143689848
224798,6.426131009684501
224810,580.8670375181081
224812,3.665876629487772
224813,234.52792679102222
224818,60.91008034930559
224820,639.6736559695217
224821,100.80705402640024
224822,70.38466703657684
224825,12335.929860724575
224828,10200.754503643795
224833,733.1497530513784
224841,57.912706878580664
224846,130619.70408823437
224850,2.961245668139627
224851,189.26341108396358
224854,547.8343169566532
224865,20.943311096304207
224866,130.1604009260414
224870,38.90089176885299
224882,1434.4374250777225
224890,27.41641066842717
224898,248.60224730725247
224899,544.4229271617323
224904,16000.414900105598
224913,404.1448775641943
224914,24.455932795801132
224918,32.88192774472265
224919,105.50983665084236
224921,150248.57684957387
224925,246.35411984900665
224927,106.34638169371605
224929,11.138808067820548
224931,597.746094149775
224958,12186.364882251113
224961,192452.40952405654
224970,11676.64536866672
224971,161794.7586451314
224979,267.6777883108475
224980,141.1768674277091
224982,26.535834677132968
224987,1678.9696102994158
224989,181892.87697113524
224993,21.887173215416897
224995,4.092674703936364
225000,15736.263133576997
225009,15.55905292730186
225012,17644.195357370085
225019,328.392315669839
225025,139.37132141460006
225028,8392.63809507941
225030,41.72760025076585
225031,416875.0076858165
225036,39.83860139897437
225038,10259.96323824833
225040,466.4690367107543
225044,182443.4560537848
225053,2271.9154343341825
225060,3892.214308169282
225082,2521.7341436661736
225092,46.62137813949975
225095,39445.89265265466
225097,150439.39776360718
225104,18.605324727053095
225112,7112.33519545861
225114,8.481704148383615
225123,267.3934847620434
225128,920.8414473172033
225129,200.55502335031179
225130,457.0868101137799
225140,75.30454263805169
225151,894.1060874440155
225156,2856.0697185747294
225157,393.80296083501537
225186,8.386340505055397
225222,149.7997465923941
225226,4657.374762717931
225231,2052.6367544439972
225233,139.72404465302034
225235,1260.8690387843408
225238,303074.3507499371
225247,16.39142972464557
225248,191.325885489313
225261,1399.4910005962884
225272,522.1101265035115
225282,700.1232260510459
225293,1897.07351678169
225298,328.66298724175243
225305,2.2546694172758186
225306,110350.12116475022
225323,28.01592808950625
225332,693.3228728423785
225333,170.83755248375994
225348,392953.8503840601
225349,114918.28396962456
225357,3420.6563461941414
225358,43626.49554143164
225360,478063.95732124255
225361,123.81331955632791
225363,50.174373418332145
225366,425597.2968688427
225369,131.48744058115668
225371,155.4186636352948
225374,680.0859765029356
225383,2434.9090891339765
225387,1119.7871483758124
225395,14.76002044537737
225396,643.7693075475007
225409,478172.1006475115
225413,141.50678859008937
225416,379.405501373832
225423,42713.45636783347
225434,1044.982314182128
225439,904.5685047747243
225445,2376.0163171368417
225461,1391.9813590847323
225463,864380.9702240647
225474,2.90969555069734
225500,1334.300225669945
225504,2985.9466181858606
225508,11.070507022227366
225509,4749.353338878484
225520,126.2198699267687
225524,460491.11389091425
225528,2946.83252824257
225532,165.07301748212117
225538,14209.882404513626
225539,2.024498921152667
225548,118.95843213430125
225555,51824.839989183216
225562,8011.042347559064
225563,11057.212954400718
225570,1553.6493726362773
225577,10834.338613806614
225581,6609908.2357471865
225583,214.40703208953337
225592,1.0050148876838458
225594,1998.9547076889644
225597,25.083321192842607
225604,9.03002166166037
225611,166.83324068569647
225637,0.9278632166742024
225639,3149.5032542900735
225645,13580.830207073295
225648,1112.490922769708
225657,10429.891155315523
225658,94.67499469969071
225665,3531.6694751994455
225671,217170.34037222597
225680,740.7532085333225
225682,2.112875752880047
225684,128.10927481924017
225686,1189.3249014326054
225687,52.54393358259604
225690,1999.007177644921
225692,1614.5751595422662
225696,7294.650442623827
225699,268224.3076208238
225717,530998.9398881557
225720,16.254607707327075
225736,261208.78027076687
225738,232.01167806303928
225740,3389.662286547793
225741,3563.300509514458
225747,445.65302664480913
225749,151730.2555037032
225761,6594.020812663366
225769,241996.9719093103
225774,2760.41709209495
225775,3190.26160338984
225782,78496.9708182344
225791,1515.454598722752
225802,3072.3201125024366
225805,429.39033582574825
225808,16557.98632635454
225812,13478.757513786568
225813,2602.8399333307098
225831,335719.3703493892
225839,789.9217979221808
225844,81882.82952820092
225854,4104.61873070895
225860,25.513195005040735
225866,5567.197859095781
225874,785.509242540522
225876,131666.83631735112
225880,677074.6970474421
225889,1554.9833455326768
225899,8428483.415633185
225903,173.78647311879274
225904,934.3991679549916
225924,1608.782044275452
225928,3942.3297649690276
225949,173.78855043233884
225950,673910.0107287272
225954,103.05847912882834
225957,5833.980785845152
225965,17.95474886439198
225967,7192.94296141501
225970,218.1001213658464
225972,280.5596421027473
225974,8119.82394424328
225978,16235.890100087772
225981,403991.71493337
225987,297.04104198258557
226002,5242.243607724604
226006,60895.43015324324
226017,147448.1688697776
226031,17596.891602139764
226032,53.32074346254706
226043,1.0781195524042888
226052,0.9268917625867575
226053,0.970285709339172
226057,18782.19273853974
226060,7332.580909952551
226062,382.94469373487016
226079,76913.04134756172
226086,1427.2547385143562
226088,21.60550754099101
226089,183191.51392845478
226090,476.118568448872
226093,1296.5116407235248
226107,578.4045734459082
226108,2740.3741861813396
226117,12972.440612282897
226128,1.9993319486437946
226136,2965.508117155365
226141,10.199517008449412
226144,11363.049470138334
226148,7128.083534231013
226168,3648.9017786044888
226193,1697.8384117590888
226194,36.674318086299614
226199,11.702897730522146
226202,6390.396146474015
226210,445.7953754432432
226213,1282.1891995123103
226221,1971.5325803515032
226230,8586.733056015573
226231,1432.5003886658073
226234,3450.385181184615
226257,280.098358665363
226260,2.927050447394443
226261,1777.6348056174304
226263,19.94331940949338
226294,2466.9167294570966
226295,9851.254456445904
226303,6172.16454790597
226306,21263.591700215537
226310,6.774015965937446
226312,485.1517272010035
226315,183.57131168322547
226335,1731.800889793964
226338,2.146281460673064
226343,16.505335077642595
226349,120916.116660052
226355,1366.310842277662
226358,59.31227162426183
226371,423.0428047407606
226378,16594.392633194242
226388,12.639709634477814
226392,8073.814900044807
226396,1852.0917688596844
226403,294.28653086885004
226408,4.290423781476316
226419,10981.473140959119
226420,3172.8498722458535
226422,7000.983299188363
226427,13.760776056206058
226428,138084.77056645002
226438,52280.58031799414
226453,34642.6311247348
226454,1509.4469166890435
226455,51.8747116551759
226456,114309.39576675893
226471,1175.4355671691349
226484,69374.29477615871
226486,19256.29493900771
226494,47.43050717638696
226508,16.05839762715735
226509,3479.213038006928
226510,7509.212087351792
226517,8888.66191219136
226524,6074.2086630886815
226528,170.79405430881795
226533,4666.249264251592
226551,11704.508554365277
226552,156.69145005388455
226558,3454.193571782373
226561,309780.2934671611
226563,16670.258907242227
226572,145.45841759831566
226578,4984.665528916722
226586,578.0706715634547
226589,5815.684152426166
226593,105.57286820293534
226596,5234.500021035156
226598,83.93464802810298
226600,4831.705204417227
226617,18.50917061348904
226619,43.03623049577063
226622,5249.445504536218
226626,3980.215452225378
226640,5094.03222032867
226645,50.26275856450357
226648,4851.205566624925
226649,68.00335767192377
226650,8.937323740958513
226655,373.4869960088227
226668,549958.6370078652
226670,10122.422240456232
226690,1.972971150163745
226691,75.18390454610251
226694,22187.189482495458
226706,423.7244865563085
226709,388.5402329464645
226710,65.45770676659437
226716,13.546326201812276
226719,6414.550837379171
226722,1.0623821666969893
226726,21719.395336198413
226729,28.64803732001678
226746,1.0021639297489437
226753,63.22905194010132
226777,5.213649987720023
226783,290848.43496681686
226807,3654.9519081965714
226846,10.670274332394815
226853,103.2817708231981
226854,2931.6892272960495
226862,361976.5970681112
226867,23.315015788844434
226874,4182.194961155217
226875,5929.448717853447
226880,15.548463930193485
226884,2730.462169080024
226890,3248.752623871315
226896,522.0351706280251
226899,30.80597590454029
226902,141.89513601193568
226905,47.23941855700201
226911,74.74891989565491
226913,539476.5499430742
226920,19.911076134363437
226926,1284.2711888993745
226932,1896.6849852805137
226936,46.66911416280207
226937,5125.599007770445
226947,48.508429912981995
226969,63050.931842252336
226970,993.8733291023208
226974,157561.25319273776
226976,26.360425391024012
226979,2231.9260974431236
226994,473.43020057712613
227000,2.8437252043906738
227004,7.377473645690935
227014,279.4713577545657
227017,4828.105370206152
227025,1.085185678059416
227030,147115.94087161674
227042,352.2302194679546
227043,891.9182362893282
227046,2539.8454176639207
227056,750.8827702418081
227057,8.553638176962572
227069,1815.400437027887
227070,9610.402040758483
227075,32.00634598861721
227085,2.852139187924284
227086,37.026471705337926
227094,11500.522772922743
227107,12.35479477832918
227114,884.7219311430789
227126,5.796124097030425
227127,1.9327196532024835
227150,1170.7211536662371
227153,50580.085797486965
227158,6700.034606253328
227165,66298.06236494919
227167,4209.636795283588
227170,10513.34890405123
227172,554511.3367183164
227175,664.2894646425021
227177,4781.763249236149
227178,9556.795784776526
227210,1.8899848863864332
227211,1413.0079072715027
227213,1.8362508405120759
227218,3620.644228872584
227221,5120.669299068886
227227,660.1412447062309
227229,528.8292543832147
227234,5047.867339846567
227243,1.0659952103139574
227247,10418.320779801734
227250,3555.8204978856083
227255,157687.72967154518
227262,966.1830689419178
227288,14879.115271766244
227292,337.24781992232585
227294,1069.0749865107823
227307,10067.24580872158
227314,2071.5350548568363
227316,212858.65049705477
227318,17.697787527994908
227329,24.89243686208021
227335,628.633521443466
227336,1.0274513893279449
227340,3234.654420343917
227344,551.8012544649789
227345,3825.3541383980632
227350,649395.3422410844
227351,1788.6845550323192
227356,2722.1753501041253
227360,55.83516905093847
227365,857.2665620421126
227366,75500.85562977567
227368,12792.725356744068
227402,59.140907962001556
227406,5.939652115606133
227408,4856.355020885547
227416,59.237232257117576
227417,3083.3644564401866
227431,1478.2482591661953
227432,59944.46236067715
227437,919.7481209973466
227442,3847.2119328341496
227449,735.4312724049695
227450,1605.9310582870023
227452,4102.485217406615
227461,1483.148765165061
227462,31533.226654448383
227466,48709.00653556497
227476,3560.32173256788
227490,6055.064927043275
227491,2.007435589771295
227498,16.417514529543084
227514,1962.6486767113322
227517,127737.4243184596
227518,3.3605359351659194
227525,146924.17422542337
227531,373108.8599865055
227545,1.0259101134928836
227546,5756.278623132578
227559,3061.4704164970008
227562,147.94043822594338
227565,657.4802982217294
227568,92037.80778304658
227574,5330.904082094469
227584,2.0754742656728458
227594,231.7743268727723
227596,2338.779502957531
227597,4263.194461053644
227598,255.1686704412367
227610,3704.729383121676
227612,139929.91555133116
227624,64.14319038824605
227636,4869.527378661734
227643,33.570998610756725
227655,807.3438125617131
227659,592.7764966675238
227662,308.7615369461786
227663,46.08987744003687
227668,4638.419485624121
227672,233822.9056237592
227675,2.712946087048084
227677,628.9402116974841
227682,8.554061029642241
227684,2380.7716074552527
227698,1982.457020814221
227699,141.6254669118926
227709,254.36750635762917
227714,43.679465520974794
227724,420.7052314674832
227733,3.0915064641799432
227746,79.5311427733011
227748,114.59506808269978
227750,191298.23638439106
227755,36.791226864751735
227756,2465.750921425812
227757,0.9961738625284073
227759,998.2810131367158
227770,260.25829196781194
227774,32.13114314529159
227779,213.92796049692853
227781,1033.2633644456548
227786,36.85831363422339
227788,3169.548127094641
227791,906.7502380079874
227792,179226.33297430852
227797,181.56508943309228
227800,297.2750252546506
227802,44.47954311672557
227808,83.78865568385667
227822,56.77965212190413
227843,206.9775909156218
227853,4314.756328973008
227859,4844.718950411466
227862,127.53059479307032
227868,9.742794952864685
227870,0.9011860523616939
227873,2893.2735944436404
227876,926.7008311408781
227884,293.806587877559
227888,4776.146811025449
227900,18.852712479231325
227901,146.81148689563088
227907,57.05635298324504
227914,11.321339565104749
227916,3895.448877690782
227921,258095.08013167448
227927,1332.3228031710823
227928,1.0563952279114228
227935,133754.1321294597
227937,36.476356737665206
227939,49.54352168358453
227940,2.133981483955869
227943,28.486622246308002
227951,396.3029725444711
227956,12637.923361785575
227968,26213.494475238018
227969,21.499794322023696
227971,266.35724594123855
227973,2558.3872058716865
227978,37.567578235690334
227981,33163.67198891924
227986,1578.7182433780208
227993,11487.815791019146
228000,18.554519277222834
228003,40152.214655553405
228019,227.873655852969
228021,270.2346257690798
228022,26319.170348702162
228023,1166.5630164542329
228030,1272.292556911371
228035,398.02914359823683
228041,0.9928367729799176
228046,2411.8544083505913
228064,1523.3309362997554
228070,1589.644173926582
228076,47765.619478605884
228079,2730.9383000729904
228095,1.9778942210837276
228104,1067.0512311005864
228106,0.993026939628958
228114,4.176624630140138
228117,17182.970150598077
228120,1869.2568899973269
228128,170.26422772283118
228139,1.078586082424935
228142,2680.6607678905643
228144,21689.099849773014
228146,15016.160957326696
228151,93.38963423137842
228158,154.96390063922573
228163,17062.111200954623
228168,20247.150348534913
228173,58.629142118703605
228175,106.29108540867311
228182,2066.2236725692414
228183,39.93924443992559
228191,19483.80087054785
228198,25.939462110952373
228207,24.396305657694406
228210,1760.2389188819536
228212,35870.584164131455
228214,23.562856541401377
228224,353.6851157232751
228233,1863.3855708890667
228255,1.0308001255894557
228261,37597.50898893793
228270,633.6470183809889
228277,46288.21980822562
228281,2358.574888310865
228286,226.85514237637108
228289,379.3248010557121
228294,77.85350465947272
228298,619.0580508362342
228304,52.54991544363618
228306,346.20441740181394
228309,57.59730715593303
228313,18490.180729227664
228321,10775.300944040051
228327,102.28309861343524
228332,5329.780915488441
228350,1546.6349539076916
228352,9507.850219697992
228353,18936.58749909095
228373,16032.40502508489
228383,31.577685208807154
228388,15.955627781669675
228396,67.13564409730712
228403,73.75688990821733
228413,7069.831417723167
228416,1986.690292059781
228419,2356.388523072205
228423,1033.672473296251
228428,676.3345582167573
228451,68.2796218206218
228455,1.9310363975414506
228471,1167.4890845745738
228473,17071.839432673452
228479,224.21846930085567
228483,13.236988696337948
228500,153.42171605499274
228501,624.2844388539979
228504,374.77535238350805
228507,1400.7627521834684
228519,20.94222513205226
228529,534.8197354510213
228530,8258.86415785613
228537,1.892814249710712
228541,27.04971167694552
228543,131.90580022093695
228544,46.15858807573947
228547,2.0110930259096307
228551,2673.678972422863
228552,8603.2599082109
228561,1.9794900117984247
228563,728.8378021863444
228570,9.506557393765357
228577,19760.132288311823
228588,24304.68611262724
228597,8.596537485927662
228600,1153.2226351601835
228601,8411.440137377931
228604,819.7973388377537
228615,77.25352279240815
228617,13194.557320309763
228638,29.76983634813026
228639,46.05849291551665
228643,240.678867495582
228654,22200.58372790699
228661,1844.1395794023865
228678,13784.020186899388
228687,4.247303223990325
228689,204.36044866947438
228693,302.6317455069404
228696,306.2707127808316
228700,14034.165576081352
228705,121.0843386027185
228724,6.3370876679739485
228730,8.443162734583554
228732,16542.304240250898
228734,565.0476881262855
228736,64.90675146159953
228738,183.6518714314005
228740,453.08853116049966
228745,204.13123683296507
228746,274.12199911164913
228767,392.66126275407925
228815,295.60377029936694
228836,344.40234699234395
228859,329.99631810624436
228866,22326.49506646548
228874,31433.15409791508
228877,4.014634549880979
228884,23.776980255989184
228908,301.569658579044
228928,27.09010667651915
228936,2.0155436496122983
228937,93.96481123771787
228939,372.5051803847811
228946,13334.262440260172
228948,2.9355475585479365
228952,612.2935786010396
228960,112.46064334504112
228961,310.1298258591581
228974,1883.9108707380806
228976,12888.39858462748
228988,1.0196350732384722
229000,12406.521044718687
229023,6895.000327637136
229035,11945.243811168984
229042,5.218361574454765
229044,1.0480224810024972
229055,1566.944921608951
229056,19.185870754262368
229067,2408.045444294235
229068,6.022899096813344
229071,15.23961474812462
229076,11573.202976262995
229081,2856.8430685284306
229082,35.54616663745789
229090,8.971375931754844
229091,2236.298114144547
229107,5.882966886490424
229109,9.057172052522413
229111,1.0220661799014772
229120,3.0428667582014146
229122,412.420806323924
229127,12148.359509669895
229130,361.04963471417534
229134,18.740816317929138
229136,1.91437251709714
229139,6398.043939031986
229141,12681.895760863747
229146,109.68219192604421
229151,564.5149241715271
229154,8065.826187162746
229156,10.138569718825654
229158,189.12593012127763
229160,5.24718448223131
229163,125.69913351495327
229174,423.93674887861886
229176,105.13401799855137
229179,629.2533278982364
229183,9773.662741104117
229188,6.464245037383419
229189,243.4465075498523
229191,1.0334051654595466
229202,2.9554316175327764
229203,2.0165452854356998
229211,1011.8273341800224
229213,8877.75481258175
229215,995.0543866370757
229219,7.054835399747863
229234,4.077026735887175
229237,546.2322470147511
229244,198.2965761830001
229245,1055.3585744407706
229247,18.383562434855424
229251,1.040471996729913
229255,0.9778393479644463
229258,194.22135852905598
229260,124.06116179839213
229261,102.48957273331801
229262,80.10879903501653
229263,42.94795189279813
229283,6743.956977826281
229284,1957.5942846037246
229301,999.0764198879733
229310,591.132789288498
229312,1507.5300759920256
229316,135.32483609695964
229318,594.7800762399157
229319,1081.333081793552
229320,2693.9073595506725
229336,235.3718204500413
229340,204.51629999058275
229341,15.3387498358968
229352,279.5251924374251
229353,582.4958444911732
229354,50837.64311044805
229357,17.938151853949233
229363,598.9331376655175
229379,17199.763214424023
229386,24784.334842046075
229389,6.819916710282382
229395,3.0143131368413574
229398,27772.542473941063
229408,188.4666430872124
229411,4.181629995469054
229426,252.2336951063537
229438,18.75220504319304
229454,2020.5391800328896
229459,6.849778198889751
229462,379.12594395339715
229490,0.9555494968734985
229531,1256.6279668982963
229535,25453.508898800694
229536,49.99346945208602
229543,2.0812613280742474
229546,843.5021007468347
229586,656.3653581923209
229587,23050.333978369737
229591,4039.818081713674
229606,6773.974398855988
229610,2.878656369027949
229613,19.232170958926375
229618,87.60814433087982
229619,1132.493060241765
229644,17584.31728350834
229646,1057.8826828910976
229653,6.991321288098808
229655,1434.6718827619097
229658,3.082114574909812
229659,206.80637894451039
229664,6425.033874821858
229671,593.2630112158522
229675,1175.5431344302258
229680,12.467538529036648
229682,1491.8377014843634
229696,214.21444460807777
229700,0.9689807570979133
229701,129.44499443513408
229710,1425.750922003495
229712,299.342461326513
229713,8.645717187022429
229718,58280.04114225392
229722,247369.49907954154
229727,12428.245788350861
229733,24296.38835642646
229738,418.105599636303
229747,47734.375224607065
229753,262295.9986083466
229780,60.585412039789865
229783,258451.5045399949
229784,63.952853299692606
229791,2.0731467641639303
229796,2292.660440448802
229804,705.0956181933407
229812,850.4536298988249
229816,5.410501739842636
229832,59.65895030582259
229840,2.062127355351776
229845,105029.02356026859
229859,53.63423631529752
229860,152.80542191918497
229864,6.871050379930679
229877,2452.7793623051807
229883,62.5099241300146
229886,757.1671214600756
229901,2615.0554780682996
229903,39190.48974420441
229905,38.28235671719618
229906,33.687684983645724
229911,550.5346095451454
229913,136.3851181814155
229922,1680.6094696810324
229938,99817.55778640052
229945,3.104970626115156
229948,31335.860500398394
229962,108.48691439308978
229978,24.131166290658783
229979,112.11125030430654
230016,67.57993187716798
230021,454.4244384626464
230042,51.72503448781833
230049,44.39088359779636
230051,842.9058223825582
230057,1674.7548960718784
230066,1.941846180248069
230070,579.7380778092321
230073,112729.38607023038
230079,1072.767440990277
230081,66.38760168662843
230084,39.84110642652039
230092,13.581588473615442
230095,20.387041384806395
230096,4114966.866083427
230102,28922.10438266164
230104,29.50105273439965
230106,2.5450428238190828
230110,4382.201286827062
230122,0.9684200586332816
230150,14.604143123393932
230151,105.77453026242213
230155,8.587766523418683
230163,1.0095253137108378
230179,16.767674455031745
230181,433.1385922292526
230188,341.3653670579916
230196,1128.8100913344824
230201,66.7201640437071
230212,4845.060014876089
230217,386.80993478614806
230218,1158.0739999704833
230222,6.854025436104576
230224,15115.475508987582
230228,61255.617372034554
230229,2804.688663772319
230240,32392.231717253682
230247,1204.2103502754362
230248,234.3181436192677
230254,395.8196802470246
230255,243.61788729543332
230257,8335.716324014804
230261,1.984537851200018
230262,0.9474210016236037
230278,6.181450270531255
230279,139.54211055498007
230287,3.2014646261644595
230295,29863.369658971675
230303,0.8860990243541875
230305,549.7025666741412
230306,66981.09346585488
230309,2050.3994419364335
230311,32518.283125565915
230318,265.68973471816605
230320,5275.668650811446
230323,9342.525333199132
230334,401.24629924187764
230342,3.211725865474425
230343,360.6286880143444
230344,6395.662471417474
230362,110.27533644215224
230363,1373.5108463430208
230370,7931.718320609804
230376,18995.396561327823
230385,8.462816186521643
230403,735.1293724330677
230418,63060.456222660185
230435,34369.03274159218
230441,278.36839845760875
230443,26.4241771364733
230444,90.39309968492677
230448,62636.143431765566
230451,779.1819884338801
230452,261380.6474593114
230455,85.74031233375274
230461,468.9939154982302
230467,774.0823933603476
230474,101.33470006921205
230476,845.1622520180939
230481,1155.452505524385
230485,49.605763275037965
230500,245.93248254727823
230517,6.510288963044264
230522,31248.46232725527
230538,1877.35322664835
230549,3910.999179829407
230551,32298.736686591692
230563,544.4674742760234
230571,33.25843026784018
230573,59.528702200772045
230577,14.567530042289313
230595,7386.245324975041
230598,56974.00762210472
230600,580.0714969009615
230605,2597.7350445763755
230611,2180.7137919635093
230612,154.46183159378407
230619,177.5882369988941
230636,1867.0497153825154
230640,39031.47029303704
230654,294.4848270804502
230660,441.0757831418819
230668,1106.717055768629
230670,32.459844259854904
230688,26915.819477086305
230701,203.1446195248992
230702,11.670439771594108
230704,2812.2497562823805
230707,32652.20927640267
230714,52.51633684471839
230717,32.53201983616189
230718,4.108513255233107
230730,317.06501003349285
230731,32814.309333590085
230744,9667.546412560427
230745,10885.799519074719
230748,1445.9213436958796
230765,58.28074283046874
230766,3718.260447600773
230774,597.5036479869682
230777,1182.122815941006
230782,869.8923010836517
230790,369.2548935981856
230791,2.991099994663155
230800,325.78771820416324
230801,1.9634709489692057
230812,192.93951280717485
230843,3.102090742978107
230844,2.054010225972243
230847,262.7749330547412
230860,26498.90913534588
230875,2548.782866869217
230889,6520.797789659234
230909,18273.811325269548
230912,7758.579202252654
230913,18.050573797483775
230917,2522.783213538103
230924,200.76837037409493
230926,2132.088231327407
230927,269.4259929351081
230930,18016.241059456643
230931,17.424607686680822
230937,15.427154614223676
230939,12.878073381366985
230949,1552.6645330992274
230950,4000.56865520162
230961,2640.751047102803
230965,485.50220657285547
230966,143.99037817197964
230969,609.1346752772084
230980,200.53837365095097
230981,80.63324971007219
230989,789.581583075752
230997,10315.28580028566
230998,234.52176643566773
231000,252.9071357366177
231011,758.4439453541439
231028,3203.4830177738213
231035,1013.9467789765166
231037,286.9918566934387
231038,5714.148713093982
231039,41.08550231691945
231041,7.19167242104966
231043,173.66909216188628
231054,4348.376069665656
231056,990.4610928031846
231060,2.9290041232677333
231067,249.84196951857035
231070,344.4543402971923
231071,31958.944518003023
231077,3112.199380880276
231094,497.8816224448856
231099,3759.2729036449673
231102,8.813943038440044
231103,12078.509896715523
231106,2947.973040949969
231112,23.844169070750958
231115,248.8077242443209
231125,26113.376905041376
231126,9.97209859828397
231130,4703.803658464419
231132,1216.4610041039914
231137,39374.30307817005
231142,188.11119069873956
231144,0.9983830490173015
231145,403.0964207908044
231149,3.0186196708286968
231156,4903.159005442111
231160,10.223765584113277
231180,1289.9699076316388
231181,498.4505143350721
231183,1.020778932092402
231184,1346.1355256639881
231194,20.230777904442746
231195,135.68240129211355
231209,5506.838550237901
231210,1.0187530576257404
231213,86.6851249411474
231216,168.13800056037945
231217,32723.317612525352
231218,297.23632924238996
231221,3.955491347482253
231228,11606.815197241558
231231,948.0905406964354
231232,549.4033279687064
231237,135.5094148244922
231239,34.3876030580206
231248,48.63059928430339
231258,492.505720997059
231273,1030.2544713632265
231275,5945.3317818327505
231279,27313.21273228356
231287,113.25333489499282
231288,110.86930646529808
231294,1824.1664421798955
231297,2.0390741575518327
231310,4.073625877030897
231312,109.95428952018003
231318,2351.310021160851
231320,166.46909735199597
231333,1857.3092445837262
231338,1.04119926514082
231339,3303.463500005259
231347,30608.76711365924
231349,1254.168822758392
231352,25453.99790972218
231354,35.83672973542749
231355,113.696136661323
231370,13650.034057799667
231372,137.8755627830141
231376,1.8966117656548696
231378,2902.45329705347
231385,1432.2683076713888
231388,1.0665514845200224
231402,12214.110870825687
231409,7.555513193725581
231411,1061.8122075851531
231412,70.20645928614056
231420,76.07464075158359
231425,77.80385345423265
231427,49.16625156376252
231432,10.236760000610685
231433,249.5727691949233
231434,3203.855486005491
231439,112.65060835076093
231440,8922.104964657743
231441,11318.561535653165
231444,92.51029902291478
231450,165.12078033125925
231460,7791.090426154643
231475,120.60039552017216
231477,2966.458773324024
231493,46.550200724429054
231494,26.985470692109985
231508,8.076361538066566
231510,89.642216992319
231512,9.738171730611912
231537,71.23338191073242
231538,236.62039165410812
231540,1570.2499159688361
231548,28.800825951396813
231549,2.4088615396297097
231550,20.963321800818534
231554,9.03903167450367
231557,39.5161421842145
231560,4026.6209449856647
231562,1488.767951176889
231574,48.973219658492155
231575,137.7984134039548
231601,10827.227998116748
231610,0.9511420517181081
231616,121.53907393440763
231626,43.302617413028685
231629,34.95395916359919
231643,12242.232579087502
231657,46.41012634737754
231658,8.461034528210549
231659,169.7031161500983
231669,22537.219960588132
231674,418.12710090320275
231688,55.75535587716911
231691,2077.4416206619367
231697,45.72881889225995
231700,981.4606649701439
231706,25.237174522479346
231716,1016.1290738027741
231717,1064.3793348141196
231720,14364.976226481524
231721,16045.189192286567
231725,237.69056993151554
231726,468.81738663950523
231732,10923.252758495035
231743,562.0444381187632
231771,570.6443427632055
231772,792.3730799504015
231774,4.647124662018608
231786,1399.865194226213
231787,1846.459208286262
231788,21520.940395928617
231797,588.8485468218757
231802,4061.050095177179
231811,18961.30942978858
231823,41458.0431440071
231827,847.9332998557126
231834,21097.46258549106
231849,1716.590047985877
231851,456.8854193515276
231860,23233.869235561815
231865,2009.2541315951858
231884,46.88420639198269
231894,324.3406384833019
231898,261.7958445240253
231913,1069.494639410808
231916,66.66820855227928
231924,2417.0894116954237
231935,10.986192341295933
231936,751.2807589614807
231944,751.0472549015153
231955,550.6852462168672
231980,11.035888314435361
231991,2393.9128847196152
231994,1440.0704814707783
231999,18989.30111082174
232000,97.1334513493348
232002,582.0649784711898
232012,999.5030530979353
232017,3681.5932112404344
232020,17895.123863204564
232024,1117.2172329707134
232025,14.491357175516377
232042,9835.866332502177
232047,8.897075763523475
232052,296962.5436466899
232075,44.49534365792813
232084,62.55293158576493
232092,30.04186866611911
232093,1606.3405130762408
232099,21053.820368849516
232105,2721.452863293995
232110,559.2729906408782
232114,0.9880912302954946
232115,1177.7157485889757
232121,971.6872365491278
232130,21.82542490269122
232141,231.29057289833813
232152,38.81528150963215
232154,20997.55182368586
232167,135.3713232806103
232168,179.62056917054647
232176,1670.7591639723003
232199,5.217987739440862
232228,2556.963410966625
232247,176.79377278927532
232252,262.3105641711035
232266,4.844354347259255
232279,4763.888829201441
232293,0.9043918884274633
232295,114.51442770779776
232305,5899.770323439673
232310,1657218.1079673392
232331,1635566.8785599652
232332,188.59820623899526
232347,7861.032590826205
232370,8598.396871742074
232382,60.16150638905339
232383,1.0081229802046094
232389,332342.68062667595
232392,3.0369066507221243
232397,3884.7730001103005
232407,2.829417540999365
232419,9259.282129360327
232420,15980.64580725544
232426,1.0053057904229856
232429,298.1357706677864
232441,65628.46244108597
232446,150.63575565060637
232455,454.1202172265225
232458,6.4058306347145475
232461,86.97478686182995
232463,416.8509099652933
232477,5.662335005406314
232483,15.503612711958818
232505,41713.05568423762
232509,4750.662123009269
232528,3.0019870573524257
232548,10.49458765616888
232578,696.4621288105205
232581,1.092678237171757
232591,1.029370881263247
232599,56.48828901605002
232602,385.35020132760667
232609,145.32169390123846
232615,300.2504984264321
232620,234.15642563476845
232633,375.4143191519799
232635,338.04907426205153
232637,379.7126755765355
232643,108.76676981898318
232650,11420.898569801126
232659,523.2923060810316
232677,0.9931301072994123
232681,500.0197181888838
232703,449.220638406437
232722,203.59531412709575
232725,890.8244392329813
232730,213.51480889654957
232734,943.2011030502504
232737,0.9641205548023247
232741,16045.723320636578
232751,2.068954658831847
232757,12632.406624495497
232773,3255992.963455025
232777,278579.3288380369
232778,1307.6544987901334
232780,40429.42510329455
232787,24995.07662017884
232788,4250.532358952915
232793,46.22689528951957
232797,5.955794635078424
232798,7.727954612535157
232799,1266.6300849108309
232814,2983.8937933058355
232817,384600.39902460994
232829,737.913561445881
232844,444729.3759365808
232846,28.817413652325122
232874,910451.5430958616
232875,10035.772032079267
232876,524.1637001964624
232878,680.2305993016229
232894,170934.55755655046
232907,585.193702627957
232908,2522.2937135596917
232911,21048.645070779305
232919,2474.7820774857128
232923,9.807689825299112
232924,471.7686717886691
232929,1212.017659350487
232931,1513.6146265795257
232936,920.3947604634247
232937,25502.05595986806
232951,486.4946042677896
232952,931226.7949332837
232961,467.97760635821174
232969,130867.05616049017
232977,757870.1839523088
232980,2029.0057456194602
232982,45.81232155297183
232989,17074.365535320885
232994,5558.357063485239
232997,9554.372799987457
233015,16975.553124267823
233016,59.16594664361347
233024,24553.683809219572
233025,3277.478524644711
233030,1021.6610059701059
233047,292262.77294324734
233049,4655.51673202754
233055,388938.57989728695
233059,895372.5568211995
233063,347.5891293715505
233064,600.6906012177946
233065,14.512503327714887
233072,536.0308889799861
233074,247542.0841453807
233080,35986.46095520672
233082,389393.6552314657
233097,48856.31232860356
233110,899464.1884622421
233116,208.01579243425252
233121,51420.802398703214
233122,60.164073482087026
233123,19011.04309498681
233125,263.8101837268911
233136,353.09852919862243
233142,375.25820106742634
233148,764.4146517725086
233150,237080.71196949572
233167,55341.40216275232
233174,9639.60029981599
233176,388097.80925777525
233188,755245.3543576472
233191,216.2914546957471
233194,333.3006528007909
233197,11644.260611947817
233203,6627.508701514273
233208,603.3722083671148
233212,773.5395728949177
233213,326976.52115851734
233234,675.113144835566
233237,151627.7949466144
233243,318735.91285986133
233262,124.1612053384256
233269,40168.86166072636
233270,6934.476757940621
233277,303.75110526846004
233287,2767.7795310546153
233289,344.7549906757995
233291,2618.0111777507336
233298,1712.5126289929233
233302,86087.25240881395
233310,132.74204957315203
233314,1284.0763337661956
233315,16.859833142195324
233319,228967.01605651504
233336,4059.2711089608633
233350,3907.444515091087
233354,35358.55320245923
233362,389.3471723733403
233364,3132.0482574150487
233382,19.105566616191123
233383,3827.6909068733357
233389,237.62078327368852
233391,230115.032990095
233409,245.12335411099437
233418,72351.63590462654
233424,3347.504406346854
233448,4120.281023266818
233455,558.7989500806724
233459,4056.6156455254113
233460,94.04931547320619
233475,1768.4301149104476
233480,13210.856778527188
233484,27.23635390104557
233495,1278.6488206644951
233504,1219.1860453004917
233505,259.79300144265403
233506,16269.661725181004
233507,7129.19387768937
233514,858.5754441660455
233517,139.07687146703515
233520,197274.78295428102
233521,1681.9902004617818
233530,812.1234887527328
233535,250.81137543752524
233543,155.62078083266664
233554,480.82473695573145
233558,412.43614611540073
233559,4891.203040794342
233563,187449.8443091872
233564,5642.37837126485
233570,2446.1582568161693
233576,5103.9155916234095
233581,52.2559546662168
233596,5965.2521008943695
233598,755.4827959286173
233607,80.64381521757902
233613,702714.4516203398
233618,415.24353200937253
233620,694.5169572945464
233633,2566.065492437699
233639,484.8217235904476
233646,41183.426319171434
233649,48.93028109648418
233650,545.7173090257276
233657,73.91179329073086
233659,12006.334243042555
233671,132761.27600083142
233674,711.9950896601162
233681,370144.182296842
233699,59.30473647814344
233704,20.790741895144265
233707,9.803941981089055
233726,2826.6387484105944
233731,3934.3978793689703
233735,317.339138330938
233736,50.0540918245604
233741,195.24625931318053
233747,217.4848386264227
233759,28888.87090690586
233766,305.3355077742296
233785,26223.529803134894
233788,16.71933798469317
233789,179.50548585590718
233791,9.089403398167489
233796,8410.757854007064
233797,1651.1113210581934
233798,7.806789585343787
233800,800672.5095577983
233801,70980.81681729604
233803,124.93261144110387
233813,276.7068254237506
233821,13.517994832114583
233823,9664.729356192638
233830,2420.627961671895
233853,225.70516785679192
233855,59.92540277857091
233856,700.7427881536772
233857,15.5984963123385
233873,1555.1993536298012
233877,451118.7434806787
233879,8.616397465303718
233882,39.56767400927891
233886,169.82049982230293
233892,9.165706036702424
233900,13.946433014944608
233904,8861.793632909861
233913,368604.262959603
233926,1.9967449944217524
233930,6.884125149667723
233939,147.14391623983136
233952,11338.425034603992
233955,502.0514679562925
233962,1470.6631526176614
233968,9.513890998170712
233978,68.86803999886031
233983,29.509284616760525
233999,9.619747102117385
234002,21.496080501006745
234003,447.94086486502306
234004,1.0413328544987577
234007,7.806339671170211
234016,12748.936494128246
234021,1709.1683215141531
234023,468232.08829928515
234041,1023.6028100784887
234043,0.9560694073613841
234053,159.63096023789024
234064,2726245.368453384
234075,252.1292310537847
234078,32.05689153124807
234084,3.0098111803995007
234090,140.77254088982772
234091,11.329695540045437
234095,825.0946857571389
234098,122686.72092383231
234101,3116.377323647072
234105,3.0156261826334134
234107,826252.4041739607
234113,7.10080163654169
234116,766.5088615716295
234125,4.1171005823153255
234127,1263217.6248600553
234137,916993.3131473187
234141,29475.721413878597
234159,6538.560735221919
234162,4.289897245807897
234165,36.08050733690826
234170,30.727700476796052
234195,2232.9989313444707
234212,9.568246012402504
234215,6306.457530075046
234222,792798.2542993717
234223,25.974240145328444
234226,48448.478586443925
234228,63.65868627824005
234239,69.00852501117002
234241,9129.879120814687
234243,463.75135984216035
234246,299434.7232791032
234262,40.32823699152223
234271,49.73928984600973
234274,446.67224547604695
234281,23.748863219895206
234294,303.15096705070556
234295,342.088711192226
234297,25779.05745090803
234303,835604.8781867936
234304,479160.0140545173
234306,607.111452911974
234312,101815.09753363754
234313,410.03934396873336
234315,211660.019655686
234318,31.452462842212235
234320,31.973488152488198
234326,105.40675301060509
234330,20388.189857272075
234336,345.79744320432775
234345,1244111.5473480127
234346,367.4954236145163
234350,150.82645904010764
234355,6.008903039842856
234357,1317.154517997956
234369,47.33060061445377
234370,8.070593698993797
234371,5650.934547853739
234372,670.8972887662413
234379,226.74582892817017
234385,156.38481052673308
234406,488.608749984176
234413,603.0795835015522
234439,5.798833403492216
234441,429.23027964975574
234447,1218922.3233466437
234467,612.580643503203
234474,34909.5536571455
234476,9.446848758430756
234488,1060913.4134970058
234506,803.0544185344409
234516,304.22692257418095
234531,58.2578479484958
234533,81.48288612104116
234535,145.19713035610272
234543,3.995276165839856
234545,19004.80805596271
234548,1170611.8449908542
234551,39112.85625045734
234563,156.13342825348255
234575,1000796.7021419333
234578,3648.398610697626
234580,932014.8730864971
234582,10888.38702358496
234593,15.27603683840184
234617,1235719.761276162
234624,162153.49392261053
234631,10.390336220871777
234632,51.424902335988975
234635,58.81246569627945
234646,680733.5971685481
234653,648.3227665863857
234655,42420.21741652343
234659,75.06944978209637
234661,56.49814910220983
234663,16.587049552395523
234666,160.33706768786368
234673,950.5961660711941
234685,3508.188979014891
234689,1220550.7591644824
234692,49.56009649922784
234693,239969.55932106942
234704,117.51200519832898
234707,1029.4052636123743
234710,2166074.9258879106
234714,622.0270586162659
234720,1339220.6013144767
234722,27794.097945144065
234725,44.2109930437597
234732,96.09766803110766
234740,2027199.391719744
234741,29764.800125228452
234748,12603.088557153507
234750,1026065.8720463322
234761,23.7069167970469
234762,76.23915923961275
234770,1380312.7437983428
234774,353.9685465820571
234775,433.99789915115565
234784,140813.94160640292
234786,30.57169697394632
234794,290.23389357984576
234802,1721331.081785965
234804,3.1815206411582535
234807,499.3422686250808
234814,24660.307205665726
234818,29.633387435755587
234820,441.9513532940894
234829,681.9933129260262
234835,23294.7269467888
234863,2.0617006299247937
234865,1927108.841451171
234867,5.99685435604908
234870,963.9961439360377
234872,90.23870768578136
234888,3789.614569381963
234899,75.89887547402613
234903,1119049.608380349
234905,2112.223690810186
234907,770.719926034283
234909,263.64427625474593
234914,763.2248760681193
234918,13.082998415333135
234922,159.06380954869886
234925,1152.7939563944785
234927,1985.8160098594333
234928,112.17599791475989
234944,111.93134144068554
234949,61.05183174451672
234959,681.9763929921215
234962,1792.3090287615532
234963,104.35092001157064
234975,77019.07679237
234989,5.01327502323179
234994,2236.997113431108
235003,3121.425526717543
235011,16004.265968640848
235012,16.899169329149668
235030,37753.4884696857
235034,221.94590264656765
235041,1119.1783451489455
235042,115719.32743844131
235045,147.3297096147238
235049,47.6664275597031
235053,94.91760105491358
235068,69.41360336849041
235074,51010.01735601923
235076,284530.0779495578
235081,5.176045380341971
235083,645.0705798587773
235085,38.87318985397915
235100,28.510407635652548
235105,1565.0760942289
235110,646.1595744451859
235120,37.308379956546986
235123,2367.6126415437284
235139,457.72799429114167
235144,79.7747911881264
235159,25.600312257974245
235160,2617.366098321255
235162,193.7325656610724
235170,499.86680432387556
235172,462.17532617774435
235176,74.56783582237412
235179,10326.77193027614
235191,19631962.57041117
235193,461.3705572884403
235194,142907.0867913178
235197,109269.1209296912
235210,454.06540193822883
235213,36.707784260180304
235217,70.70581815238286
235222,37489.62739723142
235246,325.0334213175331
235260,101065.4709590906
235274,642.6419983047161
235287,62.360962069451965
235288,41.52727397411599
235292,33308.91538747522
235293,13.424441733958796
235311,54.58865889768138
235315,23.00314433077682
235325,754.3802881423554
235332,80.06647240355203
235333,5432.548515071427
235343,1892.8878049699829
235344,18.78358285935017
235354,187136.21341488845
235360,6565.45079450065
235361,72.08934584767393
235367,33.39005331426099
235371,19.570141761199537
235374,58.906060298072184
235377,271.9616407583308
235379,28580.926676859308
235382,50.055456633589465
235403,5154.670921596835
235408,8.217947311790581
235415,977664.0294476177
235423,58.748988926598486
235425,38.673347652377
235432,5686.77520532531
235439,269.3116090122834
235443,62376.947757751186
235445,2.070178813968798
235446,102552.98446589385
235447,958009.2129620081
235451,137.52023647566503
235453,663207.9142731257
235455,28185.14849669418
235456,8.146134025406775
235462,5150.598875306916
235475,1641.2463846380656
235476,625654.577623925
235503,1215.4769593691658
235505,33.970884644259854
235507,855.4549631625289
235514,283.8097406070744
235518,733.7232071825168
235520,108.29990355397659
235521,3.952037069564058
235526,51.78880794981156
235531,639.4181325799867
235535,285875.9398426888
235536,24.32612976704325
235539,1038.196023734796
235544,2.914657920111725
235546,1148.353025395315
235547,9643.893425730852
235554,5173.382461133974
235558,82.91201438978678
235566,805.6149981915299
235584,2170.8304753298207
235597,367748.19437240384
235607,6.498385993771501
235608,407.3230602338236
235633,1.8595414462520492
235634,1013.1047072531063
235636,463.4751369739008
235637,6055.675609248149
235639,5.694450757261073
235644,82.1075540331126
235648,183.10077819884594
235651,2430.441313386799
235652,40160.26344846164
235659,257297.7636541658
235661,217.9387358022043
235669,2429.927665273741
235672,457.39673014394947
235675,32.80115569955757
235676,597.3340251261928
235680,4.2293532099518085
235688,382.8645456464303
235706,48.87322856564145
235709,144.33784561907083
235714,24130.997249459433
235719,11752.287828309978
235722,898.9786354612796
235728,1113.159968717609
235731,6990.327281685414
235734,501.64446014729015
235736,4.476721918442495
235739,116.01418078668796
235741,122.23034795260605
235755,15881.129770490028
235757,359021.63910885586
235761,9388.79986308859
235765,2100.4523261850104
235769,514.3116079199265
235771,3.8210737266986228
235772,168.87375362443177
235784,165762.91621403478
235800,1587.74075566201
235801,2095.0452828953166
235807,184.02533865045027
235808,33.9157041315881
235817,16067.362701481
235818,153.6322871221665
235829,362332.73519070446
235833,20.12507472318448
235842,580.5124359987053
235845,266.3415058074267
235854,26989.031030750924
235861,255.03569611072754
235870,1448.4874325577377
235872,538.5213986576528
235875,604.6993512560338
235890,19410.998810283356
235896,6578.618128405251
235900,368.81752284952216
235902,166.5936991262716
235910,294.93705854089296
235917,104.19722123067912
235918,147249.27951531243
235923,255.4461246424909
235928,76.71873579672352
235949,79.81734965884407
235957,45.59481143365451
235958,534.6654598912069
235976,1651.3231153512484
235978,26414.572573379573
235994,1462.7293531151151
236002,331.38354671612126
236003,90235.6823196906
236004,117.35652896152506
236008,1985.1210947422876
236010,23949.949978587905
236012,187503.20106743925
236021,19.64613153694188
236037,96196.1709465358
236052,19.88928013557157
236059,19.808625278254016
236065,92010.28331076108
236074,22985.339374114115
236086,47.05120834375804
236105,59.406153187381726
236109,33.54570681984803
236127,6001.440489005232
236142,72.50917107365017
236152,112.10864107265661
236160,5.7314899667350705
236172,17.058688992794725
236179,78.36652624804199
236181,2525.3020613389767
236196,57.06608782652755
236202,38.59102103980571
236203,26.261000131773578
236205,19.334424680753518
236209,18.392994574148574
236212,402.10601478295297
236219,130.2477020528185
236226,23.512209686515973
236229,76.32407585088973
236230,277.6319192279288
236243,30.86822390326323
236249,95595.67124256595
236261,284.6869139168397
236290,23.98965138522478
236301,11.24140609684707
236305,835.3515970127651
236307,3156.8536837735455
236309,3169.458131930939
236314,66.38759936562147
236315,110514.32874590205
236325,38094.10625666589
236327,49.83195807418858
236328,13543.496220125302
236333,1.0708627122460865
236336,129.29034201357766
236343,116.55384070392483
236344,4023.853399833253
236348,3769.611055228081
236352,1092.7905260929367
236359,13945.227141944342
236364,33959.08270709127
236370,35.499280852322904
236375,4.345073348727543
236395,65834.712568548
236401,6.670650758937007
236403,25.433927012236772
236409,1.0037316322115404
236416,122587.5768870101
236420,3308.908158221387
236424,29220.63821664831
236426,51.06259999507346
236428,65383.387295043634
236442,10.173254487912406
236444,16.300483406673102
236447,13.745921716284771
236460,49.00249222897972
236461,302.1431565014103
236462,67675.98201223221
236464,0.9973093152160212
236468,7.327265338604876
236474,10.04408070438364
236475,101.65783394291422
236485,122.78722360270487
236508,168.05011340525746
236517,87629.25574894712
236529,9.06009923207038
236541,150.49495178294512
236543,13.651113335858462
236548,638.9773589333462
236549,114.0757258506304
236555,115.09750945837109
236570,746.8457910166225
236574,166.7016585529935
236592,43.956090578885714
236598,74.56283940861728
236608,1256.8360063077814
236611,43453.0890815691
236625,39.60293392156378
236629,44.48047824616212
236645,28.399255656242826
236654,8232.556965098905
236655,14.78730758637277
236659,107.76250497841453
236687,49.6340145643418
236694,21119.91309017001
236702,88437.61714357896
236705,331358.0681011744
236715,10.274478845163555
236716,16.141324572837508
236718,37.21326206701484
236725,2941.750369478498
236726,1251.7650072940219
236748,22180.78745556962
236749,11.092409433223933
236762,297.9200427777606
236763,37.6403646370152
236766,128.00922951300848
236767,53.19081195334288
236784,352.4280409287869
236787,25794.495432302843
236791,21.662318294537517
236793,58.38786890837212
236801,82.6751853787111
236815,29.445378342928013
236819,99116.25012757012
236831,42691.907206263044
236834,0.9862564336570385
236851,171.95924287025196
236859,3.8172207717356432
236873,359806.2143406166
236883,9.088840366175106
236902,65.58544918268218
236903,0.9727074741435666
236905,19486.054757100013
236906,35207.72666602016
236919,3.8579407097281115
236921,20306.919560407907
236926,461365.89039075555
236939,572.6351986534183
236942,1686.70823805414
236954,72240.43995085446
236963,155.84406898358733
236971,418149.04184349027
236976,360.6521298878415
236983,1.070407982000327
236994,618.7047381862685
236998,2031174.8560892616
237000,67926.4352661102
237002,165383.59218244738
237004,49.21819819542979
237008,1074.532201433077
237010,67644.79448175135
237012,15893.558105880129
237018,3557.735770784247
237030,202.9326950727302
237034,15.928240992338813
237048,2710.1829196116973
237071,16562.978073950224
237073,1628.2432710813107
237075,275.66363298618626
237079,997.6141347792317
237085,11.969859483153748
237087,9.476302793516926
237102,15.862133417493402
237118,101.44309958363048
237134,659.7684370211705
237142,257023.10187200826
237152,1300.772656422169
237156,681889.9414677069
237157,423.96489388415455
237158,22481.94775336347
237166,51.627255399398365
237169,1626.4845220082216
237175,1386.18151063305
237176,81849.25325280026
237178,70.53421369773255
237205,348.5807032599053
237207,15.311567734669175
237210,176.00980058825513
237214,79.70077425795307
237216,2316.078494592969
237217,1788.5568630860841
237223,3172.8230076056225
237236,332.877365274857
237237,100.67670013664467
237240,6.134374368856397
237243,218.17177325681033
237246,16.935828640352856
237252,699.5298978512454
237260,96.02475648229651
237262,482.9887578551967
237275,549.1080577709502
237285,648.118682428224
237286,662.7517731266868
237289,2924.3632828104187
237296,24.10352302509691
237307,1054.7476881347593
237312,407.921398349847
237317,589.9025529805284
237319,4208.312472706882
237325,616004.8074706057
237342,29.15720187001265
237344,464.04078948815675
237360,2953.3851503808432
237364,25073.635545550635
237369,770.7186556173128
237370,18.71050023339314
237373,52.391848774097504
237375,14.86705368897526
237380,740.7643527035202
237392,2146.762301481248
237393,6207.392222686276
237400,102.70538733252181
237404,8022.66862932824
237412,189.17843877950975
237425,275.3765378887297
237429,147.68473159200354
237448,264.39734206316416
237449,355781.38499754
237450,32609.4636553497
237462,8906.17140046187
237468,7432.193647802554
237510,12.606367881779637
237516,39056.336481785416
237517,551.0487216554139
237519,150290.26247279692
237527,1394.8762458041836
237529,583624.8838213749
237545,89294.60407612036
237557,26.69256782962985
237568,238.6853524109518
237573,239.76194589974162
237596,265383.91024648957
237598,19858.69163143746
237600,6555.212560967067
237620,1007.0702322837182
237621,10.012667633347041
237625,525.7941183619592
237627,1789910.5104723242
237649,79.24424076857376
237687,36.82160861668907
237698,0.9703475173341233
237700,2269.93988844176
237701,6320.753068832023
237705,25247.44413803887
237720,594.9651178990752
237727,254175.1384577894
237744,307.41593776497155
237773,5.288243372481642
237776,1014.1616312534445
237783,530473.8040094932
237800,1013.8560777458428
237802,2204214.09115933
237806,356.3565679823024
237810,587307.8606069001
237811,691.6291010544314
237814,1.0753139944355932
237816,343.9178875438228
237817,14.740400592808038
237820,4.196511855905493
237821,7850.631596626382
237829,87.93176916722355
237842,23.141386070884153
237844,5276.855250591074
237850,362258.9459871163
237851,28742.79864972979
237852,209.95675859885998
237855,2557385.9225278124
237857,57.87332792624589
237861,430457.0842904284
237864,2.957361031316879
237866,758.0921619361363
237867,249.2515031570268
237881,830098.8130150404
237889,3594.849573359571
237890,1.0504951432098142
237904,524813.5465050772
237905,11073.365045319388
237907,29.78898941663337
237913,26.214179038936813
237919,18772.462982711186
237933,43.953922661226294
237943,25250.72820700106
237952,759.2744895635433
237956,3285416.8304985752
237964,29426.235108756846
237967,14078.708530122642
237968,708940.7680132271
237972,35.30327723881564
237978,12918.61588127893
237983,257159.0723758129
237986,516272.6582196124
238003,470.17989146567135
238004,2.0237279494983884
238006,40479.86182645498
238023,38187.57609944051
238041,1169.8469265078593
238071,496.1930345001456
238074,797.6319106744828
238085,852.8978926792607
238111,131553.88153194025
238114,287.0269215411269
238115,204419.24120066155
238127,198.5283624807474
238135,1077.4042346478818
238141,131011.30610457934
238142,10709.772337584833
238151,27.306644811250635
238194,12.989248744453727
238200,1064.585138493835
238202,319.3777207483411
238205,3084.6481887369696
238210,44.00032792908903
238225,27151366.775801316
238233,1270.4312878863218
238237,65212.13045961412
238243,1092.7063546427746
238254,375.3592128530147
238262,553.9724026414563
238267,6187.004657478246
238280,141.20008655241156
238284,851.5198670757354
238302,11.122222037946136
238318,184.34527057154418
238319,0.9547877269276726
238320,32.096810358183234
238321,172216.54026906937
238322,1244.575612769367
238328,2633.2001072037947
238330,89394.81841808867
238333,41641.63819964071
238363,7794.348149790314
238370,326579.17662979825
238377,2258.901479176756
238385,42.80622087652583
238395,10.246664883192922
238396,2.9029066797500778
238412,2259.0075535086985
238413,402330.8017227294
238415,14271.05848932944
238416,2014.695025303128
238417,610.0355732375052
238425,32.207551249691214
238434,5426.17840499722
238435,284.7090940230884
238442,99778.76054120864
238443,15.225669156614158
238444,2572.792502988823
238447,7981.491764987465
238460,280.2166218156581
238467,2387.702594432277
238468,15163.280792244372
238480,3328.5590048813597
238483,928.332842369461
238487,710.4067656456824
238495,14747.031090515387
238506,2309.134446965298
238511,588.1643842074619
238530,318981.12690142036
238531,604.6454912339368
238535,259417.685908431
238543,3346.1358437427293
238544,3.8026558932296517
238547,255.1609871008743
238554,746.9804223078964
238555,6.172063859265619
238557,3116.728961400239
238566,9733.642977928857
238581,423.2925229479133
238582,77.31558653180642
238600,27140.7989871604
238611,2865.2402850548706
238615,22.54677947642182
238617,242.82991015276718
238623,108.2212384643143
238627,37.51522638500165
238636,1512.2376375786653
238642,261338.64428642005
238643,67621.03270879456
238647,2324.0825945008105
238649,927.3609062368912
238656,31.92998138543679
238676,312517.61008335947
238699,410.84573504541464
238700,33987.8860298501
238704,10959457.199314231
238705,5267.866490943296
238711,5100.512754100421
238716,663.9976515901384
238731,353.20791510562054
238740,38794.140285442176
238744,42266.56629691233
238751,224.0303175927191
238752,2849.6044549113435
238759,3487.0354033270196
238760,916590.1273916303
238775,30.78838761604761
238778,37.14730175565396
238781,957.9756213167011
238783,116.96404828281189
238792,3225.237667786226
238800,2321.6352222921946
238808,73.89392206638273
238828,331777.2026240079
238834,108.23564651980242
238838,39.26241754656165
238842,10.940705991999556
238854,76.20361882390138
238869,448.7533022557209
238881,274.94598312366895
238883,349.1097734835574
238900,826.7783668280609
238934,57101.48638454895
238937,852.764721457029
238947,52.154150587365194
238951,23.580920363655004
238955,328.5608047568913
238960,1030382.8021323088
238967,7222.251562761693
238975,72.85599413942971
238978,192.72599764327822
238979,63624.1975677566
238984,708.669988732352
238990,67.28476410684604
238995,152.12539700754655
239015,9485.675636511636
239018,1535.8717148340559
239026,205.02296094766803
239034,2127438.228945822
239038,473572.28621838754
239045,26877.21438661098
239049,2500.3465818965146
239053,66.69269482012888
239071,183.00414104147856
239080,1369.5395905919872
239088,20463.8902654128
239095,490767.50870516925
239099,295698.26585729606
239104,234470.82128036348
239108,348.0759318403358
239111,9171.751146311926
239117,209.70001934170958
239121,11.027115909173334
239130,962.94556498933
239156,1651.7280027468219
239157,45024.377275473336
239168,8685.043489111797
239170,14.955975222728023
239172,11364.557389048963
239181,276.41076220755565
239197,86.06940256306999
239199,345788.93278458016
239207,8122.706692080544
239237,2875.518364658297
239241,181.66830029079398
239246,137553.21593644473
239255,213.09583827357736
239266,8077.091440181445
239268,1944.4233723156315
239269,5337.070769000925
239282,1606.993165035817
239287,133.25603988437186
239292,342864.91597218224
239294,5730.299672321363
239302,2700.460933664045
239305,28.222553915113934
239315,46499.49939654005
239321,10950.108010773272
239349,70.20345495614637
239351,2562.9976067662724
239352,79062.85659514749
239366,9214.418216437285
239370,77.34224698958664
239373,4415.288212715201
239384,70.3676190258099
239388,225414.00958495517
239389,142.64854351129296
239392,14.433939536165633
239405,67.00382523975212
239422,362023.4655580018
239424,99.00970771036971
239426,5676.589508655359
239447,103.38373378339354
239451,153.2454053514278
239455,12649.40702091271
239459,319469.6488121649
239467,13135.290677940477
239471,145958.23750326608
239487,151.50531627881753
239497,18054.0939427429
239502,34706.32543106148
239503,128698.37988592492
239505,6158.078671913518
239506,165.47972526759472
239509,239101.17613549152
239517,416672.3951846967
239518,4332.300939798373
239527,19264.86269319613
239530,676.8162472984886
239531,157216.82476064563
239533,127968.63141842837
239536,175.42992488631538
239537,229059.8400478486
239539,204320.38181541438
239544,6477.013540849604
239547,734.8284499363165
239552,2394.907794743202
239560,562.7657212193069
239564,144.36510733981922
239575,80.04013504257105
239580,29.767666023371607
239584,3001.2921556986144
239585,14836.339579384714
239589,1767.5146829962325
239591,1094.7947267719087
239605,1143.2752995327457
239606,31631.309698176065
239607,3017.6306934472836
239611,8000.668504200863
239623,3173.25695485388
239627,1139.0370495190089
239629,663.816919151262
239635,2527.741033611446
239639,1847.1649451970638
239651,37506.70381122394
239657,2636.9700976538197
239662,8682.146237821536
239680,103.07615913414013
239692,39875.407489274796
239700,411.8563658752356
239715,505637.0133267222
239718,11236.801274733374
239719,702.4025482053764
239733,595482.8858426111
239750,59116.71088542492
239756,31027.8775895673
239762,13075.732102608245
239769,3454.135553643914
239772,1200.9749954842732
239783,1231.7117401983564
239813,379107.8965347209
239820,3044.7396894064577
239821,445625.2756442863
239825,404.9183246185951
239826,596.726306298695
239833,115.24537301252437
239847,1336.162270341671
239848,54719.18672679661
239856,243.13812001682584
239859,9123.853931184218
239867,122.46456366846817
239873,678.4179074828569
239891,67.81912879531615
239892,11927.257577428845
239897,36578.730592571315
239898,166.4246163262965
239899,125.7583480622437
239909,14076.587010916946
239914,52622.19924798849
239917,605362.4599758022
239925,102.73443231157405
239930,703.4274195723652
239936,96.11040952641217
239938,9.473828315957615
239940,19044.220542993233
239946,1185726.8953454958
239947,365627.8977055406
239968,32.77137028976036
239971,795.4534210072936
239983,2471.5761079459617
239984,18968.391076558903
239987,721300.0411267363
239990,1887.5061322691593
239994,2854.779792612872
240001,130.69838164037296
240004,385.5226362093376
240015,825.8795149820949
240017,3517.045555482867
240026,868832.6128822289
240035,2805.417076781536
240042,2980.5316402382073
240046,501.9473467162276
240047,852.2509080664603
240050,1153.2526601325092
240060,21628.347253791013
240067,1633.6994878467194
240070,117336.24474187619
240073,71.76150283804111
240080,597.2942571635595
240095,1023.6104915996866
240107,92.53603205193086
240117,350.5988843956787
240118,602.2540071847435
240128,15084.560716264443
240137,49.10774690942516
240144,29.787893887599814
240148,593.5002164283246
240150,498.1145673755643
240153,417.43778824458263
240160,346235.2242013323
240167,179759.95428185957
240174,14.183885822287749
240179,130.08894035681055
240186,92.26473114142026
240191,24813.154695761248
240198,2214.789752665731
240205,2238.7847469680055
240209,77.34506291357933
240211,366.5122819289967
240235,44440.5163143091
240237,1893.5565220394576
240238,1151653.9353988478
240245,145.26466321279742
240267,22950.18740118033
240271,364370.66330225207
240274,82966.46014709707
240275,208.26159883824147
240281,77.53209027938622
240282,49.67450678938596
240292,39.665528998478976
240297,1041.780523055084
240309,1697.0898506396218
240325,43.31706097898695
240335,10409.646726116169
240336,49.819402180566044
240351,15.923827546997856
240353,165.97259803909049
240363,15.555520213497333
240376,1702.9862121198248
240382,69.6988990248539
240384,92.96788549044767
240391,42.65923886382775
240394,196.98826361671186
240404,2511487.4318521596
240412,664586.7263959978
240423,38133.62923930742
240427,899.4272605936869
240438,1140868.9604257238
240440,237.42560024046227
240461,950.8242808700459
240464,351.04608262013335
240479,371.4858656300685
240483,1293452.222939315
240486,83813.85004012311
240487,69.23750242479598
240488,46.70092549600539
240493,417.50898631073744
240494,921.1366774422903
240499,6926.195654995713
240503,1387.8616578270457
240506,1280926.675368487
240529,541.8980186349016
240530,40.264414807239746
240533,9381.469270788115
240543,9665.83905005868
240545,671.5547390989693
240547,13551.557435380231
240561,6716.473044971911
240577,521.3707720218531
240581,41535.92870367209
240582,2377.1238277649113
240583,17.338545475129376
240608,397846.9836882225
240616,4174.824918456097
240618,2443.841266508388
240620,139.44549877482675
240633,6871.554973549194
240640,50020.65671075139
240643,313933.9640394699
240652,173959.53370421266
240653,479143.2674355635
240663,1.998108104863592
240666,10704.242020861355
240678,352065.1050201045
240687,104071.85332900456
240690,143.34108361211068
240692,2133250.7159336815
240702,295.4524669045611
240705,1250.3438591588001
240711,355853.7661180369
240717,468518.67839815706
240720,3950.045174412346
240732,594.9140122983036
240741,162.35867267066905
240746,123.67037747945872
240751,631303.438067487
240753,87751.09470195165
240759,6100.437550372552
240761,16.102941944119834
240779,109.21702146865056
240780,34509.16274200706
240785,4462.389787703241
240795,6314.315680732416
240807,251600.41528215373
240815,372741.0335621342
240817,580200.6265727557
240820,534.2785591677743
240821,1845161.553539463
240831,8479.442900036438
240839,7.813113362154859
240842,57294.49998253108
240853,1897344.6934220747
240857,49.79914150576508
240863,24.087532930628136
240877,917855.0130786028
240878,8343.217870255625
240880,65728.5142418213
240881,39.74793447836025
240882,514.6510078735188
240891,377.1068804577021
240896,131.3799988328292
240902,13.594967495466465
240922,16.017614112664905
240939,67663.56887461398
240945,287.2135007326954
240949,53216.23749116044
240951,122893.69325967206
240958,36529.82431693286
240971,7.075890125455893
240972,10563.780604142326
240974,57.668864232619356
240977,113631.1812139356
240983,397352.2775585298
240988,18.883857417033457
240994,53.34699382170473
241002,4.06481398377311
241009,5795.846325643792
241017,451140.38944930694
241020,350.3966573117181
241023,2194039.882458747
241033,10127.931526320948
241035,58.356203026421724
241037,301006.2041090038
241047,206572.96681869775
241048,630436.0247576677
241052,26303.678423529924
241053,77.38483898596989
241056,60.02177556213619
241062,790.0080638707357
241074,6938.638641994413
241098,16701.6328789929
241120,69.26629910426372
241122,240.65222843325355
241125,772.7107296987178
241130,19588.090588398918
241140,466019.25038490613
241147,4964.2258427150955
241157,180.25821824658854
241160,4291.799201732578
241169,2347.194437615031
241172,60.72889017561454
241173,154.1618657119993
241174,1704807.1567897487
241175,131.57200325048385
241186,113367.29148769073
241189,219.38762891929574
241201,67.63631599213284
241214,13458.17837174065
241219,111014.56373491514
241226,64781.61260585024
241228,1634.7941537883794
241233,1022.8307048109707
241237,683.3315706797796
241247,18816.985823413594
241265,130346.6374379245
241275,6507.78003293125
241325,338.5978296600072
241336,142237.83728784084
241338,170.11448206638903
241341,6888.907313060989
241342,3161.8743967986115
241345,1255.9922889420513
241359,3826.3714663337655
241365,98763.68123489461
241368,39.43757375020504
241372,193.85209176238703
241374,1662552.832922421
241376,1223.6604508433343
241385,230.9966472062905
241389,63045.06660545641
241392,105179.53084781075
241395,12924.389296420437
241408,4468.176304074759
241419,85.97799857653902
241421,72354.78419251951
241423,107427.11646991443
241426,1000.8335773094252
241427,13684.072522203563
241428,6311.318829759109
241452,4165.969099338789
241453,70685.49730112132
241463,77562.10819381288
241465,1613.8961797917439
241467,102299.5477891951
241469,273.6475453768659
241479,9.7887772469903
241485,1411.1009293793243
241497,12076405.615270609
241509,55.19785230043159
241521,12587.197665060034
241523,3600.9613721825795
241531,966.5339959469261
241546,31.24944956290156
241547,7.113280397291671
241551,3488.963001960675
241559,166062.20730299715
241561,92782.32078601603
241567,84013.31868810159
241569,257125.95895460292
241572,914.6561375864138
241585,322.028478028877
241590,7111.775863609394
241592,76617.30544517144
241615,5734.653997956127
241625,976.5940426061475
241630,375623.40532236337
241635,3.119893626034307
241642,19.21302198822891
241655,170620.23096565844
241670,3080.164063829734
241679,1498.7546703679536
241693,194112.29372380266
241694,4.3165932479051055
241697,138894.64611643986
241714,98847.29660141868
241718,4420.322976314629
241721,29252.981179719227
241725,68.70107568073556
241730,51.24660638393113
241731,94.57875065810661
241743,381.2954770920727
241746,84.67834193725099
241747,745.4569953227709
241750,19445.974681046784
241751,11059.763724052675
241753,318.0799209802404
241755,144.74884269851452
241766,134.71969456496223
241784,745.7386377333017
241785,24346.465355439297
241786,3242.2581439702603
241788,83100.42503467991
241793,38.96663168330299
241823,67.03661983622483
241838,51.851634406976466
241840,5274.019810823046
241852,13506.71740854358
241853,258.6800994594368
241863,20.85133118868957
241864,22706.319200887207
241871,4402.921933088117
241872,132.34580200339553
241878,18.179183113862628
241879,1.0365937564040508
241886,367.64042042348893
241895,103.49421015643101
241898,67.93931278331829
241899,416.5001510536651
241913,58.49272960921878
241914,38.129513468861646
241918,5860.922581655354
241927,24648.57322388035
241949,30.65410548643297
241955,8146.5392476360785
241958,1.8783058292754007
241961,27777.758780260072
241974,132.6010208094119
241989,3560.5838468595575
241990,2992.898799436187
242001,1504.3795074467916
242004,94.36960132936613
242007,203.34080255645938
242014,2384.5227511246153
242034,13435.66676322118
242046,79.36873038943465
242070,12295.849119461953
242075,141.5404347179726
242080,1044.5847570758997
242089,35.65612521461913
242091,294.05784517717296
242093,24.5639291099424
242103,3961.0639849760755
242104,5.78990754293816
242109,882437.2436026854
242114,176.4919931636282
242145,293.5488497148184
242152,16142.448823350183
242155,355.62137954242763
242165,13.342386113624263
242179,2.0305436117259728
242180,20.351530633590183
242184,35.56708739145944
242191,3.1277349314158824
242196,10115.275346996517
242201,434.8877993335505
242205,39.3054982005748
242215,40.29893829205667
242217,531.5998468149767
242224,11372.823052930065
242226,90.9839824672947
242234,5.447969696303526
242238,781.6119449219931
242239,36.750114167920614
242242,45.54728289519318
242252,787.605054648679
242255,20992.879545340897
242256,776515.1927539768
242267,131.05081617820323
242272,239.04267631933664
242274,17.661742197824633
242277,28.53842159036779
242282,127.1434407406287
242284,494.5143788270383
242289,83.56507333795196
242291,10893.364380034269
242293,78.46509378643916
242297,7.043099683066617
242313,16.716215578359325
242322,7528.903198596786
242327,13169.71042759664
