srno,Production
19,472.6829954999356
41,208.58245830670103
49,54.9739954961935
50,51606124.65522537
59,0.5152771258497275
61,473.1527499502815
89,5300.715279415269
91,26286.98818852516
100,192.44747830190437
111,870.2023656520967
127,1426.1303601240766
141,106.04075102749525
142,25.27122542394006
146,38.47248200228488
153,32870053.42665207
162,29.29176171359553
163,23219276.541515317
172,2425.6258855538504
201,205.21334655355793
227,40638.55123929603
230,9062.853451120545
233,12182.75414321819
266,12492.453813915092
269,1.8053510273361923
273,311.90464579363464
288,1384.6021739539417
316,64.45142546649215
321,59110.38673244804
338,9546.498034773262
339,6672.917309119402
378,121.5051019289434
382,427.95613813579115
386,145.40960930655174
395,183.43895340600997
398,1.8978173649181875
399,39.08755635124618
409,533.6622758469953
422,478.4671270043108
426,107366.08025181263
432,18.079076802335397
434,513.7464207524478
439,788.5113029568394
444,29277.47644356155
451,44377.10334421616
474,1294.1191570624665
475,900.0157625230935
482,57688.429122679176
511,759.9058288827639
514,27.405297492942427
520,891.9539644876711
523,16.469631550401846
554,30187.713583416964
560,8992.519110983905
568,3224127.227491114
574,15.045468249302253
579,5861.757974886758
603,26.810060057867386
611,22302.061592527785
702,1680.1872742046405
712,441720.0585386881
720,90247.7427819503
739,3508.2940397681314
742,13796.000044282348
744,278.9713397686203
755,63237.23716710472
763,676.2538289944598
766,1.0709967242900529
775,77.70295993768492
784,539488.0618819125
797,8444.841413685235
799,33022.26112039067
809,60256.52042665093
815,58479.24733157091
833,38384.67324836233
838,2276.389893836481
843,17.438355362696893
847,30852.201730467197
856,3.1579463811639705
857,5366.693057398967
890,1235.1608989475803
946,277.7373658146962
950,593.7907684573177
962,4437.399929315624
982,85747.44906930672
995,9565.107745398487
1004,2465.336392774831
1007,1012.7135673836206
1010,946.2046614963447
1015,283.87961424961156
1016,196.15473788215704
1027,319.0374189973896
1029,165272.98317081106
1041,126.95941978715786
1070,1906.6426449482146
1094,5658.46730273655
1101,132.76951452888383
1199,1166.5985497093586
1206,164.3954112196384
1241,1052.8486415966604
1272,1327.2587133665272
1277,3581.5377061481176
1298,60294.26848342223
1331,4560.529681252404
1341,715.5395241739202
1363,897.2509834468777
1371,34.05353924121762
1389,17.133728653122244
1400,3661449.2532249843
1404,671.4242344581301
1423,2566.9359356979185
1424,3462.9250146024115
1427,1235.7901610305867
1439,109.6056805444539
1443,45223.25828781628
1456,12359.139079905042
1457,2213695.5791599327
1488,4007.387654125981
1495,21026345.280694053
1506,175.37487013344597
1510,916.7359552920481
1529,1150.7085086753268
1530,38.20711738233349
1548,363.1392443257689
1549,82820.4682155716
1550,1815.970531945127
1567,1140.1268101453766
1584,3303.1324664305985
1593,77.2841806449716
1598,2370.3894573899215
1613,19.993405615733714
1615,64.71397064018996
1618,190.77250421758214
1619,243.63928785118162
1620,1.977175580750736
1623,2145.8872770179864
1626,17.63198762244367
1639,414.1702813156976
1647,18742.086455960183
1672,17.782660765242934
1674,50.343629676360685
1675,746.9130054596134
1709,3426.357159536285
1726,554.6651268924277
1735,1833.1650648474158
1740,319553.9461849152
1741,207.1709348745208
1745,4740.056582527615
1746,57.068199846936785
1747,1319.8061135642051
1750,7.208101903940426
1751,22148.51946846623
1754,306.89066146151055
1756,32.00849617847688
1759,99429.94624776296
1769,1360.1538150139982
1775,3120.8201065347644
1785,894.1513409946042
1799,326.17889676523413
1800,1008.9407513894906
1806,386.5227017535472
1830,515.4596790791435
1844,169.5493283207561
1845,1.049548632144072
1847,12.114852511299027
1860,1.9177241679060117
1901,1324.4035499036547
1905,16631.712290830692
1910,3085.3605435448594
1919,421.5687464723847
1944,802.3238911257276
1946,15256.904902983624
1963,73.51814039970274
1974,1667.950312001018
1979,3600.4565699996638
1982,1580.379209962298
1996,1487.9693152180232
2050,0.0
2053,1347874.8204871996
2060,1460.9786026636016
2133,5.240612904563719
2154,100.69201570545403
2157,318.71738306892684
2158,573681.3427655917
2161,165.0512558182744
2162,394.6201642746476
2174,888132.4252555344
2181,23.00122880906174
2182,19.710411956116943
2192,1915.5334073147233
2203,820091.8642472466
2214,1758.16906903759
2216,249.43062090632952
2217,124.40085442131272
2221,743720.507770935
2232,137.7296184933337
2245,203962.9086608129
2249,281.05529552831524
2253,97.173963786959
2257,120.52848614439218
2260,741.7545112069025
2261,601674.1529562662
2271,119.22174942457131
2273,4780.643485621321
2284,1009761.9625532423
2305,25.72837276854354
2308,642.3720258122055
2311,4221.533279827995
2313,20.21403118599812
2317,393732.1791789183
2326,80.32625783521996
2329,566.0326650704263
2334,12175.003649972206
2344,80.1676228729225
2348,21.36583851622173
2350,13231.885803451058
2357,285569.05581407173
2358,6096.036412032731
2382,24825.49489873254
2397,172.51144087428176
2398,528.6000717246318
2411,7043.083474845133
2412,7186.301744812998
2426,321.6027295783479
2427,4552.094628813231
2428,1603.2883666131356
2460,199.05625550824283
2495,23.246373584730435
2510,94931.4898016746
2514,9.224198377086433
2554,122088.90892994666
2563,211.90403577281378
2577,159.63236578914066
2616,512.5701202446578
2639,2524.325733485352
2645,200540.28131763462
2648,7025.8964591646845
2649,3487.134192052259
2662,17893.151053643887
2668,119189.14814370144
2687,10186.142918623735
2691,46.793578869364595
2703,65.95354405381048
2706,7037.408293568079
2720,0.0
2725,0.0
2745,4882.9706088801295
2763,16130.092461156655
2765,44335.675429649076
2769,17224.766507559434
2775,0.0
2784,7645.105411742829
2792,169.68328229939914
2793,1984.4355898108995
2802,473.271091387178
2814,70097.03166361226
2816,3.084539646861045
2822,10.382429692767749
2824,436.7686180408773
2833,251.9812540739666
2839,535.1786053737372
2860,5673.622540441993
2867,3096.7463068798465
2880,260428.53050376545
2890,133310.7708774127
2897,755050.7588322444
2902,958070.9550088298
2903,983.3680391395029
2911,84087.57408991322
2914,5019.735943741014
2923,11097.370953277496
2957,702039.54943487
2974,120595.92131363165
2977,21.71874381982599
2981,21687.359620092786
2984,1827.3103645527704
2990,799.5644583813946
2992,2248.2821623334776
3000,13144.130254764541
3013,150192.05300641115
3016,81437.18321803202
3059,1197.831883404346
3081,1590.3651090831543
3083,4931.219728799362
3084,705.2294102904273
3085,2073.0215185690254
3122,29245.766256507028
3127,5.009336222959436
3136,90.12293454874097
3158,759.218386029564
3165,757935.979078513
3198,105106.55317664915
3205,30168.521822215105
3208,1513.1999487200178
3221,740.8198517399057
3225,184.2987813783689
3238,7127.856155255489
3252,26676.942215115952
3253,54395.66694472346
3274,113.96426608990878
3280,59.88878019800565
3292,41949.72487887712
3308,7.810242918884152
3309,144.4411948151906
3312,92.18229918626331
3333,440.13937560214964
3345,964.6929926163269
3353,143.28692367118884
3360,5.52862718893577
3372,198.65653923439766
3376,989.0835556995494
3377,92540.8224060443
3383,125095.53037168825
3398,112.76956891588486
3399,349.6686508113646
3406,58.29179865942345
3419,780.6648054708676
3436,26295.306749048003
3443,167.58381194900474
3456,432.42854612030845
3461,186.97278403601555
3478,11.960357106682274
3482,7636.73101689576
3485,390015.6133550533
3488,383089.58298489
3499,4686.40685267169
3504,111224.03266917169
3509,16798.114660924777
3511,34.42183084917725
3514,81.74197492504764
3517,10.49465298204973
3524,18.49381820367513
3525,13552.242336896557
3526,5.093817771075461
3538,33390.699414125076
3540,93.06060864711505
3553,85.55807141610357
3571,9.128411947434204
3572,1806.396354781113
3574,49.13102289864098
3580,51581.69148510524
3591,5160.819952866771
3601,2787.5601229330427
3633,7678.757384475205
3659,87.0305308970471
3667,5468.083856773979
3679,2.1122071456147187
3704,9.799479887373408
3711,4253.091565166653
3736,88802.18465649095
3741,20530.24686880233
3776,247.8186098982552
3780,127.34445611420175
3792,138580.25398266633
3793,5.908414249652076
3799,316.74717176867966
3803,394.42271031164034
3805,78.26656047330437
3806,7310.505540872342
3815,23.998960175431755
3816,511810.78375012235
3818,992156.5179215177
3821,40727.50188231659
3823,235.25751415651
3824,62501.24502926492
3826,2990.853789729898
3836,7646.3309933579
3862,1593.9769794946908
3863,644.3387603121189
3883,10.472909594234848
3909,24621.506587928725
3916,4455.938166986368
3929,12432.856138941079
3931,2383.2236264483863
3960,856.2811641152423
3968,255.2431216031598
3972,814.3753030549979
3974,16418.717964808504
3975,175.22054399542753
3998,12182.459876283292
4003,15392.609192838841
4008,7379.67672946783
4022,205.86950605953672
4032,10352.903382541284
4039,2729.400128358226
4055,103.1324651291872
4102,17275.962928924684
4105,901161.8366050086
4107,69.2217181953128
4108,256.0740856045963
4114,25.979498282077852
4123,11.235487853197466
4126,16926501.25843222
4127,26.954870288796307
4139,11481.619893102787
4141,239.227175085828
4142,736794.2474360163
4143,309.0028411571534
4147,2881.7504672922764
4162,203.48455750188288
4169,6715.17041445138
4195,5636.237865102884
4200,900.9279982344398
4202,0.0
4215,3216.123475757271
4217,8905.296530162079
4225,14.219653495931276
4226,8.180683477949328
4246,9078.348864409816
4251,41017.795462119386
4292,17359.612021439527
4297,1578.9896275025887
4310,143.23129260071966
4315,15918.931044806743
4334,5.417436946826597
4342,93.9248538197892
4348,85493.60795699646
4350,4812.377603891336
4354,790.8664637806315
4360,10658.603482773091
4361,193.07917839007143
4368,123835.71805265092
4401,2393.9118144297195
4439,3940.010135863904
4444,144763.34414658882
4445,1284.1395113213914
4451,83.86190411231016
4469,68.74394967648145
4490,12.998007300227892
4500,82560.13798676542
4511,4436.453541423936
4517,39011.349507745304
4526,891.6970991731879
4533,5131.2756409493495
4547,3.8928398291896795
4551,5371.331957121332
4573,48930.579350650405
4576,15.073641770669896
4586,1428154.937539823
4587,10776.574285170838
4593,4527.0866821994405
4617,152.65023257225204
4628,9672.79953117543
4633,1413414.8280149973
4634,5862.413112322722
4650,42.491986341066784
4660,8558.853014406324
4662,10985.552363776167
4666,101.49505590340127
4673,275.90538399502134
4675,47648.43225411496
4676,579.9427158377885
4706,496.1422901193805
4717,107657.31097597923
4718,7.01356346867594
4732,0.995611249085349
4740,968.114029296901
4749,150049.31432815935
4750,15570.358325204606
4763,13.482908405125542
4772,53600.58624297814
4777,956.5087814044945
4785,27.196240266474806
4787,2046.487866451884
4808,1188.6757812448407
4813,6.516363139133764
4822,62575.22844317471
4845,7037.446000902603
4856,107830.99001853786
4860,8554.352292344793
4861,148501.93267147272
4865,1494.9251304794088
4875,41397.73766222874
4883,51298.30808859599
4889,5445.949802788401
4929,0.0
4931,24.664660265726152
4940,214.886247609742
4941,24552.695998468284
4944,0.0
4952,59685.779416116326
4958,33047.4207788939
4978,104838.91902043117
4997,65479.508052685764
5008,26276.637647498654
5033,6747.465649499127
5044,427.12388632948426
5047,2651.9760836577916
5054,7697.552625668909
5065,0.9822058712955111
5066,270756.0906729689
5068,5164.554163783951
5070,1034.706628672484
5072,579.094125006434
5090,431187.08136950404
5095,31.46637618887397
5099,11448.357684476428
5100,10513.341068152611
5118,41136.56538963142
5141,397.4065153231224
5149,40759.911774848806
5165,9590.178971183956
5187,97264.26185965833
5218,286159.15235639195
5235,108461.94296496321
5242,2495.290530592114
5246,71.59588544553297
5248,14507.51194965888
5254,41642.65222235715
5256,42116.53174800281
5257,88000.2310891326
5264,5888.896329663696
5272,25071.31848828339
5303,92704.97903539895
5305,53925.13865815278
5326,934.943137298422
5336,492.0163117710773
5339,568.0184948058003
5340,31839.74158960397
5345,262.7771977209232
5369,1477.0910788461422
5370,274330.45927326014
5377,10538.564134779215
5381,541.4764367450169
5408,10354.248970472987
5415,53299.77002033429
5419,214.19169796326173
5423,134.32408921398522
5427,121.20474774838114
5436,1559.4752203740452
5448,3232.765008611477
5450,268.6697965540381
5452,1634.2398726792885
5453,212.1583920558032
5455,6.0370510575516025
5462,93259.07979684386
5463,52511.81538903221
5465,47691.771849619145
5506,95.54759599310982
5518,15057.436079138472
5522,191.0277581264359
5539,1457.1261798187686
5543,2137.0934854173115
5547,634.0305780234983
5551,291.47533859513555
5560,2140.195539114912
5567,2284.8879683191817
5576,62370.5680513934
5588,149.6776698535121
5593,6978.164676041688
5634,5.98464688355936
5641,851.3518433625026
5658,709.6952840946906
5669,1288.7153051354555
5677,164.0382786463515
5678,7.561791167783641
5686,0.0
5694,737.5107230205086
5695,6797.690224716906
5699,119.08406809550141
5708,9743.557719290284
5719,154709.92884839134
5727,46588.147269470464
5744,8793.066330120333
5750,82.96601976598288
5757,378.4274419461606
5761,1.0515879414936047
5775,2487315.045997301
5776,4597.439354820902
5777,0.0
5784,21406.324413788694
5786,60147.228292146836
5793,24726.90880942403
5801,98318.76896008372
5822,30796.44510335404
5865,161.53691009390218
5867,1102.9038790968011
5896,2401.01879465728
5915,1041.891095666582
5920,43393.884582351784
5922,2699.930812648814
5926,7304.894587367044
5927,982.7745638391362
5949,3025.5824608326466
5965,148.5386446012028
5966,227.0559666529855
5990,2681.6487995629063
6003,44207.15814650724
6021,40909.62730519945
6025,400.51670959975456
6038,14239.143765342544
6039,72.60166897787765
6049,6051.447260130293
6056,347882.0353225468
6060,5457.21162131327
6084,7496.23211594203
6086,11.950113733769406
6105,10193.274024725537
6106,188434.1438780065
6109,60.66722940314042
6115,836.6484668574526
6120,25408.48375185366
6129,2403.2722064032005
6131,1447.630692779045
6132,3032.8222723416525
6139,200283.6769235908
6147,116913.64915076841
6148,817.0360331799299
6149,1397.2431588327586
6160,1282.6292987669974
6174,8910.115625633987
6186,14892.081956862548
6190,1164.5319458629654
6193,782.1948363915145
6200,144.59063903784644
6208,859.7833507843327
6234,4066.5003439536313
6258,2343.3729681647233
6260,74621.63486580929
6275,7860.926015218683
6286,394.5294705973202
6289,101.9560451953658
6297,5416.084547855621
6313,195.32692054683793
6315,132593.2650968835
6317,2930.798979552763
6319,93.72498105478492
6325,1575.5422671757776
6331,1656621.7067891909
6339,279.74971162390403
6349,168.86138624629695
6356,9779.657215790276
6364,14886.324063294456
6376,1411.009350797241
6407,192.08971548117174
6410,135.74467627789164
6415,2855.05488469836
6417,66.76045390662044
6423,116.28104430896298
6436,4221.449354712483
6443,10770.704310339728
6446,7524.7963240598465
6463,232.75474267854682
6505,47922.67043351212
6519,332.3963461363512
6528,6913.8949251124095
6542,18179.090752944212
6557,2970.883165482187
6560,366.1184177459575
6582,7316.215487937498
6602,188.97723031517341
6619,181.98951942723798
6625,76.54024502516943
6629,190436.74010821996
6656,59738.56712502474
6659,145109.76273751308
6669,10338.56708127856
6697,731189.8145018815
6702,7585034.539730568
6703,649588.8722351629
6781,29.810081623731183
6795,12999.711589739416
6800,114.74484162746903
6801,143.37979505570544
6814,2843.3616482634557
6818,21872.468065811016
6856,20646.005185079568
6861,126.56886805602963
6882,169.28524741937358
6898,39.8760955232289
6927,20189.495745505206
6930,222448.10272905312
6932,112.21001473758886
6942,113.62115763331867
6946,72.98383432117703
6947,4363.302426008749
6957,606.2515397417798
6982,2296.23372465833
6983,2085.7785554322636
6998,595.5816277043763
7017,115.64310321040897
7023,8793.84801490586
7024,5103.417670398477
7027,6884.5168497643335
7029,5760.065400195908
7033,5286.022413600775
7054,162.19011848343868
7055,134.83920910349383
7058,5829.690303069985
7061,62.2652773036988
7075,1573.7082462002072
7092,55.10095016034646
7093,568.7171856372458
7096,45.63926307464135
7119,4852.222056539684
7123,1.0529231266483028
7125,409.942313209597
7146,473.00567489181805
7150,1955.0932518257948
7155,117446400.79933588
7160,308.68391186511514
7172,1.0433030661672908
7193,13271.701213102468
7213,1295.5277809629836
7220,295.6263189245598
7222,2.039789127853112
7232,107.83524848984119
7251,681132.2939945767
7262,183.6890225508969
7263,4752.000679028704
7271,155.61773837752594
7274,12215.707210820123
7277,7954.735922627737
7279,26031.757304646868
7295,778.5017354275708
7301,4869.125286679138
7320,17971.957187277072
7329,267.9844881147617
7331,158.34815743196347
7358,20289.988814394652
7359,547.8311401537129
7373,15826.09558438343
7384,296.77305470824723
7389,303.5820545248039
7393,4159.924942219523
7403,286.40698362891146
7415,644.7398961943895
7425,229.2915760460188
7426,1343.3780509822973
7432,210.25840306194783
7435,398.7969458162911
7436,521.3183557625944
7440,83.46411621263192
7441,510.9867896630299
7442,12892.495429511564
7450,1556.9479424541616
7451,15242.720596299812
7454,23749.2889128188
7467,205.53274295223386
7468,16868.44098048683
7473,1107.6045041992484
7502,1562.1243656867334
7509,240.53545587475958
7512,8108.9939298201125
7517,14052.99199512435
7539,17008.84411260952
7548,22026.69368791565
7556,224.51762349805034
7563,25907.427056836685
7587,18443.75291163136
7592,1691.5350960183323
7595,50381.620900956754
7598,265.30942675507896
7620,422838.5451365043
7629,1194.8970394727403
7653,6596.850012139677
7671,1102.8796838528901
7685,2896.1408949460856
7688,32715.164944764823
7693,7305.344208312255
7700,4457.932661892359
7704,1749663.4532468508
7716,30050.58809171934
7723,64.50350696450731
7724,3097.9708235582925
7725,522.2215516135071
7728,1.0600310424744266
7734,581.2632274626862
7743,265.09498017323716
7754,3064.5510316454265
7770,7165.843154566092
7773,49984.799125655925
7779,2002.1631462275845
7790,917.8018710219665
7795,7360.744878497285
7796,455.67543087641553
7811,682.7777607687036
7812,4663.623594370415
7814,3300.1311052375713
7824,2016.3025962108493
7825,2438.804713066482
7840,617.4792677375664
7846,145.30523708224854
7853,448.1379276779479
7859,216.11066581042974
7866,0.0
7874,154.94474990672958
7883,4451.663801607777
7891,3507.6554911838894
7893,13114.782838079062
7900,130172.84369617143
7910,5154.568313357701
7938,1942437.2444864863
7950,35.64623813154176
7975,3707.297178391175
7988,7600.825803313277
7993,3503.407009345504
8017,1192.9151980525216
8018,7124.89449877188
8024,6958.691468179586
8027,78.72180523049515
8031,4093.6902059223894
8040,9861.0530850827
8044,882.0863806103455
8098,2524838.258059101
8107,2598.165933163417
8109,298.01788071171103
8120,102.20345923260324
8130,680.5823638016583
8131,2884.2341015116826
8137,848.4004558046335
8138,2218918.9374875324
8141,876.8260576511723
8153,280.996269786001
8189,5334.286419324705
8197,400.7797795099791
8201,22626.84917985068
8202,168444.95629041237
8203,673.7639618377848
8206,6.78042044001898
8221,7335.679722104473
8225,2081335.6894167666
8228,1464.0274594241814
8261,2904.230943445305
8308,13035.33897840034
8319,24.326948783500036
8325,414.21887148071073
8335,2136.63889334048
8342,684.6260553903471
8346,62.28020473272204
8350,10.83727836982663
8356,178027.73174627507
8371,376.0601136190483
8373,151.11111624278482
8389,5949.539542066061
8391,9263.175321715786
8397,2053.286046053229
8398,4304.548915413234
8402,12779.634167525346
8409,9131.697333549715
8429,3233.7169203363574
8434,2351.7128203569555
8436,26.649027380915985
8440,2573.8865324497683
8441,10761.861000785451
8442,470.50692856564643
8482,5633.964016655909
8500,298.3733519293673
8504,4469.794704649602
8515,86.1124077035883
8517,616.0958844021918
8540,4640.207580090208
8544,55672.745583992924
8558,4978.498929184437
8565,7679.623503345651
8570,5751.957044877323
8579,753.095831583306
8620,641.384285036028
8639,18250.946881575463
8661,434.91580568286395
8668,3524.4453894390626
8684,9375.060123829351
8690,2726.7898757310077
8695,33962.31489741436
8703,113255.80300206447
8708,0.0
8724,5285.068246010812
8739,273278.2098535346
8741,2256.1658267662697
8749,19142.844048659437
8759,37662787.946369834
8765,272.4783498153428
8785,2506.0443867692884
8788,22128.326860649366
8791,1973.4527513368748
8814,433766.3177456144
8818,5642.367076208837
8820,2608.495348313349
8821,2013.1985171964895
8822,269.6307096837308
8841,30.98898978561433
8842,384.77997585920514
8850,891.2691446071827
8851,15224.212254387096
8855,364437.88317824196
8868,1266912.2845092702
8884,1896.7049284959903
8890,4427.761222756774
8894,3328.774421464788
8898,7084.759757698013
8908,4590.853917313384
8938,954.8868177646133
8940,1899.3771496081215
8944,5029.376954341359
8956,1600.106505254249
8957,24873.75937625064
8961,436.64035472100755
8988,452.05135875499855
9000,145566.6877260861
9003,1663.9950041936945
9017,5683.213075123945
9020,2515.9079923072486
9023,127957.98962046941
9053,319982.43718758965
9072,5502.5989488996065
9074,436.385506239284
9075,14337.49162530155
9076,1482.3605302456174
9083,1853.1368079758124
9086,3244.112019078907
9112,3.122871624629389
9127,423.53676562664606
9147,189.03733469813315
9148,44465.24309174028
9160,82.00263391563864
9171,5343.563271772391
9173,25.19491632332036
9174,121523.62784401966
9180,17015.55464420571
9185,7220.7796164228175
9201,605.3126317412834
9209,393.71761973374413
9220,42997.1430398486
9224,2425821.0057927724
9244,120.40410385383797
9247,5849.920865391317
9268,12.02850475883818
9270,54.94204185387259
9275,38.626180063554834
9286,2870.2425279433705
9287,104.94791329891255
9297,11.734199493819872
9300,551.7295374504948
9312,877472.4895526331
9314,4599.933068840309
9316,6405.772640365982
9329,711057.2122588877
9373,1312.079146249728
9385,139362.30710548128
9388,17.559123330565782
9391,4676.048397287585
9426,5.357395537669488
9444,2141.9513038278087
9456,1.0195622749358493
9467,4530.127001168955
9471,271287577.4827012
9475,2645.5095364888152
9501,5.750701030060082
9516,7446.2440322761595
9528,3056.7561032228477
9538,357653.46682870405
9539,1151.2377343214494
9540,755461.5509060507
9542,1833.979495935556
9570,1218.792755417563
9589,73.97855881503953
9591,45.371816666378294
9593,7.386519092781794
9604,23.45537791405076
9615,10679.073732330895
9621,673570.08596276
9632,9799.590611264868
9636,16603.30175959375
9641,2637214.143667247
9642,599.0608273469627
9647,8641.638049241994
9654,14071.076455877976
9657,32527.39345093251
9672,313055.9365801641
9685,14488.270595476995
9706,3745.2425025408843
9707,77.40594397404615
9719,2003.5791094847536
9735,740580.7912295064
9745,508.99198378318334
9754,5985.149175236702
9779,65.63498492776932
9780,23.28779751562579
9788,916.8979279325982
9791,3743.1884458550517
9797,96.0368077002707
9808,980.1384213868901
9838,50.52627573970529
9841,1068.9093374915715
9845,137.2616919718198
9848,3944.8699896938106
9869,428.22405624641704
9888,1603.1226315483846
9906,401.6436989707273
9924,1286.6305123409031
9943,317.60652774993366
9962,361.85503408940184
9966,10269.827649936076
10006,17405.14890709048
10008,567.3850618084016
10014,555.4910645408727
10018,621.307056246353
10039,4038.9945142329993
10050,3464.063516510011
10054,7679.5923105437105
10065,12455.32053179007
10072,97.99651285908529
10080,120.50293312338086
10083,2875.5061225288914
10096,3259.9945028208263
10108,1470.979494726226
10118,23.493537920855733
10124,852.4298516960113
10134,88.03595625477706
10135,85.45694373460023
10204,335.8446878521453
10212,8125.379454202086
10221,152.34265560807495
10226,421.61219316518884
10234,3195.6879729732623
10240,720.9295880461227
10246,722.765605678931
10257,234.32817006317032
10269,655.4495136575264
10272,478.2962606073091
10286,6732.656442399589
10288,46.954841178668005
10289,129.03042018163373
10299,1322.8789941982118
10300,592.3840599253888
10306,243.77289400164057
10314,57.65434858889328
10341,1545.676592080913
10354,417.3136339920011
10359,4191.5099910193685
10360,14838.06310835024
10369,4181.385692951051
10376,19.255297478010533
10380,264.9122761661818
10384,167.00601687905777
10419,2558.7309492091126
10444,4279.925538894548
10456,5038.616836774157
10458,387.1095343723732
10465,3824.9066902900972
10466,4928.77476152063
10488,382.9282480729851
10502,1047.7662280535524
10509,9067.750043599477
10524,9568.570112195363
10548,509.3706305671747
10559,1782.0043193051392
10564,142.2473980946438
10565,315.39299877281366
10567,121.18717241567009
10580,7944.348452324016
10581,594.4480738627503
10589,78.9511666118871
10604,13.845338843785012
10610,126.9522792955557
10613,5.250351408156087
10624,4.0989968621006865
10626,159.24817607875244
10631,4.963668370850502
10658,7338.413349291269
10670,8427.11010194345
10676,502.9192564520469
10679,10049.910215636775
10698,923.0990252226283
10700,152.34479698744067
10706,231.2775382452941
10713,11438.872661514919
10717,239.57193689330794
10732,618.7117005511236
10738,399.08816424879126
10742,680.688207601212
10746,7441.264082051386
10750,17317.950492389802
10761,78.3895413400919
10771,78.3677829558261
10777,121.82138553933262
10787,182.45221549067
10794,9086.206856281478
10805,9026.268185711711
10832,321.7467747206018
10851,8682.104860094438
10867,3475.4819682371535
10869,438.4584046318682
10882,9491.002256421569
10884,988.2605324589103
10900,825.2616042525962
10902,8830.953542978641
10904,1061.0605356944702
10910,783.9816901453614
10916,72.7427482652301
10918,4269.651387009595
10923,8236.140720497155
10934,934.4180975386082
10936,86.64834462077678
10955,444.88711511692736
10968,2847.2324614061345
10989,569.8936507814002
10997,6.597230522155793
11004,1102.293361654383
11033,518.8788412620136
11036,483.67619056428384
11047,489.53457475904924
11057,792.3322622325817
11058,941.3798962683666
11084,1374.6460800334887
11101,3991.9338299793994
11106,220.1288461974563
11125,3146.7656659949876
11127,1295.893739909638
11142,2565.3379414944097
11145,2022.2482180578893
11147,1423.6186460114204
11149,3118.7144788662617
11155,663.4005096296199
11164,6525.887495109658
11173,315.78181075532046
11175,1494.3437233497082
11186,511.31833362930945
11193,1324.594941391149
11209,622.5646759602671
11212,418.44613479444337
11224,702.3909991663296
11232,11533.973459961273
11235,5972.129071592949
11246,176.83758061324156
11262,3449.627500715466
11264,131.16143106545053
11265,3757.420499707591
11272,1744.004650413906
11278,328.23409338834864
11298,362.5088096441191
11301,2441.4646474031274
11304,154.0789280008549
11364,2865.9288964426482
11370,917.6144114954708
11389,153.85866775048356
11410,210.71901839964457
11422,1377.939915451035
11434,2179.3866818672004
11435,168.166814431537
11439,29.354156702543666
11456,3778.7487187280635
11458,1670.669848122684
11464,260.46087864334515
11500,209.64585945449215
11507,134.42531127274694
11537,866.9796870225538
11545,512.7615145008954
11583,26.629445336340613
11598,26.65248811598524
11615,4269.682142987517
11642,295.07624571787557
11645,60.30197912374437
11652,277.9135796556599
11662,148.54828186523358
11669,1.8940468015280971
11670,3.2039753026258024
11690,9996.192133126497
11692,475.24776784486966
11693,513.2826713036469
11694,215.48145023251774
11707,1189.8940532824013
11714,7718.581819051289
11724,1044.6269009304401
11725,52.31640883427691
11743,546.9686631029153
11767,1376.27512241557
11768,1439.5897004297626
11771,158.7633676004361
11775,1381.0026847275433
11789,64.8782793600793
11791,1623.8783373477672
11795,1539.304476729654
11813,40.72703266762243
11830,70.32723243484621
11840,82.44559283537725
11843,268.5510899968256
11863,318.03570258138063
11868,1132.7780233380918
11887,971.3456506185875
11889,1635.172144570181
11907,46.10925832312888
11910,502.069715769809
11924,304.87493787077716
11942,316.98684132602517
11953,1289.928526393051
11962,9425.996532726951
11971,1258.0961915775817
11980,1145.550202001871
11987,63.79830959905007
11989,3576.1722887149917
11992,930.3723280028375
11998,251.62245819915958
12015,3356.085007636368
12022,70.42614614531205
12026,5907.7714605221245
12030,151.3152574658306
12044,765.2506266284265
12045,939.1868893275015
12046,772.317174329423
12047,151.2497987241313
12057,218.9638461513211
12065,155.74523273473196
12066,1551.5965650660223
12080,81.53031557862508
12088,180.03555010940656
12091,5133.4182607906905
12094,892.2253769555858
12118,182.50522783410636
12134,18127.555562301655
12142,56.00292280057216
12143,346.3747883521424
12155,1974.1645933025663
12156,606.4002387372394
12158,149.19606223473627
12162,128.4407991733061
12167,634.8698044241337
12176,1669.1163805992678
12194,2103.851440387101
12219,1603.6112388550077
12242,21744.92776553991
12244,103.13787326366045
12254,99.8337636984541
12263,2452.0052379936815
12269,2870.051453136771
12274,109.42377609845022
12275,317.87692265436914
12314,391.8884136207349
12320,1061.528716321027
12322,3160.301486236932
12326,2242.5971835093405
12340,19.7691756828264
12352,445.020355201752
12353,911.0128587912636
12358,3342.1742171291626
12363,27938.97899468234
12376,922.4760256090267
12387,643.5975795200668
12389,14837.307611363523
12390,2323.935026756077
12398,10967.505983369801
12401,3.1442577472512276
12409,164.6991656854583
12412,228.49657758422316
12417,1569.7142557548123
12421,792.9276453645359
12425,24598.024315412425
12431,29901.93141654146
12438,21070.63832114608
12448,25758.78607065452
12460,100.37244079445176
12467,1474.412091723967
12471,163795.7755408827
12476,9034.774777212142
12478,497.464128542171
12483,9790.832133422979
12547,171.9523376584477
12578,31138.853108500083
12592,2796.871322013515
12623,43307.38135936242
12626,4.738168643307073
12635,2855.695822884954
12659,44660.18458650209
12672,15384.289199174478
12675,8057.186931882191
12677,540.5853507122749
12681,1951.6818578843827
12704,1366.3364802686501
12711,606.4123435595458
12713,61720.127220870105
12724,1366.5724273334713
12766,19.27461037780356
12785,7423.321380883387
12790,82421.56532467391
12795,8862.967392083778
12815,17221.397420587728
12826,1308.664663205021
12828,5269.490997890499
12829,72747.57223816356
12831,1691.1415396904206
12832,444.84227333154644
12833,19.01375733017162
12835,107242.89290044151
12853,2511.4941732749926
12860,1218.4581361650262
12869,883.4559006067317
12873,6.4548576690077315
12882,1415.5900959249816
12884,7381.377159616359
12885,1588.1403933124755
12888,11211.180709674565
12891,1373.3135406021347
12901,8.87685112831571
12908,422.0326774043358
12913,5691.128066582686
12918,19096.554445090424
12929,77390.38790915247
12933,3.0238397298437456
12938,457.77365193939005
12941,1221.0283963832014
12951,42198.34934026819
12965,2.112506975880784
12978,9897.172911847074
13016,2171.8839089092003
13020,1930.3489777025147
13024,9452.78194018186
13026,375.2915991845124
13030,42627.41090584369
13052,58.79751362298618
13053,18973119.257397942
13059,1768.7354793361053
13061,61.09336842077091
13099,14408.30052039111
13101,9.902734999025183
13102,2.1368952479967014
13115,1950.1391002001517
13152,3718.705479994045
13157,1201.8091973548903
13162,14461.963693812088
13173,100104.17855772839
13174,107551.00602374144
13190,1921.1784147335122
13191,77.21461635870271
13212,118075.85470937539
13213,122877.15537899238
13225,647.7836858334437
13226,332.39231705016886
13229,62.84502593765936
13260,398.17231353261866
13271,525.8014709827662
13280,50546.50379237298
13299,1208.4294970214878
13308,57576.41584479736
13314,25.84178040477368
13321,11299.757541262645
13341,486.89698896430053
13358,307.902051158306
13371,285.9897726930045
13393,214.34069748132296
13398,3401.6330220180075
13414,5674850.879873964
13425,435.4521044106905
13430,5.859561604351153
13431,31004.347181137782
13434,212.96917813003284
13446,12460.615085324047
13465,4.038493666270239
13476,324.5772778413079
13481,4368103.612361838
13538,5631.72858663415
13561,247.20017169243422
13562,11.063559592060122
13594,125.8760048336355
13595,245.20393182391356
13603,1488.246261094509
13609,4186462.2733674464
13612,477.9783786100958
13613,16063.971781336659
13615,670.9250664601096
13617,10.287940476435022
13619,41065.55218745667
13628,119.22135260537729
13636,4363.622298800489
13644,357.3791958155454
13652,146.0092374456268
13666,14.347572610248536
13667,116.87694370814073
13669,76.28839507505796
13687,54259.175761881
13702,2401.781028400889
13707,222.7433555151018
13715,6913.707645865437
13737,240.91635929160998
13742,382.0018684253278
13743,1668.047526090489
13757,1316.1639254245958
13762,59260.8764764367
13772,3615.5780227981522
13777,1432.3859293567823
13779,395.7840272725308
13786,5016.094787995522
13806,30441.75554797229
13807,2491.110166191265
13821,256.93339427283075
13823,4398.349087421533
13824,3843.725665196386
13834,256.2355313586436
13842,13.780297960671938
13852,2304.826098199768
13855,260.93772246310857
13864,68.73765385702835
13867,31.1458295752048
13872,21.158188743171024
13888,116.19191918763023
13892,42.21304921061165
13899,23.515032576856726
13903,41.2515630836169
13904,13996.884324173636
13956,8.899416026590618
13984,23.747353581251733
14014,24.997186421621237
14017,11.720936495044707
14032,507.97789646518123
14040,6.005975352553895
14043,2116.563607860048
14053,10.397874399249439
14063,508.63380878033314
14077,102.09841944142197
14079,30.24573975495796
14082,19.012798505873107
14083,2011.5122697598047
14084,324.5134427700692
14086,439.0910255080074
14098,600.9770643827416
14108,14.595979747950706
14124,16521.495674594662
14172,13.592425203759483
14175,14.148214397105829
14178,216.92739936886454
14190,12853.310207411496
14196,204371.89026375464
14209,11.515877506203925
14216,2588.958697315428
14218,51.31886921024332
14233,540.9144033636027
14235,17.159103083495843
14237,83.79773731568568
14238,10.08180116484478
14241,27.53175400533432
14253,677.9853694266936
14254,1666.2845784396811
14274,9.415930166462907
14277,2568.61591065651
14279,748.1358519085492
14284,18.469363395002716
14293,44713.87444744314
14312,11.407880535388463
14314,4.084742039105062
14317,738.34287043599
14319,35.32060315319182
14342,570.9563266008347
14345,10.948875379941557
14346,532.0450893634697
14352,1516.3300753621863
14359,22.417819558910963
14367,13160.858113623275
14372,4090.4159344331333
14374,137393.28266467634
14410,208361.58925419344
14420,155.75930109682724
14439,18.25445709741025
14441,34769.74395251309
14487,46.335918800703865
14490,6407.233099527286
14507,34495.757904102305
14510,4.044461846543606
14515,527.2343021380879
14520,110.69705776355953
14528,2488.0251058825247
14545,1.0614108292425521
14552,7560.034750274751
14567,1447.7547728949585
14568,321.9820012831827
14569,18925.29287264975
14586,5135.589404141284
14597,21.56789696713405
14612,6.76222511811255
14614,10267.268401309308
14620,265.88312074497594
14632,184.31343584196873
14645,279.8118524821622
14648,20207.40488832685
14650,352.7608883166448
14662,37.02294707865763
14703,373.32657101688795
14714,675.9444658767973
14716,5520.908645637263
14733,13099.281201896154
14735,261.18290840634484
14745,74.73882142199726
14746,454.56675160220084
14763,17.08879032403856
14774,9148.43935379602
14777,882.5682489169913
14784,523.5434006185367
14787,274.5777927695303
14788,33.39582899733996
14791,499.8120820557943
14801,11140.826148614906
14817,16.264998523274503
14881,342.05900099688165
14921,31869.917275843716
14940,2.900166859591068
14952,1131.0649911623614
14976,68361.85887461703
14985,6665.580514633144
14988,3277.0363101587086
15004,57459.186475577844
15013,225.88202629915725
15014,2605.065088542229
15023,757.4414342396965
15050,9032.882800818294
15061,36777.80143189253
15062,15678.285275963943
15063,39.97021507705757
15068,112.77793224068668
15070,35.958645436468494
15073,666.6248861443383
15076,632.0731441720872
15081,799.7666981854093
15088,15655.923946710402
15090,276.30920433184144
15110,5619.249744877693
15113,42020.67113402387
15118,490.78291876858293
15137,27.277121516072828
15141,923.8139054482419
15143,845.7664359441973
15159,21462.150030164386
15160,90.50499429251373
15169,1133.0358764271025
15171,30.62277665151314
15176,5994.715311139051
15191,104839.11215042984
15197,40479.59235094389
15210,298.5709659568455
15251,1719.9405439339437
15278,25.485432912558288
15288,5696.257868983921
15307,0.9752782382917313
15313,422.2289984304683
15318,57.478256070506646
15329,2123.4630756519396
15334,3975.4247651381743
15343,2039.4146051259668
15352,4839.380225679535
15353,3123.1305363425813
15355,273.4728708595705
15402,22.797131133540763
15404,4.168710396537727
15405,931.6882276325191
15406,5536.563311566918
15411,139761.9835388611
15421,7159.918136673471
15432,10.292886765923647
15434,4532.4525268453735
15449,10051.4891997353
15470,15264.165317139386
15473,392.2831677787603
15478,8.051011869674145
15493,176.9237787999365
15501,775.2127957591995
15504,227.32054248251043
15505,377.1894156836699
15518,55.8067957791294
15521,462.99254606832625
15536,636.1675828841802
15538,505560.1240285583
15563,41.57331152086813
15576,190.27605416800992
15582,959.4606171878005
15602,16233.04627835747
15606,8.181831125311618
15629,1398.5809186455122
15637,88.99281915594028
15650,15.773776243688765
15674,75931.15257291924
15704,374.8287582448615
15708,160368.4878705687
15709,5942.574747785168
15712,1.9692572756218194
15726,441.7030951560464
15751,64.37213121384883
15758,133.29014479266783
15768,3913.339118112903
15775,230.02293452968706
15782,868.2240140856311
15794,233.18667082951924
15796,4.0135196263234505
15817,11484.695803785726
15821,742.1170833384173
15822,314.47453072588894
15839,1042.4588376647805
15840,2535.4796567601693
15842,679.9377280254349
15852,116971.59622902308
15868,3.1210351547658206
15873,4.04649165570313
15874,5.65159542412032
15876,222.5632645160195
15881,631.3079715866777
15887,212.52978423844118
15894,11641.61463792442
15910,4465.220470092732
15915,1693.3415036715437
15926,6187.973291413624
15930,23388.349139641516
15932,5.9706885340893345
15935,6333.359122652134
15937,7532.805370810869
15944,839.9929918780659
15948,2890.2875587501767
15953,367.7009370265169
15954,34128.40314921004
15955,44616.38400703651
15970,59691.968982523926
15979,519.8497273283946
15980,39.43390215000879
15986,2.0540251981500073
15987,111283.25479674705
15989,5354.926191626479
15990,1151.5838982518435
16017,4454.502625436754
16029,2417008.369973429
16044,161.36561826646818
16053,5290.105091118633
16065,7326.227377347393
16069,312.2750127431319
16085,4948.58106448738
16095,2134.674008064131
16096,27.530648136270404
16108,6.532345956183311
16133,1305.8529320576824
16139,281.0558302606508
16140,69310.536330717
16158,6425.3757013521035
16170,168.08739593404218
16182,3177.595840201458
16194,9632.138061625312
16197,275.03773088089196
16198,45827.46748210233
16200,105.09616994220956
16209,383.8179291490778
16225,8598.624285237787
16251,5.685262873252857
16252,4312432.469166441
16285,1099.0154638416116
16298,105331.0219037888
16301,338.3763682267229
16302,465.4897194565003
16336,802.0255637197936
16338,15034.87817982474
16342,51.960856334678446
16346,3681.1788980740275
16359,47714.82562294441
16369,445.679917969107
16390,1618.4361401831488
16397,2380.231286457185
16401,811.5484932792581
16403,260.29414259719994
16405,470.3773333653252
16407,120.99230213218985
16419,3033.1056424593808
16422,189156.7631781989
16426,31930.79964997759
16428,283.6227182666976
16434,2.9348738647971966
16436,4943.700074570501
16447,129.5967637939804
16450,94.30256563729434
16477,396.74082540083333
16479,3.8691564338710207
16490,5294.698714669057
16500,40906.43669438876
16542,7303.185310038261
16546,20871.456616053158
16564,1470.8291446738701
16566,2265.197489919934
16586,18.311014179816244
16595,2455.9085065642416
16596,8256.93386443823
16619,80.4565431636955
16620,1459.1779974781482
16636,318.60077882828847
16639,144.4659873750353
16644,15.03819536195015
16650,49.5010707656718
16655,1138.3020359209124
16656,168.0424818409963
16657,2619.044493481995
16660,198.5064578182231
16664,4697.325202460989
16672,7380.363307802118
16683,55.04750101043877
16690,165.71738980811935
16691,4045.6837473155406
16724,210.35871659687368
16727,2833.2093346874176
16773,8.92286293850809
16783,93.17547973117368
16791,173.20419500298425
16804,267.4620396367566
16805,167.28004178556546
16817,20.023084885441055
16825,6.000745576625594
16836,1099.1959920773088
16839,49275.76854845259
16849,96.58401717527175
16850,40.33960357844194
16867,198.501853975549
16882,64.24122113436265
16885,1428.5925996829055
16886,9109.923472753526
16906,152.03532602847284
16907,162399.21541031398
16925,43.39144525612868
16926,190.8644522116621
16930,245.805147117991
16941,109447.01621542161
16949,920.6510899929008
16958,2.9455469380675705
16960,71.13120129856496
16962,1413.22485485345
16990,6.952136266988411
16992,623.1972737261386
17021,191.6987770577794
17037,280.8953381262043
17045,13.407919747893516
17051,880.289514190794
17063,10116.352598085896
17067,170.76828462590265
17069,1095.685278478875
17072,3.1070635507301674
17087,300.6579762987368
17096,1136.767829433968
17097,9.049795134902224
17104,636.780398311192
17127,294.9164052159567
17136,5974.34809793251
17140,1721.8639397664126
17165,68.16205215785887
17170,154.62609710837586
17178,14849.444519383402
17179,8372.706258489154
17190,1.9941595861302703
17198,61.848576551538684
17208,66235.9275265985
17233,47.63482645638011
17234,445.0478585565621
17236,346026.2159250824
17267,484796.9798149906
17274,145.48372443616512
17287,2.1076520850954683
17289,41.157171101857074
17293,120.85107140179211
17295,35.945508676794674
17346,0.9994764697908133
17350,2.0149851721349643
17373,9677.105460912555
17384,1.1003743860273982
17389,146.7253980477376
17401,255.1117605535201
17414,325.8890492584387
17444,586.6761938187478
17448,321.5256046795933
17456,131.22997117253007
17457,966.9122555632772
17462,65.3859593557284
17494,1.9202756260471663
17506,28911.07259888767
17510,25954.43130239335
17530,2.886904751223618
17547,12689.058789275377
17554,37.930754360496884
17564,30681.82463025198
17568,66217.11835323174
17576,257.770880734041
17596,68.7856954013999
17607,28546.303842057147
17610,144148.79599732626
17633,7364.140123621473
17649,72.45429493118885
17653,4308.939131133073
17676,284.1726806873217
17680,1641.8538227599358
17681,5483.826477616262
17684,26884.158130086274
17685,3324273.2870441964
17714,608.7102769592217
17731,239.92226632967507
17743,25062.813904722025
17760,1169.0715717070154
17781,3259.1887648225847
17793,20080.58676206169
17798,194.0068474309974
17812,211.8687638006869
17833,35.890400352521745
17838,116.06664436120597
17843,5551297.773828489
17846,5368.068920861127
17848,1172.2643979787408
17872,4076.7682137782986
17885,8.673937568522124
17910,1069.0774377629366
17914,44274.77560014089
17919,36591.28471481346
17923,191.3269019713776
17926,200.80964376876145
17946,9.581952797151931
17952,4.997271394049782
17963,94.5082017216962
17974,2670.2033158547947
17979,890.6494146696939
17984,411.48942959770915
17992,16.972182537258185
17994,50.59310065167826
17999,1413.5033761623313
18004,41169.3360413758
18020,0.9813050392666629
18021,47247.2457182072
18022,87.66006667517432
18080,62057.62010347371
18100,8244.44264832033
18114,7870.165070304537
18159,77688.39969404934
18162,17853.395291676654
18169,455.51637908008354
18188,425.3037710485934
18189,447.4517432374864
18196,80460.28875827127
18203,98710.40625656815
18210,20.03166736366519
18212,8.167205076823535
18230,174.14780518524415
18232,5.240295496529552
18274,30127.069589235023
18298,4583.601165183779
18305,546.9896905760875
18334,26536.391223639515
18341,30.848961241908906
18357,667.7727486086061
18359,2490.1785124499297
18387,4.911232031326638
18397,650.4494623437713
18403,125.77609214388742
18414,170039.9740904963
18424,9.213270032537771
18426,588.2757961295155
18448,23.761468706343372
18452,10.515480263323596
18454,560.3323845753341
18456,1918.3190533988147
18459,659.1904516851913
18510,111.15973736890228
18522,514.3004780259621
18526,35928.1933823896
18577,3996.3446131694736
18591,9706.033135621998
18596,501.01366883980785
18604,414.18999185258673
18614,32.34785790424084
18618,344.0539761654433
18625,40491.11330817276
18630,194.39445911173104
18631,18033.58450894644
18638,4785.604340654033
18647,5368.9336217374175
18650,227.38340269285032
18653,505.4761781044205
18655,9849.992711414981
18656,65.54897443943096
18667,40281.11351030818
18670,17888.36842933161
18690,4702.817844174681
18723,54.04048617117031
18726,4678.647996291782
18739,12361.293648051862
18752,28.07805799119957
18757,1051.5488423293828
18760,35.02232891595877
18765,18232.81752168971
18773,752.9255756420449
18784,9058.35377094633
18811,2.0399126441152
18822,666151.7809224561
18823,111.74443652406045
18829,82.26283592024664
18834,35.37728449931702
18835,276.1841925531289
18839,2.0137284117118512
18852,291.705228084559
18868,403.5572531293757
18870,5218.814295814663
18883,25893.84235395928
18885,1.9823734158272763
18919,3.1811595785766755
18938,4637.356843856248
18958,185.27790277968467
18972,32.271933026821245
18979,21.96953149218067
18987,206.191783655086
18998,0.9898674864602321
19018,1118.6395111508577
19023,9567.36477619387
19025,13.195730142804653
19044,2693.549213709132
19049,110.8615883903827
19055,106.79622339980263
19075,826.9837094829708
19076,17603.25336765657
19079,144.75145154090188
19084,164.43713033702585
19087,83073.28382100588
19097,204.3736481544993
19110,645.8941052851981
19122,21.28335936687103
19125,6.635493149848487
19128,20366.060337962652
19137,6409.5361401070395
19141,1588905.4774808164
19151,92450.9880991219
19157,17.61064443155425
19164,7.985278123615065
19170,7364.31195695144
19171,20561.125508826488
19178,7183.244300361014
19186,115.50891033364019
19201,58.22562731624335
19206,9326.580371753907
19212,10132.26143196669
19213,88.6961234860023
19219,14.77625692196231
19231,141.26842947284652
19235,257.37504597425726
19249,3432.5379324583637
19264,100.75510203942109
19267,3.228380648563592
19274,5084.119214094062
19281,114.53077309304273
19290,1.9173364683456955
19303,254.92767310313755
19318,4712.3801968426205
19331,1556.450828986338
19337,24.464698423687533
19343,6.990266280084094
19345,683.5016501612863
19352,3471.9705390284666
19353,8273.741722010582
19372,37.7568472370013
19374,2.0161457209748894
19383,392.8542540386952
19395,1118.0564846200598
19409,40066.45346794014
19411,199.45740776535584
19421,34.051169079225865
19431,1937.284108700868
19450,10.557426721274958
19458,178.97912726863186
19460,1380.6055694148547
19462,648.8599766827843
19463,1464.4725165121051
19468,832.1255658096343
19491,949.795144127135
19493,594.4614478511979
19499,68.95260226709799
19533,108.03291910538701
19537,5.088016089463099
19558,45.186549789098024
19574,58.71771954739356
19577,977.3267285834919
19584,380.5002446775892
19607,454.21098806459474
19612,3033672.0309027857
19618,120.38266040585486
19626,2.870239104028412
19643,34187.68093491932
19647,2959.957105621809
19669,712.8762769977913
19692,3.07914879360451
19693,643.6279179556777
19695,16.04341067334374
19697,28.39123155368815
19698,1924.3713979177246
19703,995.0274989638165
19712,72.23734407130084
19716,12757.600042625134
19739,2.1582511426528814
19757,154023.89756909618
19773,180.3809557327733
19789,767.8895036257308
19814,5.199321712448823
19821,1754.6259405731332
19830,163.54161572024063
19833,4930.531429474218
19834,4945.30161947544
19842,4230.116050742213
19874,1533.1872659909156
19878,4684.634436023764
19883,12419.301341328895
19891,0.99965282861846
19915,55060.52155948539
19920,796.4685165971525
19921,124697.14973471027
19923,390.26483202613565
19931,265.01494266496576
19936,8377.800518791759
19938,3248.410583755529
19946,568.8795633159029
19948,831.3434581702406
19961,338.30645581789
19987,15.64823891532026
19988,80.1170033818798
19989,296.13801887304453
19994,9771.677644651943
19996,7217.857656609029
20009,138819.0998108026
20016,1002.812917283028
20019,17.260607212048377
20024,4860.571921326566
20037,33638.13757990046
20038,49773.254751424654
20050,153.61512911381766
20056,226.81862271853393
20066,36751.68799224236
20079,143063.7173886837
20085,820.1933327080258
20090,207.96849359543037
20126,2710.293213710618
20132,21384.45169098306
20156,613.4236622637255
20159,2712.519960662359
20162,319.96518245269294
20167,112.24577306767048
20174,2.1855920644050673
20184,188.04461742130871
20194,14282664.22305178
20196,1985.1601495812
20204,103311.40702324928
20213,123.39879642382124
20215,724.5828422263831
20223,3620.4120952461144
20230,1949.921305330091
20249,33674.90926822191
20252,1263.8126464919874
20253,106.103157631047
20259,8013.059286351739
20271,667.3319068802396
20285,29.11239980041677
20292,2828.2097815962725
20311,1.027490055528808
20312,36759.61180973912
20318,153.68230898894868
20332,5693.099910461672
20340,2063.755477999351
20347,9098.30539009675
20363,1475.97908075603
20374,2082.4316953766865
20380,32639.97172277545
20387,4.853262571750833
20397,198.12608839490323
20398,1.8638281359226596
20404,88.23028010522196
20409,9662.820887238682
20420,694.9855147013421
20434,161.23854059665723
20437,0.9693658372249645
20444,148.79407834816084
20446,30565.520091143622
20452,110159.85221225482
20460,1507.3174483684368
20486,18304.738728737935
20490,0.953151040972146
20492,50.43810035091597
20500,18.0794178886321
20502,162.14542664014832
20509,1807298.757734172
20514,24.39725467536383
20516,0.9508580499489444
20520,58.25518574758331
20526,22.78985367191548
20537,278.97278762017766
20541,52.03467664693717
20543,76.36622671694593
20562,16.592746365793147
20571,178.51810734623024
20580,3152.581438395427
20590,1.0201901664793724
20597,7084.554810473464
20614,3459.957537220412
20619,165.24674365843475
20650,60.4378896118279
20665,601.447191417356
20673,1115.4827276668402
20681,57.023101585803374
20691,376.98603459097853
20694,1243.6303728425617
20698,1.051478972811143
20704,788.1771330006624
20710,103.73360118973685
20725,1651.1136030889709
20731,47236.00909627478
20736,1.0691219836962813
20741,15833.926179603457
20770,42288.89604117406
20779,15.458975554580167
20784,105.50711495103123
20789,26.763172255687984
20791,40.933295289200416
20806,39161.838089854806
20808,722.3608014563551
20822,1074.4934655566187
20827,7311.777650200612
20842,69.5559478367383
20863,199.6810511016147
20866,8964.605869772055
20868,13.703840702822278
20885,1463.2434185177547
20888,154593.48041145405
20927,306.9838432127195
20929,117.68913574773929
20935,1839.2801728497263
20936,2157.405881033284
20940,171.14439994962265
20942,7837.33550415431
20946,40.089649275485684
20954,8076.12080528432
20967,2024.4645602078235
20972,170.61094039772334
20975,7227.678309082531
20976,26289.448441230772
20988,23908.60814370414
20998,266.60142627646223
21010,27691.04339082062
21015,28.877608542874306
21022,26837.275163555776
21026,73.59567011217172
21053,1910.0464813155913
21070,198519.72789561513
21086,252.0765133568303
21090,313.4097105489925
21091,9444.159516900128
21114,155.9341165309022
21138,487.61808501998735
21158,1637.5818901245107
21182,2075.546642838617
21184,26417.40439797811
21221,25.92429475255793
21237,867.6746147328798
21252,10495.703683328833
21258,180.0364372263521
21268,1037.086319210966
21269,770.4160260913192
21271,4026.7035639743845
21283,842.0666679386716
21295,23.253992675015787
21324,17579.044384968172
21333,22.163913672005428
21335,390.0654754393861
21349,4210.393310780105
21362,266.2916626695935
21379,989.3575628505424
21382,11837.44189002826
21393,210839.71213251972
21403,806.1421851613777
21420,3.0011636769025407
21422,8.235832195417295
21438,128.02400480777817
21440,10148.284485157174
21442,5.226518475672556
21459,45609.88048872811
21465,13051.389485887714
21482,33253.48189203618
21492,6.524224392966869
21510,248.25139398583465
21522,11.333727092147246
21523,3.0660889890965173
21530,12671.477298129634
21534,150.964214064167
21535,708.507770331639
21542,144764.4652779038
21546,596.5706576699773
21547,6.512131144329589
21549,2.9862880505939065
21557,1282.2731234373452
21580,11.682952701910725
21612,1071.652287358092
21613,11234.061636778895
21624,35.19737605461056
21626,704.1448650813005
21639,20165.868999146005
21641,56.15464590297769
21652,849.8699529741235
21658,289.00560140149344
21664,1029.3115926909436
21672,9625.491799475101
21673,492.8712158983608
21698,816.1784628326441
21703,3.7447570050043266
21709,769.9923398075543
21728,882.2128057834284
21743,4.807132666559653
21766,149.76700646589876
21773,13.371761889185228
21790,1350.7112710293522
21798,7061.740705132368
21829,8.266647208752989
21833,87.28121964487525
21842,0.8813485474936537
21851,3.991630062479617
21858,10.963252823516784
21873,146320.7179768942
21879,12.03183201897679
21884,1227.5637620979933
21890,1257.3886497522674
21893,13.163495675946763
21897,131.93008994978214
21908,129628.67625362394
21915,6433.036071491411
21931,1552.276688081158
21936,196.4075958398405
21938,3.832943384357013
21964,184.34192857862982
21967,39173.878420967216
21968,508.18866161353117
21990,69261.1405249879
22012,21859.92221964993
22015,3916.264345433921
22016,55.683554715433615
22032,49.97317350383294
22043,978.8999466648017
22047,4266.4525061945615
22062,196.4122744974244
22070,17059.549729535593
22071,1593.509283534632
22080,2594.01677314223
22081,1373.8163570903034
22089,5.192828447051067
22111,856.4826168785361
22118,48.87165033197868
22124,3.840214451065033
22130,29.426843543639166
22138,2651.189043891194
22147,287.4863959976596
22152,3.028419666355756
22158,273.42590039892775
22166,958.3043290367401
22188,522.4970685649564
22235,3599690.315308806
22245,74186.26953239662
22249,4.41877228572381
22258,157.258490138938
22260,83.99506077145485
22271,2251.759105011357
22290,20898.579927383445
22294,34.00899970022075
22300,2613.421987378161
22335,22077.791464952206
22338,506.18805916025747
22348,32780.83092567121
22353,45594.34049017897
22354,550.7220921865612
22360,216.6616922750975
22377,55175.023379458115
22378,51364.34014454226
22382,32892.842431564924
22384,532.8315282140381
22398,247.88201942641217
22402,27751.490766000275
22476,285.7667990087167
22484,999.0714555705628
22488,16729.402949255094
22489,2785.222047977852
22496,61747.6275883021
22499,118337.58031772595
22508,19.130129570088638
22509,12130.901910026325
22510,1.8789177880248948
22511,2.9123389126332553
22519,509.6005830034659
22531,173.23041099441215
22532,83.06666573198841
22552,331.247653606902
22563,30.252320120021903
22570,2316.3707933009096
22595,8890.938594134124
22603,16998.4114957132
22609,101094.22654845458
22614,3864.5156004484134
22644,104.2244168076029
22647,166.25585914013908
22663,19023.34228304629
22667,776.7533856792685
22672,1149.5244992165399
22675,346.5073613433466
22692,147.4679856285122
22721,6.886811034251234
22722,6.269369407017598
22730,1916736.3364537451
22731,354.62365597388356
22734,11078.40652618376
22736,68.96707953522414
22742,5.837978347045876
22753,1206.9287594231284
22754,175.446671078864
22760,25638.735508485177
22762,621.8599326605653
22767,62.768347013037406
22788,327.51270738121195
22789,9090.599319860012
22803,39.171378023677875
22804,129.11864911747776
22810,87.75614099576771
22812,3.780451382041952
22840,2633.814473614508
22878,87.13364995993673
22885,960.9095237372875
22894,338.8328071000168
22898,12399.137782927332
22911,10.143842946725787
22933,373.1286858717451
22934,502.43075923044495
22960,405.84645107021976
22966,83.62184664833471
22967,36115.01369581458
22973,18152.45587166399
22982,872.8736097635099
22984,83.73885812943413
23008,1698.9455959420297
23015,20948.556675821954
23057,43.80452233073477
23068,4.326003283807794
23078,20531.890691022247
23100,60.606035314397666
23104,12363.260575226534
23113,846.8097469808035
23115,4.092112448442991
23126,430.06969259668375
23127,170.584868718184
23128,68.11057649004864
23140,26499.944061016868
23163,5756.008617929722
23170,84.24312142398288
23173,75702.98334106557
23179,32.719864078969756
23183,155.15631517925087
23187,2198.262441497471
23189,116433.75087426869
23196,30342.022128821438
23203,158.7289554106633
23212,26.5603013632726
23214,291.67292343616367
23224,7576371.410614003
23247,31.560128722300476
23260,1372.2390389036623
23275,704.2748587341911
23278,143.33942650680976
23297,3352.388268082583
23306,3.938677225201642
23311,122.40602316200878
23323,7621607.272259974
23327,24370.668372514192
23335,6.321051141634575
23337,16.220120616818537
23341,123.92346536215443
23351,61019.57338305788
23357,22982.540902357225
23362,27320.381712208822
23390,726.7416422289272
23396,31.5508407441295
23414,88904.33893158613
23421,668.3600732728802
23426,1.0121958549263799
23438,77.21483266032224
23440,25.08233823606531
23442,344.35270573007216
23464,49.01472618302235
23469,411.4791936838127
23496,40899.976852008724
23502,17.610074439915376
23503,325.5670241602046
23529,200.16773245628704
23535,97690.46791765926
23541,145.70600196449266
23548,2162.007664946649
23567,78076.61980182199
23588,32.393129876265604
23593,1292.8949635161916
23595,694.2820868467483
23609,109.0626388387117
23612,50576.96651066769
23615,100.03736547723334
23631,800.2667597692061
23635,4470.081991512086
23638,39941.888882008054
23669,862.5268467887748
23693,5021.800029836448
23701,2113.087959027641
23702,75135.15253820203
23713,310.7706661058003
23727,733.5535208997204
23733,21.84013824556424
23740,104951.10373854752
23743,151.32325043410884
23746,43.089055177104285
23748,3968.819134472845
23754,61037521.05740418
23755,765.567937284786
23756,2275.962562185296
23764,67940.96259853877
23765,958.7767406071724
23772,440.98574110772995
23799,136.5237545769165
23801,44.68400982602197
23802,47.4924090289074
23803,307.8120988106501
23810,5858.473307634134
23818,302546.3635127393
23831,163.86600102041893
23836,606.2358689691542
23841,1318.7636773875445
23863,132618.37075463586
23875,14288.32689852553
23879,7127.1065511559045
23894,33629.87916710274
23909,11641.114883493177
23931,41.12958068570916
23947,196770.536318678
23949,88.34713357999462
23983,838.9485036818048
23989,134551.10911853853
23997,602.2250026770879
24025,304.5356716619791
24052,222896.14826197748
24071,3482.9530725231025
24082,1253.9708250665838
24085,1146.7948777453723
24097,14167.77559990016
24105,1408.831130232612
24114,35895.99980613167
24119,1047.2223795964687
24143,472.9379065607143
24172,106.30940222777124
24182,527.2987532502241
24188,3374.9412311783653
24195,1633.882891522407
24221,937.4737626101092
24222,14277.544166015821
24232,64396.051351272996
24235,278600.59246739757
24238,19211.040132962054
24258,572.8973062347792
24280,50.35229322038809
24287,1102.9977763663605
24299,26793.898693840547
24306,818.8130459954434
24315,2874.7506842761113
24322,856.3097429439615
24337,24.138296201304584
24339,3832.1439396650985
24346,548.8786411786124
24347,360.56129238309927
24384,175.92543597901346
24386,8.378899779081443
24397,4614.106848823938
24405,13514022.111003038
24425,17.57668856285158
24437,7956179.048009492
24444,6492.317337645592
24445,570.3083848263949
24451,116.04579118359857
24452,22.613896716483463
24458,355.6257514317445
24481,1962.0422444801454
24483,586.3571264468877
24485,10216.42837832732
24491,791.3262470311827
24509,666.304286869148
24511,590.8429945103849
24513,10445.274385457426
24516,3.932479339679539
24549,69.59652255971388
24561,330.7394889125124
24562,968.935606900465
24563,17110.193287966267
24577,78.72115826318068
24579,1.0558229991503227
24583,674.379486448331
24586,5.223820274476082
24601,1179.9919333419753
24606,130.0702539610287
24630,1757.3595762566506
24644,2802.623962819827
24648,6491.429510019875
24654,19358.13864567894
24674,37.23048970159457
24690,4.995720117643376
24721,10.15056233020106
24737,3836.976380572823
24752,6926.505171354793
24758,168.5180063445262
24784,23087.070272833465
24786,442.11313348943486
24789,5801.230535671417
24790,5816.391477499391
24801,17.450952897294663
24804,1459.2744423237489
24808,9.141126738100414
24840,11.115607732504271
24857,35977.09807337743
24867,8.060094039142905
24873,6.2483794683766725
24891,7.6996445938853215
24894,34.673925251954444
24922,45.01193285265197
24927,750.8961742439012
24928,1163.6483839970808
24935,225.96314950718968
24945,5.01167736985542
24980,2.087384601008496
24987,443.5843107997941
24991,4973147.644180413
24998,5.827215859280191
25000,207743.01027269458
25025,751.9685120933177
25028,8471.705358153951
25029,4397.877030197232
25034,178217.8404008286
25047,9.29089158897582
25061,3446.4047884926667
25095,1255.301492466312
25108,286.9118483485966
25111,109.2738482715421
25114,2972.5293745056065
25145,25470.269096214284
25164,3.055951560624764
25186,3.083916272181524
25187,301.769243907237
25200,14.502077917877992
25217,0.9489738546928553
25229,2.116994254934707
25243,197.6752964218562
25252,38.18199964173004
25273,106.29795264155244
25280,1.0721971176272138
25282,225509.9378426833
25292,2716.9937650862516
25295,3.0585472026923526
25308,139.5758261137352
25309,22.685723019921795
25311,892.3313204618963
25312,24131.556844303854
25321,143.6153054906384
25330,21.448906395231383
25354,237182.78354402338
25365,2834.8980785303993
25367,15.858424785049149
25376,17.552273432765276
25378,558.6971698220478
25382,222.68170032602114
25385,1708.293981403907
25400,100.46491642592166
25404,17.74781193927224
25411,0.9844187645591997
25435,10.567441000236652
25445,13.999621500401762
25447,49670.41127185305
25465,3594.9977357302864
25477,416.5706009556505
25489,505.23885621513944
25498,35460.25448214105
25509,37774.170411882355
25518,24.5856953370563
25524,12855.913470855892
25550,405.5536284911261
25554,1146.4449782808165
25557,4963.93931293156
25565,508.25939235842026
25566,95.1806589402603
25585,11596.461680639297
25586,1182.8618036963824
25597,41206.11552388109
25616,767.607476161488
25618,122.25300471311218
25629,1308.0051616121827
25640,444.9067909490744
25642,9.51238863441297
25644,1804.6702129476125
25649,166.46754829569213
25654,11662.143412410524
25663,1845.953371352085
25674,145.47469297513373
25676,26.357429494809104
25677,116.76824861800132
25714,8076.167004106824
25716,3525.233621807145
25721,449.19506907881924
25722,1704.8545815031785
25723,56943.173161721024
25742,404.96107579399484
25746,10535.553312274438
25768,15615.594351109046
25783,30631.139367571133
25793,1737.7794257340224
25800,0.9534041261017885
25824,1460.1498959712446
25826,100521.32287446868
25841,35.528447419604944
25860,111399.84136461026
25861,1382.8213617691993
25869,1.1518124445920486
25890,12508.75122387637
25892,1966.71260510624
25895,54136.0909132449
25902,936.9340742501556
25903,221831.80399657603
25906,30430.015805705338
25917,60.19303416627863
25923,5237.715486485532
25924,80.12661592310714
25933,985.9689116984624
25944,34070.2470212683
25947,2.954221295173309
25956,2619.287970346491
25958,3266.2264329866994
25962,233.45687275013663
25977,61709.80319530911
25987,26236.867565549182
25992,11605.325758396722
25996,7.738974876287869
26021,2.1405255093313085
26023,609.9424290744289
26028,1458.70373292165
26037,11438.509211654922
26053,3.0456488274997247
26068,195.0025150245654
26078,35.564890269536384
26108,460.2895133796058
26114,38.00408903910716
26135,243.4977446082606
26157,629.1014205895631
26161,36.18048501695479
26162,0.9212513871086877
26180,21346.087174283268
26212,20294.829447012333
26220,236.03317277364548
26226,141.89935720867828
26232,0.9328323228693427
26236,3496.915769492839
26250,65.75674720745018
26252,1.0227964382767405
26254,532.6222039536015
26266,278.50435964761056
26280,65.83536165637477
26283,173.00359886148368
26289,2.1815773642971945
26290,7.734107646376175
26291,72.27548586694918
26294,4300.809186141692
26299,24633.626770198178
26307,0.9785606407515965
26313,0.92936065885404
26330,19489.69647344188
26332,94714.6728751594
26337,10893.3755785218
26338,532.0303498533937
26339,143.22187543345925
26344,60.23873962474
26347,137.86406259590214
26349,18.299344699300416
26358,5207.003328798286
26362,22117.7352091977
26363,282.6446415352373
26369,9985.446102801441
26371,148.4110561858623
26373,138.09561752692022
26387,29.184395577166367
26401,8126.158958664682
26405,0.98673566781412
26408,12612.488888962984
26421,9.295174066022277
26433,87.64053410915588
26444,4.245448696775949
26446,84.19248635197697
26449,10.852534134785818
26455,1.028809341335843
26471,31112.75884164508
26496,6191.447715907544
26498,19.08989397400247
26499,126.62934177952822
26512,256.72787725734673
26532,4550.13950668025
26534,1.04686732391955
26542,254.3513188866442
26547,8175.97511276279
26551,98175.14418878117
26555,2.8091905949324203
26601,354.13943596005873
26615,1.0318744052259263
26624,2376.733039473415
26638,1082.351998830967
26639,10011.857571841745
26654,207.13137362579522
26673,482.1922783281825
26679,784.9689131591086
26681,448.4614735067866
26686,0.9157265017089521
26693,932.9912061066203
26723,54.260503990088154
26734,6370.636754682501
26745,1031.3830696089653
26748,68433.94369629673
26752,0.9755841621454667
26753,59315.355062978095
26754,334.9856142437002
26760,7754.708680558461
26762,137.25276891542495
26777,40026.93904470369
26783,28780.379091098388
26799,93.98509643415083
26803,150.79223177896606
26847,1916.5609465127172
26868,110.92391726865114
26869,30.239046767217737
26872,123.91583639308928
26874,5956.469236963366
26886,18315.585982797675
26899,48321.98248933689
26900,1803.1831850533051
26904,6015.071782409663
26906,33.94320835406814
26910,4958.774808997894
26921,14756.36790172322
26941,1068.772275275469
26945,34.604232749531
26967,763.9594595502562
26969,297.6558906236574
26970,1370.0525560093492
26977,79188.7316083619
26981,96.37314367055443
26996,2488.365817811413
27001,793.3146277429731
27030,19.583434207153584
27032,2649.7769062965394
27035,57137.20698210142
27042,3327.787435805176
27044,211.4112701773568
27050,8784.880042212944
27072,225319.18813082183
27080,2295.6096438408586
27085,809.6053535420842
27100,6808.116296994611
27106,2066.6058793359066
27107,2980.5681735519765
27111,2351.944530946805
27116,966.7609584653645
27135,65267.27957056462
27154,189.86961767600053
27159,2428.9920413399304
27199,1239.3636131365931
27201,11381.042697203226
27207,14206.917860915137
27217,1003.1105910233249
27231,4.95547212698025
27235,624.1483325719241
27238,1910.5832192139655
27242,1167.6465564968296
27243,1892.874576791385
27245,21572.987756665356
27259,26606.841721716763
27260,358.2398679238928
27272,1998.2726065255422
27275,1375.5187202059062
27292,554.1973919103245
27294,20.395288251333163
27307,3378.8545596327212
27316,263.9877812364602
27328,614.3000151099076
27334,33.24692488315839
27335,748.7130155587433
27341,15003.372805611565
27353,108503.6470921372
27359,12894.482904616209
27372,94134.94366624042
27381,1479.5246507877307
27391,45901.46818378042
27431,55554.95179246966
27438,222.85113246413763
27440,1583.1862613672834
27453,73048.10533171012
27458,1409.884190209699
27459,251.87590769765083
27460,17.579509625370452
27467,1136.4702965256881
27478,31756.842457391784
27502,10.21608611787502
27509,4713.991379560478
27518,12.789508630251447
27526,75.58563025693944
27532,875.1535814962673
27538,31.72182339220445
27539,12.641481648913253
27551,6.8906547829163385
27554,861.4423211578514
27559,19818.984657656318
27562,34.93038850072584
27569,103.71863130923842
27592,9.5979341744943
27611,492.36039029359205
27649,19063.434568782806
27650,482.37541075469414
27658,676.5589738385606
27667,1298.09777372481
27672,456.33489615525747
27690,963.2911465677709
27692,612.4274198945221
27693,430.95397626247404
27726,1165.5881065016445
27729,1.0021159703257796
27733,15.571700292741692
27737,39.906783168551705
27746,25681.530898378973
27752,516.4392736446966
27755,36.667164403131416
27763,1221.0510314751834
27777,13.978491698931094
27787,379.1307000386794
27793,541.614570995496
27811,2084.3330444966937
27826,7791.018762753311
27828,33.611476428005986
27841,26543.72642413891
27842,948.825474137991
27850,5.823775315121857
27855,6147.766144265778
27856,26130.95930413872
27876,2.8045120608872067
27886,4675.668360691582
27919,1019.7271125191419
27924,1002.675076970781
27936,42.262021623111906
27944,2557.767025564162
27969,34.024979804573434
27981,484.7128885485269
28005,20.840719019622714
28014,1981.2876545504848
28043,10414.469116450124
28063,1090.1688242578857
28072,10.890258620974636
28080,4615.291437431586
28089,4.57208947266132
28126,405.36098244811046
28127,1233.6897922518576
28130,1.9250714285900354
28141,27.171184420422094
28159,3.957817847287542
28175,578360.1363637184
28176,1581.0968650720156
28189,10.225705775449203
28196,9037.293961326912
28199,2224.8733962112296
28205,7.699987283512189
28220,2611.5619943680545
28241,44.187010650971345
28246,1940.1131087804727
28253,38046.015221957714
28259,11543.917034712913
28273,2516.4136281379947
28278,3.115270785992344
28295,229.51133483212925
28296,3299.372442650442
28310,18581.38382014937
28313,698.1388993696506
28322,1428.653901891543
28332,9.423943875420726
28336,0.9894625037058673
28340,22597.365610267218
28349,104.55394068844114
28360,768.2545053173145
28377,616.5239574885969
28406,19689.428334630025
28407,473.9275232677122
28425,640.5308301174155
28433,9.923900284683015
28437,255.64615620010517
28446,36.3566784870663
28452,5.882915128859677
28477,9219.722424025484
28494,755.9976762249152
28508,4409.254767652118
28511,3284.05648216479
28546,1057.1612505065166
28573,10095.243833539755
28577,205499.8168374609
28578,18849.12286929019
28620,18.164019486267794
28627,1171.5121498095928
28629,3.1648685719917014
28633,494.488234242527
28637,2212.877961190922
28639,209.8501512766737
28645,222.44664608934048
28650,2.9520228410623064
28655,170371.43587033087
28657,21106.720546406938
28658,363.22443318402804
28659,686.7800121070637
28662,306.7952437169941
28685,27.19951311334738
28691,23.12811676535071
28695,771.3978621365007
28697,15234.83407593638
28705,119555.11419473765
28715,285.16296956817956
28722,278.6220971548555
28742,8153.706784267359
28763,9096.090498351954
28793,40.00254685725555
28796,640.083668330445
28799,8112.186793005273
28813,172.7091778387848
28819,86.51707633640383
28824,15.991843355257025
28853,22.919972424673837
28878,0.9443689171043465
28881,64.84320580459938
28883,760.2295244174231
28917,11.225627982104918
28919,42791.30423161886
28923,194.40291678669195
28924,29579.332048118253
28930,51790.14878865452
28938,682.4975056407757
28954,546.6730593451979
28956,977.2963459967397
28958,35.30494412938328
28966,84.13441797941715
28977,897.2686957662756
28985,9263.583474584599
28999,77706.91730390256
29009,787.1960376890103
29011,35.454857681859636
29012,38.900464653336265
29052,13220.40201053361
29054,373.7423026603835
29068,84.46805569752266
29069,1611.843702777044
29081,48.92891746624582
29082,102114.0545530998
29118,68284.47297249446
29120,949.1577993346359
29125,16.728405520839345
29141,9245.291008113943
29155,80.06617961821406
29160,850.954105044841
29164,1.1000906588495878
29171,196003.49807103068
29177,103092.98474873655
29185,22.0074262202042
29216,14.214816166971445
29236,61118.13649335037
29239,10.290740539934154
29249,811.3096672217739
29270,8.661479234171464
29275,501.55838063483475
29306,6.08112700121101
29339,1299.527948152263
29340,22.102954791510268
29341,257.02349297445585
29342,6332.537502593407
29345,620.9893748532292
29350,2157.4246694175476
29359,2115.8653449489934
29361,70021.93141139674
29362,528.9805455629788
29380,2341.6339934335756
29385,173.81108772325254
29389,50055.16411800815
29394,47.185114546844524
29410,1002.6457574969454
29413,721.3228681709054
29422,1766.0221413401555
29426,2116.2518160511954
29436,58.765352214282004
29485,12.185602084293922
29488,437.259493719166
29492,2536.9742849162553
29502,198.56726700394884
29507,38.5788516677306
29508,1835.43479473332
29517,1232.899828938905
29520,1350.705963988252
29537,4.090579835484059
29562,38363.4166241412
29565,14.974762711353465
29581,112.76440517418004
29600,166.78354934400258
29603,9.418118079474576
29620,998.2812385983789
29626,381.3970429785031
29634,2479.4101364575854
29684,2.1495071289754897
29719,590.999123348348
29738,72.21021027644284
29745,1272.7459682806073
29747,1293.966319996203
29749,567.2220147242131
29756,28786.82583674182
29763,282.03472903803265
29764,3744.6532031624683
29769,2266.291866117061
29798,109.78271670797352
29800,1209.6795715331602
29812,226.02626411786386
29840,123790.00863787746
29852,520.2466571011356
29863,671.6059873897632
29867,1010.7029373282543
29871,38949.030485682175
29874,410488.9907572494
29875,45.796193190913456
29927,236947.94324191098
29949,3972.2254756603897
29959,3.011216702822405
29992,9.499146119389033
29996,2311.136755993187
29998,479.8578292315259
30009,759.352384271473
30010,16.301357948596742
30018,2069.4759983697345
30019,1811.65608432093
30042,8011.654652436729
30069,31.486241450550157
30074,282.13457440254075
30083,2.9159138505478097
30085,22154.372889914433
30113,93.9642634583224
30116,7.129945561464829
30121,182.252753777486
30128,3987.552100278552
30131,15.98001218268765
30135,1805.9515447026902
30143,194958.71280357242
30171,2919.327444395878
30192,128.75061975118393
30199,50.01926362397459
30204,2565.3473768345643
30223,37.838738991175454
30243,9727.215293357289
30246,1515.6345645753684
30292,2635.051997351422
30307,56.7534915217807
30308,129.86399638101045
30310,1878.820451581574
30311,7386.286024368924
30324,223.72890344495806
30331,1.0939425728223886
30351,312.00314676524204
30365,8119.9411686964295
30370,39.3709223277304
30381,902.6944980924934
30382,139.57649356390522
30383,782.6496187475774
30387,128.6296686104156
30391,1540.173897749062
30392,27497.360695137893
30395,210640.5105340878
30403,3009.043839465915
30410,157730.2938979558
30425,4764.768866633508
30427,595.8362172699868
30452,16.36237149943365
30457,125749.07712255357
30498,0.9184054678149105
30529,9922.041656177842
30535,1.8299312832007155
30552,39.96253368874447
30553,152.2442919019955
30554,1567.2123815812402
30556,5300.964158948034
30564,17358.03695637724
30575,1160.1619931558748
30583,119357.6013290851
30604,190.2988570272757
30607,870.2080404400326
30612,4136.919866442422
30622,929.1059265972509
30625,34.00012154590087
30627,945.2053798739677
30629,282.5177944902731
30651,33.337291863102884
30665,441.718020860189
30671,4951.902373552627
30680,78.49652353610351
30685,3796.750901176503
30698,858.7712769820617
30701,11392.369469473904
30707,1160.3918240674893
30764,1836.9386474684286
30766,687.4434493836478
30772,1746.4572879966383
30824,1.9684319320406762
30838,2996.695529611658
30839,38750.58061341198
30854,735.8543848470708
30867,90.94361101238484
30873,17.90189673130574
30882,81.03268872106092
30909,1723.3134662055588
30932,1765.417731979699
30936,83.2488323929611
30939,1118.5998789341534
30948,2215.366260162447
30960,2007.8365862130122
30968,184.61064457456908
30975,105.03850818355053
30981,2696.3591767296007
30994,20155.897160558787
31003,2642.3428722760755
31069,3420.2232904697
31076,529.0090478616863
31095,237.4099562826286
31098,23743.797557296617
31108,4955.004411652529
31117,28870.303556224757
31153,4.515614728032557
31162,89.81165640936977
31169,2030.155815229624
31170,3319.2131983936033
31185,1784.7755572441533
31189,139514.50405265272
31204,75.39961188895589
31206,12.241858101706576
31216,49442.78910950322
31220,130.24251675288627
31247,5.747634196281387
31276,1654.1161395384502
31280,1816.6187483976482
31285,4667.677903297566
31311,4759.05417942052
31327,242.1755310528245
31335,1284.5470631763526
31341,64.571820853954
31348,2955.5266592306193
31357,17.58762828033909
31358,99.06843515129079
31368,98997.4106520773
31372,38.38934694003403
31378,218191.66937416577
31391,1828.4898007337833
31393,4556.337503733101
31395,297.4854136606217
31397,369.1372550992807
31404,602.1180373046187
31421,11.738698505403605
31424,96.97686320798718
31428,2171.5729023369154
31441,3.8229432987565777
31443,2294.6660994954555
31449,114.92163135008812
31450,1.0363929414707465
31474,18.768800950874233
31494,1426.6824525236093
31507,31.786529994780228
31508,20.194999095623395
31517,241876.9691921289
31520,2.9979843196913514
31538,290.85830961753385
31543,223.26371848228365
31546,65.9756868195466
31548,32161.825383301577
31551,70.67384174275261
31560,82.8495321322861
31578,69593.43527059216
31584,5.342330697556806
31593,1132.8071057160823
31604,3270.1284136163076
31620,2.074466111878896
31641,1.9625174661976517
31648,180.38482248609955
31664,56.57453490946589
31670,13.964319671369037
31677,5947.873244065385
31680,10691.72741989284
31682,2.0799566047365072
31688,65.23215359149357
31711,1993.8168318380513
31723,2.1018741695322425
31733,2203.8088718580693
31737,368.52181246234034
31742,427.59277591881505
31746,8372.641397223237
31761,3903.1149579545527
31762,734.1783893879027
31787,25.60514385146667
31789,1204.3103729117786
31793,318.69371202121033
31796,1669.5760984433557
31797,23.607534226576373
31800,937.0953058998465
31806,1740.8005306688412
31833,2500.2703389257485
31834,2826.67806452864
31835,16.145849779450423
31837,492.7212283143307
31855,177356.03559941243
31860,127780.8851499984
31890,5.032843448271674
31900,1255.0358414264979
31920,4.922397335132992
31926,339.9072469799648
31932,4.370695857025098
31934,355.21058415058377
31946,23896.33546205427
31948,1740.3765451083677
31964,87.76349430748411
31995,430.3457425497325
32011,4752.437471582113
32012,77440.59414978667
32013,1259.0922801843267
32020,1407.2105392634849
32025,1086.4060934814815
32034,74.62721656190902
32037,12.998514271707336
32038,49.1840085494724
32044,1892.56273906352
32062,82.9893993129863
32065,13820.280011248753
32084,8015.444488373849
32087,208.70648451701027
32096,478.483568185188
32098,78275.69832967287
32114,35.68631125101438
32117,58.922663884096096
32137,10921.104948691645
32141,421.67087491651284
32143,117.07970805234501
32151,528.5579286029928
32192,107.87354295609804
32195,35.86739723624023
32198,142.93439448870933
32204,11288.006322781957
32207,463.8338973236373
32224,1175.0677570857335
32260,61.25548656527859
32268,43.7406864907873
32279,27531.416920072887
32283,15.351019460790837
32305,13471.771286663083
32314,22.597972625035446
32319,514.2933629941208
32323,820.4451132326076
32327,126887.21064187017
32331,69.23971568194989
32334,10.968155136820391
32356,570.8687558903687
32366,598.2011957282149
32374,535.3512894357217
32381,64650.77518454675
32382,234.21766816031524
32403,1175.2422207795116
32410,374.13308440529045
32417,45768.53588038926
32419,1326.8884789521744
32429,133.6434580476511
32440,410.2717522669403
32441,1266.4903775001185
32487,6567.912848398549
32491,62.22650957233994
32496,797.4656432063434
32506,0.9789038601641215
32512,1208.607942605006
32514,537.2477716548958
32515,118.46661277717088
32519,1113.9257898194453
32521,1401.7168433288073
32527,178.9581349754812
32530,165.83682039710476
32537,940.2019559613478
32540,285.37276611987755
32546,224.0563049941872
32550,49.224375360967606
32577,83.93178308489563
32597,660.1945496128855
32601,158.83347850936778
32602,63.55214121363264
32609,1059.19990110244
32617,13044.835818660918
32627,216.9195330345516
32631,9.560625184894981
32635,13462.249779360327
32647,0.9542335639905449
32654,22.84190359276188
32658,2897.391631008975
32665,12.223461658095644
32666,1.0861308333157633
32672,192.85922917383408
32687,36.35484499345878
32694,106.7144725521584
32699,3496.0124752050624
32719,4037.8419091001742
32725,3.28294268907175
32742,1124.1816840794143
32760,254.19630810221219
32761,3.036629416441031
32767,519.5050720338759
32775,455.20215901413775
32776,268.3742393753261
32784,6741.516301733585
32786,270.57784540176965
32800,756.2497022376574
32803,278.9949176529532
32808,1185.7344628617875
32811,17199.425509661018
32823,13253.614627158844
32826,9191.224007900382
32827,1516.8532306435748
32858,1805.5952180106199
32863,11.218815520634035
32878,47.735534201425565
32882,20.383406591120185
32885,9484.491449892012
32918,613.736768538749
32923,81518.05376619709
32937,2.0019533151244024
32943,2.9484841455985835
32959,16.31006790541853
32982,559.2824627096207
32988,27.761350778303566
32992,738.076404111822
33041,616.8575420403022
33082,131.8730166554801
33085,52.15303319792804
33104,909.1983549251077
33115,717.4070620362727
33119,113.2786429010751
33127,10294.19681064078
33151,1.0553673176975922
33158,6373.901588950111
33161,6139.489148569625
33167,59.00965926547856
33168,146203.75801556656
33179,2994.315376714641
33200,161.17210841986153
33216,217.08558981555058
33231,66213.29711545682
33254,70.36853353555311
33258,101.22823724490407
33263,229334.29717694767
33268,442.3451983290462
33272,66.17293169090136
33283,53.914801598229836
33289,31.99159955436062
33300,39.76157479569179
33330,121.45381143321518
33336,5732.464532906215
33350,482.67662405435203
33360,7356.802407305822
33370,53.62718234685124
33381,28.57175885481852
33384,132.9716253216677
33392,815.1398038331421
33402,259595.99920068707
33403,182.9995025168289
33405,123.81549413475162
33406,415.12772430564235
33417,541.8008155642572
33441,5914.998593453443
33461,687.5582754520909
33466,53.41823831043399
33471,2034.2104515286717
33476,59.91058740502296
33478,1522.8009534176156
33494,976.2890675004435
33503,1.8925569725121876
33508,5529.835801278071
33529,1778.227586139397
33565,2434.429711040045
33566,1121.6661979363594
33580,652.2920099665539
33586,1500.5363776768158
33592,3481.5754514760374
33594,0.919442117119817
33601,1712.2792642184527
33602,202095.9402166338
33603,213.541663367396
33609,4.919804548794049
33624,2538.669672575596
33645,21976.911614317843
33654,28390.70930415896
33656,3225.2994983780886
33670,0.9973744371801846
33683,13.527735185269066
33688,312.7055026867656
33689,22001.26477219079
33695,60762.44372517324
33700,482.0829815020257
33703,401.43711429195014
33711,754.1668668597804
33719,3032.7729484198235
33723,26971.964575318212
33733,36.22312857736248
33735,60.563382883352034
33749,44.76484853192164
33755,2633.3928409936702
33767,77780.79766325527
33780,130.87291177983778
33802,18696.650031651378
33812,134.25442319942195
33817,2.9789599123527415
33832,611.104671814104
33856,24566.650604073657
33858,150.2512923222818
33863,2258.3841390872462
33891,180871.4254228533
33893,11998.578699887486
33914,25.799901374289412
33918,39175.93067249128
33924,37234.673624686184
33926,57.25950425710585
33932,27.032465142457752
33937,267.23914903239904
33943,178.79281452542418
33952,42.281611357806064
33973,130.84500100549337
33983,1466.022457793183
34000,76.70413097752659
34001,142.25791392010214
34016,29.978732254312735
34032,3.2535296488689793
34034,426.96667488935714
34039,65.38201987734797
34043,63139.50603659169
34049,2390.7375684041845
34055,38.08572374064473
34059,14.10012249382668
34077,972.3381306637826
34111,58170.7624180971
34115,44425.034593127144
34119,430620.1604933478
34126,63.69073880631161
34145,77525.72869796141
34147,375.60921429077314
34166,70.49572406146763
34167,213054.92510999105
34172,533965.2830714886
34180,352.9209843000559
34204,413.30744525336377
34206,1483.818403549136
34222,10717.39410468002
34234,831.6421958450474
34242,2684.4161723270063
34285,182.29682764941273
34297,136914.0663913066
34299,1010.8004578131355
34302,2702.4313843332843
34311,2017.352456212354
34343,10393.848227534823
34356,31.156941327607953
34388,317.6088431406396
34396,114.25199914218307
34412,51.70757571441012
34420,4673.954216401958
34439,1203.8574923744707
34441,69.09806962112123
34443,29283.250683810915
34463,4.157890094723939
34478,69235.46143540896
34496,24309.121423075452
34503,1786.806115517788
34507,705.0343413206444
34524,156.55996195617948
34539,1436.9814556996216
34544,545.3344738679893
34553,23707.788318625637
34560,42.459939650399804
34569,29.125467773222155
34583,201.32727772225334
34609,3913.928205445442
34617,80.14129925983599
34623,6409.749849579043
34624,308.6598594708225
34633,111.3568698271986
34666,151769.16208343045
34670,3482.95948180757
34673,19983.006193244048
34674,1671.1910399606727
34684,121.0624168369947
34689,2039.7513709823932
34712,26.261148931027687
34721,107237.78527016686
34731,7508.8026732221515
34732,1.910626056852328
34752,151106.54175827286
34773,46.23060009514918
34822,14860.00798407503
34837,19.75849769395303
34840,245.35520591639903
34843,2423.2386683825084
34865,223825.64858746956
34873,551.919957523759
34885,643.0935774494469
34894,1037.1761325967268
34895,11.236951265348305
34901,294475.8619131232
34920,16322.698839525061
34928,871.6750852335001
34929,216.21115542721714
34931,336.64605796900355
34933,340.69820492620516
34943,384.5502323813313
34948,182.91414283832634
34962,6390.133834468915
34963,27926.548677213195
34995,85.84340464141461
35002,4629.14561187112
35004,17.536363053130263
35013,849.0232924745599
35014,192.71743694774082
35034,23725.076890693726
35035,1736.701857550773
35045,303.93064964909377
35048,2.09697458628612
35066,3367.6525152876957
35067,9.39167425944182
35089,2.0444420976610753
35105,401.8126765729052
35112,2164.417976077465
35114,182111.85825090838
35138,173408.32511998585
35144,163.87733375523996
35145,262.7317989474375
35147,2087.4797984252737
35160,3823.2677657273516
35176,17543.74830226268
35182,131.69060879759175
35207,10828.76825460189
35226,1119.5418982780573
35242,24709.779610797228
35254,13609.199042342723
35286,72.83213556577452
35289,6864.835512340746
35293,127.19821904422511
35313,45428.423528015584
35324,219457.86068913626
35326,832.728403984058
35327,59.47128149524254
35333,1320.7206693361388
35340,6861.01884978568
35352,92.96895888374394
35376,363.7514635964765
35394,7516.862355001642
35414,25.423665853466847
35419,165.82213086964146
35422,1172.2335012053134
35424,77.85908802566361
35425,203.6062797226222
35428,57.477515056774344
35432,282.5713262065803
35436,57119.17635481198
35441,1265.762845243957
35446,89.56889051314089
35449,19.027710927808904
35469,5.542100744738583
35481,6.787874406464784
35483,367.8768673999764
35486,281.0253560401209
35493,31.871666489280837
35533,360.37614522205234
35539,4817.129391993569
35547,3207.6382720394186
35556,51452.86770147538
35558,627.7735529151466
35561,4551.685899320928
35572,2.0749622261661864
35594,220.02992494420488
35607,11118.803825698973
35621,26.835595090869585
35627,33.59331644654233
35639,6098.709391923699
35645,2071.3472855259556
35646,159.31669646568483
35654,10909.41950728042
35660,193.9025939130158
35661,14.984793144018655
35664,17189.782287453785
35665,2078.0111892389587
35674,2409.4857960794984
35690,2580.7369036872215
35717,10083.51054438285
35725,2938.5242330810306
35727,59475.49161752554
35733,127179.05293792023
35736,14248.318596441819
35748,40927.29543124874
35772,18777.704411987394
35781,54040.27026481585
35784,732.9918137113071
35809,2079.284836408762
35849,16187.518968560487
35850,5.0084455002396355
35864,70926.27110204614
35868,16849.035525593743
35876,816.3644999432838
35884,10371.705254472266
35900,12232.172822897524
35905,1.0243204248920832
35924,3.9065937414403398
35945,494.27100289050117
36013,9259.942840127695
36021,33033.3081535509
36022,295.0297890420473
36030,13638.707006650353
36032,12965.83542720293
36040,39.253035006157894
36041,9.85160742286168
36047,1126.6471333449836
36053,764.7203408879983
36078,50144.76499273043
36086,29.49363700670795
36096,164482.8142847886
36099,267411.1905103939
36100,155594.2176467252
36113,22.898285306681018
36114,563.639320483585
36116,37.119307371228054
36129,19223.748101649726
36133,3.8155044671761535
36136,56972.48030550277
36153,217973.08208118245
36157,111235.33929929242
36159,1254.472908436828
36168,786.9735335450044
36192,138.46537698639054
36198,200.79700571760768
36217,37.438526421050184
36220,1550.4232415503452
36226,70.56657432406081
36235,604.9080483890256
36237,8517.969452909694
36243,1846.1060354137073
36245,4936.810970997243
36246,16.62957366877926
36257,51.41399165330578
36259,411.5242617889778
36273,809.3306836099043
36285,25.8598515018143
36293,761.0670333875431
36307,1067.371586358163
36320,3004.9566698268227
36323,43.67254771995971
36343,102.6457357614914
36362,111633.06634835455
36366,42.61157488747653
36370,3.072061706437628
36382,78.14059067390602
36393,4589.327125145081
36394,6219.275545685208
36404,67.28570774189077
36406,137238.13825058303
36428,74000.02530357159
36429,537.9829250129849
36430,6278.712046663052
36434,11.119772474686869
36452,3188.7188623987777
36474,22.01759856740912
36488,3526.0314709113345
36495,513.302996786341
36510,97.18937907786729
36520,55.04427140591697
36524,2825.4631356331406
36527,358.29572899292305
36530,157118.14152061983
36538,5409.586108809669
36543,65133.07344897113
36556,113.82852946692647
36563,396.0289014033691
36564,6154.582176383972
36570,2.9172296010999488
36573,1987.6496368527928
36574,2088.4929150014655
36585,323.72755674256825
36586,94.03930371975342
36598,1796.1776856817874
36609,504.0480334809506
36619,183.60419711954194
36633,2656.414738643204
36635,9458.585283816947
36640,85.74965259631972
36645,29.084844473228962
36664,2333.5202410429943
36665,57520.2151115681
36680,7157.938793502178
36696,231.8661977588518
36698,2058.4216039640337
36700,212.181965658741
36701,2169.3818930983434
36707,6212.012215108055
36709,84.37628262965481
36715,14667.112543611789
36722,293.21963865587173
36728,179.6497426920012
36732,879.2330098887335
36743,3493.501743890179
36762,552.2840082979249
36764,6.428483013492877
36786,2156.3014412121456
36800,1094.5503417910472
36806,127.30554854128053
36817,68.25020460803157
36834,3889.4685760528005
36843,122.10837865461238
36861,7750.477885685765
36877,89.05980002788263
36878,155.67173792077315
36893,51.77518652934254
36896,11.789817652447933
36904,6438.152008214879
36939,21.89956090283205
36951,426.6178416719204
36958,5902.0163208255835
37002,608.1441857068185
37005,16.21812922985889
37028,145.99556271141336
37029,36.92958042706865
37030,1323.385507087846
37037,36173.22220390187
37040,185.67788994490218
37050,74.57443180275538
37064,12026.46376153627
37068,61.66191560126238
37075,2238.67466492359
37079,43155.18368626357
37113,2.10702078574981
37117,101.76883780756657
37129,68991.96754325513
37155,77.37874474781285
37170,145.83027149366393
37201,8.03320920950458
37203,1040.6406240066465
37209,167.021859079985
37213,15887.261559224029
37214,50.36459363719627
37227,46.321287022294015
37229,7856.773073919486
37230,1037.4241770609956
37238,684.7801486367571
37243,237.42617956692794
37256,36403.85830372736
37268,39315.83833995589
37312,66957.75078213685
37328,98.31225574051045
37332,129.83063117090643
37337,53.70861809339754
37344,19663.9591137205
37351,14110.53012335165
37353,6297.929974035882
37362,5228.823735845983
37371,351.32526966160185
37375,563.6580110640461
37377,90.4713728424117
37387,27089.338092489652
37399,1083.7651218961737
37405,16190.633226022044
37409,19.256130161128645
37425,1224.3188287580513
37437,104.71920399189452
37450,269.0714408201297
37452,617.3963865399008
37458,4735.38901877386
37487,54.92548530319189
37511,1134.351097958646
37519,2881.917036032553
37521,6.868058355385692
37531,37387.092429050965
37533,16.467389978632273
37553,20.327232189919215
37555,198843.718515184
37556,29687.74114112681
37574,183.6984281540057
37594,2.0706584264074364
37603,219.3262216850163
37616,1627.8729444302855
37618,1.8389588089451074
37635,1587.1791410746669
37642,16.482681846160872
37654,14232.326302690077
37666,0.9568017472174521
37669,39631.99479503182
37672,4672.672754062503
37698,0.9898932428126053
37701,35806.07204014489
37708,1.9694806240448623
37721,4150.332681605867
37731,121468.02869317181
37739,212.64649265707493
37760,3561.5076518168016
37767,157.49991032412888
37771,197.64280291677892
37789,6.998086411091597
37798,129.6033320640828
37800,179240.46562945243
37805,14424.490192552508
37814,11.890468489496698
37820,169.8604304863053
37833,2400.4664107628387
37842,4263.809537657878
37856,9149.071708605154
37872,69.93843110084109
37873,18.850686121991334
37884,76.98129877598078
37895,328.7085759579868
37913,65563.52097675772
37916,20.295070890224064
37926,490.23201638579525
37949,8546.752756675307
37956,414.70683050667606
37962,342.8998817072842
37978,69.43125565989031
37984,60.007804145344
37988,3035.058240017989
37992,342.35457909599
38024,355.6319082095202
38051,490.08109037063497
38068,2990.5812688083415
38074,144945.46898321476
38079,71225.3740930011
38089,162.54766218567505
38092,4.116926291290549
38093,3372.3096644336197
38098,206.84201090053477
38099,239300.96762131763
38104,547.5813123169452
38113,4385.396484683821
38115,631.791639846627
38123,6651.524706617866
38126,231.07967302316985
38136,6846.479889267801
38145,379.0555633694152
38170,1166.0448968491821
38177,220.03449763582807
38181,30.8937694125099
38196,3.733029808766594
38197,92.20446936026934
38205,128.43201348430023
38208,2685.1782388660768
38211,444.60129068236057
38220,22823.42968315482
38235,57.0455842606339
38237,3340.190782726917
38255,64.53568978686268
38256,85371.65548011706
38277,2.8098817543368813
38296,57.70912281100109
38297,34.05757519560194
38300,434.7356363514372
38310,790.8212302283528
38319,931.6208951937246
38322,92.99053225350536
38333,223.95172499795368
38340,650.9955349697784
38341,68.07758311368501
38355,3002.4109714306533
38372,92726.01029934136
38390,156.6953610682112
38391,127.87074241068063
38396,1439.7002803292905
38400,2040.2967593269527
38408,4.766753976602952
38417,13060.014317062461
38432,363.79245545456166
38439,2544.038948473224
38460,1471.7051562816184
38461,809.9502628140546
38484,106.30656349533035
38486,1859.151870165466
38496,3506.5492088522674
38497,658.2791616468533
38504,4806.6206972829705
38513,26936.65616100682
38515,385.7143549840283
38528,556.4654393352013
38530,82.37588081783561
38535,34.774882547179345
38542,385.1710204142908
38544,117.70298723692393
38546,71.98270301583486
38557,2887.254564625195
38563,78.21913640795893
38566,41.56435492490104
38584,47034.119062129146
38593,40.50026190339213
38595,804.4364825354247
38648,593.2069485476344
38654,83.64169856242958
38658,1534.1268017237455
38671,138.51970135215677
38674,682.9804157461813
38696,130.56963301604372
38697,3453.325892528427
38704,9523.179392476153
38707,61.71066450869665
38725,1580.0690516324953
38726,207.18681910209614
38729,14257.11257131224
38732,179087.22280175067
38735,2267.0582217469437
38751,5246.90680702307
38768,212967.61403437774
38776,43632.77136789062
38777,1864283.1122123336
38780,203553.54879855306
38781,9354.950897781528
38789,204.3248710916027
38802,10455.343755075937
38812,60772.03391052773
38813,1955253.7610872937
38821,36.97191495566713
38845,255.13807384385296
38850,3610908.137756522
38860,25.834408912769565
38900,258.4520466859329
38913,11717.505198413019
38929,123.20565162315573
38937,157.20340109186247
38941,17366.648076429155
38960,23528.567926237945
38961,79235.51028287687
38968,322.21789696003947
38978,523.313952180287
38988,946.0629734343788
38991,7921.528168376154
38995,153.1572461777273
39008,552.7829052841963
39023,127.72880701449176
39029,163.41108167375185
39031,79.57069720276094
39052,747.1814195905584
39071,533.0132689714392
39074,754.270450475156
39075,1032.4107317330233
39095,780.915892391641
39097,152.0130184255525
39108,1040.0203623072146
39128,77.43783243505818
39133,15393.383554568021
39151,53.9847048132938
39176,191.17538649157504
39210,7.044090618609097
39227,438.267113846144
39238,93.83447170422698
39245,1147.3485432172417
39263,1.0281360907299044
39290,9185.300330168064
39291,12.42500781516657
39300,1583.6816367293086
39310,9405.838252846603
39325,42483.023196544025
39329,192477.1460795209
39343,112.41354562410598
39344,882.8339169921952
39350,29186.71498402348
39352,2248.67071039335
39355,3395.1452152472853
39359,253.79838468370346
39360,46.67126838168277
39362,6.147258607773377
39363,8461.810309775927
39366,1661.303308587313
39370,5.1140176134348545
39376,1399.0600734800394
39379,1139.4146587782525
39384,135650.92015506202
39395,52.029262778155555
39405,11482.599052443653
39422,21185.609537254357
39424,210960.48014446945
39441,1601.8400439776226
39453,220767.63967683783
39463,7181.108464097845
39466,3749.082198279287
39478,44242.91854724005
39479,1.9438629100582565
39481,686.8995006397514
39486,373.5158750690085
39487,14052.003507820247
39538,205.62009056947102
39552,6.098146690231884
39560,95813.031723761
39561,2979.167966546286
39564,3.0357602703600755
39585,6.702145108200079
39593,3.0660499846121994
39617,1198.1586005937968
39620,1436.0113531578525
39639,4079.3913581752486
39644,152811.70982124386
39651,3.033743479248911
39663,211140.32566946256
39666,18.8906028466385
39675,0.9925182135270479
39702,959.0023262078579
39703,41244.35605187429
39709,121.4824927210137
39718,25956.552109263514
39728,4012.412360304361
39749,9.37104302543221
39752,4876.300561936526
39755,201.26744066759437
39763,1814.8801500134894
39777,340.49742632222257
39781,1851.1045334726377
39784,3820.7143078959916
39789,142.34137386023818
39804,260.15111321338355
39807,8500.04221683639
39809,515204.31198814866
39814,1546.1868475279507
39819,232.91379202030828
39830,182.96398632377043
39835,20.858340917963865
39837,171.63665823924813
39852,40.42129221088256
39890,24881.07470254617
39919,9.837669864297757
39923,472.6773784815019
39932,345.3111701419992
39936,78.92905464478885
39953,17.13085482176598
39955,65.63178943950085
39956,10.184634195524087
39974,58.81679021335511
39979,1.0265001336114759
39980,253451.7301653515
39996,52.46867039393406
40000,280.51773826578136
40016,4602.505693150745
40018,0.990071582454511
40028,56.606693085307036
40029,270.96615801852244
40030,15.86920014520174
40042,44.039683960984036
40065,1543.3073322442606
40069,99.07144175811564
40076,6682.626744196031
40091,26.5717383183374
40113,41.88119327222627
40143,132.94593780237892
40145,48.495456882549995
40152,5710.316366729386
40153,72209.49929666203
40154,4982.667789678677
40155,128.0666049259765
40166,273.5098743529174
40174,14156.668185532915
40191,273.57461307714084
40193,15431.071671947668
40204,190052.51174874484
40216,107.7885055975944
40245,90.82100576067853
40254,435.921713363511
40271,60.05604472386617
40279,103.3420929575205
40280,108685.9229449775
40288,54829.643721086155
40289,98.61760108658555
40298,5527.598006723183
40309,8791.185478528861
40315,44.439371075924264
40331,12564.556655784547
40338,2428.7803853421688
40349,31818.724742697003
40356,171.47289478591253
40359,242.72735604983052
40363,986.2960081497948
40368,67.11086312656195
40371,3.914561691000109
40377,1606.0623263406105
40380,3357.722399397514
40387,3018.1877694217915
40401,1012.0482635524372
40403,26597.6406312059
40411,271.368228555859
40412,24.38708854370467
40431,68.73586689997366
40451,305.00101864701196
40462,94.04071600450224
40475,23453.162185797675
40503,15.564422367127404
40505,132775.57679086304
40518,337.0636345545423
40531,5369.703557450041
40532,21013.68592322234
40544,17082.517934195024
40546,11.298000045754602
40552,2.1502007702501875
40558,6.94162224273514
40563,801.9645409813747
40579,2672.8909873306775
40583,10782.543689569355
40591,657.3128612655171
40601,104692.24496676617
40608,289.7386567338166
40612,143.47476981199355
40639,15901.68433811034
40676,21564.732736618444
40711,40153.40051407239
40727,1127.3637781201537
40740,12572.596353330657
40749,1405.998875788554
40752,1650.419702660094
40755,2094.226889002581
40764,19768.12756779878
40766,446.25085236895353
40773,739.8209474449853
40789,235.52545485080512
40793,2.005938671622025
40795,24.60585082794551
40796,114.70022082484621
40800,1450.6735505372583
40819,3058.7941203409887
40823,139.33067059118002
40834,55.37260111400048
40845,133.85029747458822
40854,13.832332209577599
40969,10384.004755286634
40970,3.0886870696179645
40978,11.940267955309876
40979,77.25041384759984
40983,20.88145946296858
40986,6300.270626014866
41006,2.2729560682028795
41031,437.9437426598502
41041,89.9777428784872
41046,27.428574435069923
41051,22.397574098134413
41055,4.119713165550212
41101,179.05578899536783
41103,106.42455528337756
41120,4027.5131087507
41135,1049.135396030957
41142,6046.297662187887
41171,17083.7164566869
41193,1475.7569987514166
41194,269888.96974857163
41200,101.08252851021484
41210,6.666204319675181
41214,6407.411787617715
41228,2578.4985341437655
41229,10.43091787664688
41231,24.050753510909104
41283,642.8879783612508
41334,346.4182921177263
41340,11378.870523851529
41346,1958.3661014704703
41355,13122.32850070987
41363,50.99316363923811
41367,69521.1123522323
41369,326.5810689404919
41386,120923.12350367174
41393,7645.713080756974
41401,1876.0992888820467
41402,40751.467831288035
41404,92.00725405894241
41410,27983.42032166301
41421,2.942281421293709
41430,212.37320098704322
41448,16970.737959776845
41453,4957.1708525817785
41454,275.74027139660086
41463,35.58545408674567
41483,1802.3927117703645
41500,1359.7264110936483
41501,1430.0084674040306
41511,39758.34440904279
41533,789.0367278051998
41551,404.0098692492563
41563,17125.855222643622
41590,1353.564354978516
41602,62.51827061895729
41603,12.984291415563765
41618,19618.25924907008
41624,1100.750840171278
41628,5.9324885633393105
41629,785.6138355371198
41652,16.54279330809705
41671,59749.996878013844
41676,55869.45936592182
41689,405.0863640184625
41697,255.79303486870205
41701,92.12912641239478
41727,16.767219318426985
41740,153381.36992399007
41746,19748.670646050603
41755,76.77098249825939
41759,1027.1930878852181
41761,112906.49137928126
41771,6.922613157449327
41807,5011.840299662202
41816,20620.12329866385
41824,70453.10972741661
41831,8848.88400590078
41846,839.2921334640598
41903,13485.782620541444
41904,2787.0796846743833
41922,85.266115482879
41925,35177.29787928171
41938,327.0553105942009
41963,215.783715253885
41981,63.64044459198356
41988,6153.053727010291
42002,375.86179358356674
42017,406.17791348153924
42026,34094.4177920161
42044,222.5668713698329
42051,103.81972365530919
42061,34402.100921976285
42081,3836.93493964804
42095,16799.176659096953
42111,324.786322768452
42153,11948.864686002255
42160,5.968712340026338
42165,128.79869122927198
42176,17823.02244813123
42178,2072.303169649813
42183,5915.5704465832205
42190,43091.57122699594
42210,118833.33469187575
42227,1341.4587128310645
42235,186.56451701719192
42238,18.2209778343894
42242,27.397778140929503
42246,1838.8561741189808
42247,5.655423881214082
42259,896.6875945967946
42262,255.39885136393772
42268,25.30915676756519
42273,1977.9961926620022
42275,2220.5314967810455
42316,98423.71918802046
42318,65.65089124884884
42325,16344.870383445666
42329,45960.718175221875
42330,2700.3791710909395
42342,109.391836352823
42350,1121.6299265712926
42360,68621.67555459392
42367,137.55196296157274
42383,6026.273214005598
42388,28284.668934080022
42402,2677.688953110885
42408,2294.8813017046264
42426,73.55665895352936
42436,14.365983397685243
42442,2926.4403978855676
42453,331.44633593847385
42460,281.1650955868528
42461,2386.557298743089
42469,25390.19016924859
42471,105706.7870532636
42492,8886.010929717317
42498,14721.13496313417
42501,82103.63690315976
42503,18.572866375620286
42505,105.76332205904593
42511,239.08383255020712
42520,16134.610639439079
42526,46579.511042627906
42538,824.4117058514704
42539,5.830525637038004
42545,8615.530442933354
42558,24.288096950012708
42559,21183.21092899036
42560,484.2928013683356
42585,1512.1860299314942
42592,7.519183001819462
42603,2.0380961697649465
42627,54.324277524406845
42630,14214.49687298
42653,1257.6511216228917
42662,98760.42134439493
42664,1664.6955820143378
42667,26166.935680742557
42671,3.0101445711720647
42699,2552.2739927586417
42703,322.43967846515073
42713,17.82997554908887
42721,11665.715976482084
42725,98.14281311675991
42750,25.088015018342603
42768,6.133986284396659
42778,71688.07671617853
42788,2.0967412086821606
42793,2490.5015898741262
42797,1116.8810226964035
42802,4509.192955643656
42805,30.568553031720256
42813,3.0361228809034433
42824,36379.02180747864
42827,230.5459902935901
42829,238.03397992858748
42851,26.14384880388628
42852,15.508227494286128
42869,1863.4177864910673
42878,17.65594186802542
42880,123.90287046780757
42900,37.293931662918574
42913,1.964651540721779
42915,15.062051621483024
42918,71.92916890650116
42919,229.46347373441267
42926,8.430059469585812
42930,39.14951059337507
42942,6203.10128984958
42946,163.07051491699838
42954,2777.6904856110154
42958,362.0072126095105
42961,10803.220666285075
42963,19334.50024402072
42964,389.4902740075016
42986,47.22804884641527
42992,1428.494759837294
43004,5901.308474214096
43029,0.9278569242739232
43032,1494.4410566574247
43045,22562.933129843957
43046,128.94288069958074
43053,68.94393456013222
43067,4235.040990550029
43082,1566.694385684074
43085,5097.39887353748
43087,107.87259122620537
43109,51722.528964974226
43123,33.68391101634949
43131,283.739533471813
43136,328.17254854602135
43137,459.69810783881684
43141,64316.33887436866
43147,26.118814850918582
43152,210.1837358146774
43157,58170.67882850319
43164,2868.337727426322
43167,3709.0507589040185
43173,7709.796031706417
43184,52835.91942879908
43195,55.4298626212903
43228,18478.424226174146
43246,329.98776928744167
43249,496.8903829315046
43257,2706.7776810734476
43278,54.80864225460624
43279,236.28682450063073
43281,1379.0735752565313
43287,3496.631404721588
43303,228.96443155451885
43334,27.806420365703094
43347,459.1706887449104
43353,1159.1675323723234
43358,33.152855137748006
43360,2959.7564551970368
43374,433.16066701134565
43391,5005.164454788936
43400,1384.7565408924067
43403,5.187219169640671
43408,777.275834188886
43421,9.528456548165419
43423,19.469568649027806
43424,22.21507857889443
43483,3.733026663630003
43506,2377.3158104632403
43513,835.345051951131
43532,93.3976199435628
43533,530.9038510470622
43534,65.97308554845941
43549,166.63978925840692
43557,35778.25027617586
43561,43.472846460874
43562,38221.20877679309
43564,7828.191677990755
43567,5.032144344649772
43569,44.34019000187683
43570,2.9665717407621983
43592,157.5203557063396
43602,444.25291863220053
43642,5.015497298584814
43656,13628.369223237181
43669,173965.62465278525
43689,468.58844355987634
43699,39.422948626516984
43708,75228.96300860625
43713,2594.310326320061
43725,1721.2644600366755
43729,2352.1002246998105
43730,59.75971172345512
43752,18.39656958492414
43759,2221.8287995983187
43760,336.13721005019335
43763,280.3040538726979
43788,10.37817292950008
43808,41547.6677252376
43812,199.94405609887667
43818,767.4556575078147
43823,1.9887285992909396
43829,1618.4116299162083
43837,2499.3149854666044
43844,6207.253528886299
43849,190.99030670708237
43854,370.1131502705201
43863,505.775415718653
43865,1986.1123546357408
43874,24.125233514408336
43881,2032.0851383526324
43892,30.138955920425627
43902,62704.05088360821
43907,33.09259158323788
43918,929.339995927192
43928,3331.4329805646466
43933,9187.223426296772
43935,2110.7361429122375
43950,1976.3488350634275
43952,1120.7997451965437
43953,8679.151204911215
43958,3.9809822841245373
43974,256.96457291698124
43975,390.6086082337311
43976,657.3635594506874
43993,19235.426096979365
44003,23.746063418409502
44004,10764.530768100947
44018,3573.650784511436
44028,80759.50368954829
44035,150.8237650319398
44039,244.5161203349813
44067,1701.4114609135604
44077,775.6981162266837
44084,2.9820384226023586
44090,201.0163364066172
44095,3091.578108911868
44097,876175.2472088494
44099,1548.2033205073953
44114,2091.257318036433
44125,71.36092439085621
44126,14393.926932863931
44129,12.859031781284092
44143,82.09484445029153
44144,212.67978469036353
44168,94367.53708081949
44189,22.702507854224542
44197,260.68011310531944
44211,139.79172330991054
44223,223313.37845895998
44224,6670.386056544078
44226,728.8139495886409
44236,3721.5524416168873
44239,16801.403147866615
44243,72.93650666377498
44254,807.1251565734223
44259,458.627143186278
44276,92.60361915221597
44285,1209.5073129237755
44289,45512.625191432526
44293,205102.49331667682
44303,768.0782900374703
44306,237.53381068726534
44319,2978.712457636936
44327,24.145950258243403
44330,2.006026677182342
44336,204.78640743943092
44345,169794.19891711217
44349,1.1889666669505934
44359,2881.3479501369484
44375,94.93232344148798
44377,330.305689910862
44379,3101.7989501945603
44408,529.7542984745335
44414,100.92981011914192
44427,79.27344803568198
44433,927.6539339735585
44454,1866.884792784445
44481,36.52443717847972
44508,101.0528673496992
44513,213.70568513465344
44514,32.31351517634005
44522,1023.882380019438
44546,12632.047678274044
44581,164.63579992540437
44583,20706.680513620406
44584,45782.21972402622
44585,2419.131425570641
44592,145.60404215519677
44601,13873.664976926078
44619,27.009624467689736
44626,9492.181578373395
44635,105.51606271136869
44666,810.9295689672676
44678,2542.8746203130295
44712,0.9437467146595494
44721,2194.7339273017005
44727,1581.4812987635096
44732,12095.410461132642
44734,4400.581101902329
44736,70.91534625978963
44744,100.5655588036488
44774,6699.836456518845
44779,100140.72513528759
44788,34341.21186505571
44811,0.9486767230699767
44815,43.26771642605399
44824,2106.3801309550718
44836,36849.46490116522
44843,58.88876049001925
44852,261.68354394092466
44866,10282.208344172237
44868,51443.68293778688
44869,86.02586436650813
44882,1361.1526922294404
44885,22294.810679160444
44896,1350.7373128751494
44905,10601.909348018218
44919,20.46051937197663
44932,17.80410736252364
44945,29873.166164569484
44948,21.005924303350888
44949,212.9150163055037
44952,581.1257693815512
44953,2536.7535283024863
44955,89856.1851537305
44959,1356.3424705447944
44960,223104.60873557263
44964,8.301338079588376
44970,4.056484548940574
45019,122223.64573366467
45022,1364.3301322428845
45031,835.5944035322018
45040,5961.448877368191
45048,7.964654328462017
45054,117503.79897307881
45068,7100.565061695781
45069,1018.3423245770466
45072,73119.78720537524
45080,2098.1810699649495
45082,1248.8477102958082
45103,59955.87937444701
45112,464.3019978187865
45140,1331.8506345318342
45141,775.8710466213666
45147,109296.78735404726
45156,1040.5367150883078
45165,492.70384369415046
45211,195676.0151653548
45231,151816.38687195492
45243,139.67393549750085
45258,53997.01232392858
45262,85.00534913893497
45267,7.125653070898808
45275,9.190123727851676
45279,16098.27915439484
45293,6101.90051853663
45297,9.335419397955715
45301,3444.971819183168
45302,659.6361858986423
45305,2.9311696445047817
45316,88659.43912757047
45330,1550.6096477361189
45332,751.6004772519592
45335,35.48701432221766
45342,469.95981782105093
45343,448.82612049519804
45354,23802.917935348964
45367,71249.89040570564
45368,1310.7751416275312
45369,383.68244411319483
45406,11.032056574994002
45411,570.8573690600043
45438,1542.564332436026
45449,269.25340552142734
45453,20538.857076457178
45454,291.5500315761987
45461,72.27654759373992
45464,12.083267441726711
45469,4429.395082628258
45485,565.4601875063435
45489,20670.121792040853
45506,7245.443028756195
45529,6.62475412628206
45538,44.28369851553895
45552,729.8275988396803
45554,2665.2326168963755
45564,36.10039214908421
45596,112890.5172317955
45616,299.94479501434466
45619,6.442973062378197
45620,14639.846813426555
45622,11.752865074998883
45626,430.47056900577024
45644,6329.697104701425
45645,5769.118920571328
45646,10.02819048298754
45667,125111.81322242625
45669,4050.671072150551
45679,201.4396720429366
45684,65.03562253189628
45701,11916.287803853795
45707,24.71805485227296
45714,27448.470529685386
45715,285.2713063868649
45717,22.995004913232844
45729,1152.7945723181704
45730,13.489633699038537
45737,60.61238880760867
45747,440.32899980917927
45755,1406.3071538230365
45764,26367.57569764881
45766,11.793844957139253
45772,1663.0076502397887
45778,1157.8500118664026
45782,29.62738262664638
45783,343.66483881154454
45786,111.4773054056021
45811,134.4850431204296
45813,475.95603653408915
45828,329.2704428777001
45839,22.142438160468707
45853,200.95249173865693
45862,448.9723807276953
45866,89.56015266660958
45877,173.3010396236259
45913,44.93172341612427
45917,4.2110715237030645
45929,94.14831492200985
45942,378.871233541568
45953,220.19908842449897
45954,3278.011880742015
45955,152.4742428614689
45961,2.7799053057274103
45968,292524.5495618139
45979,31.431214519897782
45997,7.422788384334177
46009,1418.8035649210094
46014,4.172412674942072
46015,226.95581991161876
46018,218.67634510875973
46026,1.065000584803492
46032,38.91732681021191
46053,64.44782525121146
46064,44.14018170989961
46074,27.551035365718676
46078,18261.68105507268
46079,59.927534058404184
46081,3.0956187891629323
46082,38.31348820717405
46109,61.786025294321966
46120,147.66879422228115
46141,38.1335408769611
46146,57.31461585916081
46159,267.605868642551
46163,431.10214290600976
46178,23914.27657242586
46179,479.2378882603224
46182,81.56406584955305
46191,978.5282457959469
46213,6.708284564486714
46221,59.17517646223365
46232,1713.1504040641812
46239,130.60728882583206
46249,114.58892503201314
46255,117.07021696830918
46257,2396.8153612387187
46264,20.417616872910823
46266,0.9920496743364474
46276,1736.3613866217481
46280,6296.404324187308
46289,409.99479606104745
46290,339.2976736675052
46304,773.1052846857779
46321,360.4673164611593
46343,1285.8278380814793
46359,1873.1380580783202
46361,8.680469369755691
46367,34.813316994106955
46393,4.093332952930435
46405,1368.2150017037557
46424,168.45761512754507
46428,3865.7891549805745
46435,9.964414897664307
46453,2.0350156126337877
46465,190.91481696528788
46466,5581.0434709087585
46471,2.866064914103713
46489,1438.9209291968514
46494,3.0229387499048777
46506,276.8305269521335
46515,4.109692248158537
46523,119.64761942702931
46534,76.53333720555881
46548,629.2023097697845
46602,16.82474701228449
46616,193.90445184363693
46619,50.531850687537094
46620,52.00051588475939
46627,4982.344966694583
46629,12.138875319706438
46630,16.243720449374862
46646,2007.665208063293
46655,29204.54932070423
46661,1283.3084880287872
46706,959.8280270059387
46751,1352.8708240185426
46752,2765.2763593113464
46760,1094.8089931200566
46761,1654.0457354599025
46765,1.0670315407253348
46767,348.5240575854329
46771,1654.441938875823
46772,40.846871541500235
46776,58.55078088267176
46797,813.7065520999338
46803,1056.9936290531912
46812,248183.71499044084
46815,27.85176722476186
46817,826.2676554834479
46820,36.82460133184395
46821,3.2038829526453574
46831,459.8727938816019
46833,434.7162235378405
46834,16.90982441932298
46840,1.0155344636544226
46844,21.097686722184807
46847,12.310767282919059
46850,14.318388797557821
46854,263.2676162409449
46865,131.77026532497072
46878,1782.9362075612623
46903,175.32278975038886
46923,18851.462236461797
46934,3329.8544622878203
46946,1.020433337013264
46953,181.6037351501578
46957,39.49358588512401
46961,2710.190263055336
46977,34.111406224404014
46985,39.70329674699125
46987,30401.547952699646
47007,93.75097893865158
47010,18.419807787330743
47026,76.56454633868478
47027,933.8926113327223
47039,18.666950186699037
47042,0.9649468058651574
47051,115.40714807419205
47118,17.43350424966317
47131,125.94997933981246
47144,109.55587508556812
47147,3.0267424973223385
47153,112.45597664290541
47154,242.01641058351325
47164,76.79383056867283
47190,50.53135363223514
47218,41.06348963063806
47222,35.511526971663166
47228,15.624928346608382
47261,79.1473126645606
47266,1.0229683517723012
47270,28111.27152985898
47275,146.9087009260604
47281,145.8001938212382
47296,3491.5836110679634
47302,190.9801077988161
47303,2645.0728820724007
47306,445.34985381926344
47311,230.63568529503092
47314,278.4149700205854
47318,12763.62907278361
47361,444.9188696797992
47369,1265.285693227379
47377,48.69562323985536
47388,19587.90612851179
47404,194.72474721076722
47405,914.3728093788723
47407,2101.2426320969585
47420,100.08859232546394
47424,1555.3089356869318
47453,294.99106612163627
47468,7.344101894989436
47472,6.243305863473884
47478,10907.685709364896
47479,256.7253902361164
47486,33.76748796894214
47527,796.0471467901878
47530,2247.4784332147055
47549,6.26957937799324
47551,1164.466792266207
47555,276.51734521734375
47568,1140.9444014278463
47572,2415.320845362192
47578,139.37101928485336
47611,493.86998621373834
47618,312.38827940129784
47654,84.94382801911553
47672,122.52684982299839
47674,18084.237985055977
47684,1.0283010584868337
47685,1299.098009805449
47687,1549.3243924524934
47697,665.8781062698047
47699,5.965356857298541
47703,0.9462707631974573
47724,1353.2223150395257
47737,394.4924984754787
47748,8.092788870468455
47763,18.383507611448934
47764,69.2132272470163
47765,60.24306431570755
47782,51.65992655162384
47787,236.9850863059665
47793,1179.4065764698967
47797,248.29319570666624
47804,38.58619546218712
47816,41.53636979881558
47818,1722.7223237201142
47820,20.11428898160143
47828,927.5248603149718
47837,119.55080616770368
47842,8004.390634321746
47860,546.3724473830504
47878,3.7120771471123004
47888,142.88784458392607
47892,37.246976032534015
47897,10.29116523165688
47903,410.5503922475705
47906,154.50705986380436
47916,12.465110617381747
47922,132.95272446848537
47924,50.180928704717644
47927,4.8639852434660185
47928,359.8426619328004
47933,1205.135455970276
47935,8978.35901018582
47949,5.334267400785749
47957,2.888195332751468
47959,9.207116780451294
47969,1475.8999421613723
47977,543.2559142641506
47980,2.0030953162306404
47982,4.903210703702194
47983,206.51341280646963
47985,813.710793492466
47990,97.67401846774811
48003,1491.2790720774403
48014,3.858259766435368
48024,9.152415133210047
48030,35.3832962420644
48036,76.9639602496488
48040,122.66865370834773
48043,6708.194377301361
48044,20.54876296681477
48051,7.890878938770934
48059,9.524056985982366
48062,0.9469994925118954
48066,489.944959720293
48077,0.9626784819652373
48081,99.24019517184645
48082,789.5822076617325
48094,7.551679055097585
48096,58.77099069804158
48100,80.1330463499903
48127,242.20651239361987
48152,265651.48481443996
48165,54.81802435967204
48171,283.24130220405755
48180,87757.87750810615
48188,15.244951335613825
48190,9.095714307298481
48192,2.0572168268033226
48195,25.940269674420264
48199,2.096247992532054
48204,96.44135972200337
48206,47.46471282761666
48210,5747.154939301736
48211,11.146678012048584
48251,0.955849508312841
48258,260.54505382182396
48272,2.0582218959828658
48283,0.9833490817617326
48291,124.6293669840508
48297,70.68430879897761
48298,140331.06869183033
48303,2096.1350499160408
48313,1542.8490558183864
48317,2.8475722257915796
48321,2.9410690814078198
48328,85.1296742997991
48330,18.111295225618882
48345,48.11910601154503
48350,3481.5502510711262
48355,1547.3505320640352
48369,175051.00387559188
48382,559.4687001258663
48383,448.58387687453944
48389,207.26721989674343
48399,7.225050948349622
48402,302.73517261873525
48407,111.28136668552689
48409,150.16026649140343
48421,1486.286738774988
48427,175.08988181133537
48431,490.8871594644939
48438,142.28297079414932
48440,15.559621482912988
48460,1711.9050230344076
48469,1016.1004467817587
48483,251639.48307137832
48494,105.10279906158966
48522,324248.44129355764
48536,36.13848958962598
48543,248.77264410962434
48573,776.2825498794731
48604,1.9823750055131235
48625,44.04876082649251
48632,25.614796828481584
48641,21.330616866784307
48656,215.7798568392784
48658,38.82057465923703
48662,1.051921789975194
48682,78.67230249880281
48686,12.887108544536176
48696,31.955738940213088
48700,17.786295087827142
48701,24.33344222323299
48708,20.709607170578074
48709,388988.312719495
48713,83.69379006263594
48719,90.42897892159854
48724,9.205059493976213
48757,194.91312957508595
48776,15.836098168765476
48796,2074.6891828086723
48802,585.195212447025
48816,9.196979915324512
48833,77.62139427974971
48852,1301.3325630644092
48862,123.69807109450291
48863,55.6788791003352
48865,390.64586087563544
48866,10864.825545995756
48887,617379.4692587125
48889,3444.7297741850375
48895,74182.18790736792
48901,24.577699247598154
48904,662.2791138337009
48950,859.736313613271
48951,122.41998954129075
48954,337.69219777991134
48964,50.53169510641689
48968,3528.908331564435
48981,58.281799898657525
49004,52.9331601710281
49010,9972.693705761321
49017,1706.7452268501845
49029,140.24126755078703
49030,7.862169392948455
49047,15910.065449824113
49053,69461.1689337042
49064,55.75567361955615
49070,1556.036736054863
49096,2315.889678034177
49097,112.59903540698662
49101,64.46456511389133
49119,387.509982054596
49121,62.529601321571285
49130,638.4502704218927
49132,97903.22616727506
49157,491.94542399999915
49161,90.8224907170187
49206,375.7780271554903
49207,507.69598112042706
49215,6.298913737011125
49218,60.34830593522236
49226,9.087418713741048
49229,353.9670678032716
49248,1647.68415231391
49249,1695.4893394406497
49251,312.5278748965052
49256,3958.1449994092523
49268,50.272471458093406
49273,53.13606460557912
49285,76.85722160747801
49290,12601.624312640804
49300,116.87131755264609
49304,10.651071995859272
49305,1.0999859844684774
49312,41.314009449664816
49330,2.970602524181113
49347,5492.87151623394
49348,40.762056121775586
49366,136.79358670960315
49399,194.3945269673537
49436,243.32457606258447
49437,2.030384525632924
49438,236.4672223922864
49449,75.27056595099592
49453,0.9852909605095789
49460,566.007557220878
49466,750.1060789679511
49480,26.349114000567575
49484,21.96051262848318
49489,344.745189560907
49492,54.16075370692248
49497,53.608653443115706
49500,148.99299131110118
49501,47.066654855788265
49508,15.090503731261602
49520,31.544005931833155
49525,58.8696777561916
49528,876.0770099284223
49534,14.653272475580465
49553,79.55263791103148
49561,3.820462492051709
49563,458.048691766187
49585,3.1329612322579794
49605,46.91431819830285
49627,16.771962594272875
49628,75.57581019937774
49647,5389.57612233412
49675,19731.962078493492
49681,748.863759245638
49685,126.14874339322019
49690,2795.901500131328
49693,132.93386396832503
49714,17.711112042444995
49743,7.111053032027265
49754,135.80990692409625
49757,28.767350368481104
49763,51.963399723503535
49777,110.97226705281678
49782,373.0327965416115
49786,15252.882537815442
49797,91.80570903209403
49824,197.16136058290365
49845,168.02896420207745
49851,1.0520628330600048
49861,154.10096216842436
49873,3469.985631423168
49883,659.376056620784
49891,558846.5243191794
49892,357.90070689117124
49918,4.136977085850695
49920,57.03732380408648
49927,78.09529349174915
49937,74.18563284770791
49945,4.808370449268467
49951,153.97005336896635
49956,52.59611920201642
49977,2.192620604164872
49984,71.89499620070663
49990,633.2393250416393
49994,575.1598304661691
50006,9002.07311724693
50007,914.0954563051067
50033,144.2892058168992
50038,55.815544474138925
50040,10.996471482089293
50041,197.2500113860822
50070,814653.5601888743
50075,157.77169773758402
50080,15319.505599601685
50082,4.802046490931212
50083,22.73039753193383
50086,501.3195323299109
50091,11.498136694867684
50128,228.74451533845883
50129,3594.7133874572446
50133,2551.585529760234
50157,130.92088749000237
50185,1995.005947823764
50199,4.8663615150549155
50206,45.90649687811835
50215,145.05888888382475
50220,196.8242188667938
50230,153.3735369555305
50235,1906.5925655949216
50257,3447.162478559297
50275,1552.7920207531454
50296,3669.3746515558564
50304,17.55024101446296
50307,239.6220226056493
50317,3.6696923115972706
50326,1960.3096618958339
50329,1264.714360884354
50340,1505.0938810533437
50341,17.511309207667416
50348,133.5837593822614
50349,1.0495638683068775
50383,3507.7184804767494
50389,1.0893721015134235
50442,5950.1576145982435
50445,2387.714934606368
50452,14.111596998292644
50470,8.312484416796407
50487,10.718920530790118
50500,144.04565477490615
50508,10.770925865726106
50510,3824.256609251504
50523,9.740242986631326
50541,2070.531323373262
50548,3314.7959401218814
50558,10794.019856775742
50563,6014.009672826171
50565,285331.20750442176
50568,4495.8706246328975
50579,375.8300505743149
50589,3413.20842697849
50618,36.44298828706696
50627,6101.968345231488
50630,17.15494407316188
50631,10.657850385534756
50632,3701.242857648779
50634,5780.7498184833075
50636,308131.4403772618
50637,35.73610171973477
50639,940.6929231325964
50659,393.48813318256003
50660,2017.982043123023
50690,78.5461674128414
50691,994.1118896871843
50702,2083.712852974506
50703,3.9532063048214123
50717,6.0045615178721965
50719,703.2827042468366
50732,4.02820925438829
50737,3.241056812870491
50739,16.696517700160182
50743,1738.7266781985688
50758,92.50965577561361
50764,2.0240036861405746
50769,739.6746849218611
50781,813.3945312705856
50794,24.448869555396566
50795,235.7652345430729
50796,1255.3372627827316
50797,422.6644422707101
50804,89.63869762594807
50821,736.4885749713134
50833,1606.2077880734769
50834,226.10980104354417
50835,1.002238605964927
50845,25.693836614639665
50852,0.9955905794045727
50875,11.745672850619842
50888,70.61090873407947
50889,225.2111255636152
50895,109.73381007950624
50911,104782.26079392915
50912,320.54384351998607
50917,4726.550104047146
50918,359.1743678719398
50919,405.16521696921325
50921,80.94025339636258
50934,1581.7758188718801
50937,139.12178597070334
50974,2864.0284770607905
50975,31226.623871199597
50976,735.9498085344195
51007,3185.1129407770245
51009,763.7843018764597
51010,0.9376029428075603
51012,149.51541333823775
51043,4.022960635535942
51044,171.6014909167728
51049,9215.370445665738
51058,2.0412980829380363
51065,69.42051584291818
51066,146.20134690085175
51067,142429.29308185418
51078,673.3457198377907
51091,2.0296058300669886
51102,150.67388830917318
51105,186.06921153474505
51121,3353.4537284752723
51124,4045.851789794606
51128,144228.1455991928
51139,2.9071450945225275
51169,5.567708887036913
51170,1865.986567942958
51173,326.7062995815034
51174,14.169171152390618
51193,3582.50586588768
51195,3382.8677781848714
51200,511.0734009138951
51205,53.31051805634988
51224,422.5060872453809
51225,10.651675149664062
51226,228.37430607301616
51229,276.85437105442156
51234,26.294928087057713
51237,102.60021188773717
51238,1605.5414930484415
51260,49.3198509452661
51279,11.364700680560867
51293,2035.0002310353093
51298,76.26930052412555
51301,59.67046793680771
51303,432.7472503271179
51310,130.35858364548588
51311,352.3934801097657
51323,610.2515711423491
51341,323.4347948326839
51350,162.6049740283579
51356,11.62250323396869
51365,1647.0191860962916
51367,19.588628496153518
51375,450.9840504559843
51382,384.973380149251
51385,417.0628160370645
51390,2491.4467746023884
51412,372.69685040797486
51416,15711.969953756565
51418,384.7638651505138
51445,39.72014088668985
51446,420.4558105500824
51452,15536.903543942593
51454,276.069884099459
51459,187.26863710199248
51460,3344.0924811209643
51462,1673.9205100605893
51475,468.22001274380364
51485,2619.119442689399
51493,230777.97649692022
51522,19916.178485369444
51531,6.606175492366033
51536,292.02084110422845
51547,25.06621705304659
51553,645.3760920239733
51556,2079.225834096606
51562,65.2929810541097
51572,18.330207863261364
51600,240.81278905288897
51612,577.1316797601667
51618,19.86920428925245
51628,311.89255116216526
51635,190.31435499974145
51642,449.2695310073588
51660,16.590192122554026
51672,4086.559242586642
51705,66.492902396468
51706,699.2472886727661
51719,179.77788661315202
51724,68.02038895845861
51736,23600.654233401136
51754,797.2945981268696
51760,60.861627667088165
51762,236.64123849712047
51768,36.75497106116286
51771,58.04019726779812
51774,26.73440360458604
51780,0.8831650361139101
51783,6.746134304831835
51799,27.47333269997368
51800,106.20108500415843
51807,35.135059320687375
51848,998.7239801942775
51879,145255.1366717548
51883,1274.6026261388224
51884,171.5017157206017
51886,1728.559325271249
51903,690.2372745752349
51911,31.579970415689637
51930,53.375362378825685
51936,25.11404686671883
51945,14.31388061666663
51946,74.74943354913408
51951,941.204125680762
51953,253.58074022237204
51955,282.70857163433595
51991,196.40367849678785
51992,14.609255713865933
52005,0.9895611008388413
52015,73.1654733127156
52031,57.21444622053183
52039,709.899162645711
52042,11.150513139269853
52068,48.434906429441725
52075,1.873401909642158
52077,690.9946114131693
52110,1.9896238354270257
52132,3.6449222197753537
52136,344.8865094102087
52154,469.2391184072226
52163,19.680824274403317
52182,59.03533533284484
52205,1988.1968106894537
52210,66.2792210325169
52217,45.07349905481797
52219,908.6912807350852
52242,2490.4471500099803
52253,6.325312450251034
52254,105.26847419612356
52259,10.445422286348713
52264,356.4011725958353
52276,3.9366198335631797
52288,1.0571863742938141
52293,32.38537781005876
52296,1251.3780679499205
52334,799.5316910854041
52335,3.0969243561871833
52338,7265.521975590071
52345,624.8191895878024
52347,2.0484328596122063
52372,146.2693196198856
52373,1170.6782505838203
52374,820.5556778603459
52376,253.06241306869262
52381,51663.560836340825
52392,1288.0512879423404
52403,523.0608361128501
52422,288.8192156195841
52426,1690.685473840242
52440,139.69321191065785
52455,112.99214880913907
52463,36.43055527961518
52500,411.83810608224866
52514,2018.0713261177923
52539,253.7766735111149
52547,202.62718755216733
52554,3998.5851173653136
52555,6.536338803290281
52575,2039.000094525441
52577,1080.059375217099
52580,236.99130762841986
52608,1128.4434443322377
52609,188.26707514447568
52623,24.334756857513234
52634,1.0727367823838863
52642,101.90326659037365
52647,1497.110277765247
52650,50.76168644640729
52661,8954.898044293965
52662,361.97777924952646
52671,288.18531239550015
52672,194.03769654009335
52681,126.82683464729332
52692,325.1140519466935
52700,109.90362979250186
52702,190.8721496559008
52710,21.460175661740827
52711,110.53432534853995
52712,450.7777338612933
52713,2829.668171924283
52730,1.9305933726696205
52742,90.26909996802077
52745,464.61208723814605
52756,327.3064319939539
52766,44.179544882617414
52772,106.89610075943581
52794,336.0545666427104
52798,0.9439940269717064
52827,467.9001749620914
52843,29.93050101115726
52849,51.419937718726594
52867,112.84181686283792
52869,1589.5228526361889
52903,46.02444903783146
52928,2823.753310275161
52940,261.5487159137194
52953,94.85154622911405
52954,148.42784614971322
52955,718.7130390497015
52965,6116.4812765432225
52972,6.705695788084762
52973,3287.777321724292
52981,57.00342076838397
52984,3.605447687273982
52987,23.368606655580777
53008,2144.0004231064117
53025,1844.7192757598975
53033,216.26733955066922
53037,5.167629862993489
53055,25.95820793984039
53058,724.4363793501534
53061,349408.1299228987
53081,8.859055600980094
53082,41.28490061793387
53098,4360.644481345042
53103,4.218314002928289
53104,11927.108727965888
53106,16.59411685307419
53113,1828.1108031282927
53125,18.15911918923478
53139,1765.9393914993002
53144,72.90783855351955
53151,205.12962358478865
53164,141.1322851885063
53165,608.5364593626553
53166,38.5605407682379
53173,3684.9961052840026
53232,3.9629851162854575
53236,1.9906125208899774
53251,528.0888038195317
53289,14.496705254556197
53321,14.634400708686732
53323,160.1793972377814
53356,49.63940035196608
53359,2195.011918948536
53360,75.19355362219535
53374,15771.389947303658
53377,258.2980258638469
53446,7885.476255278759
53463,4905.593410255978
53494,87.09742222744165
53500,1.8614830925345198
53505,134.14612304845593
53513,54.73925572116999
53515,6.980619597348043
53522,14.206519683499433
53529,5.234734490458692
53554,3.9731053022472818
53568,3.1141834150374397
53569,90.66489183528574
53576,0.9563630442041161
53584,39.822715800322534
53594,102.9041669747217
53597,18.071079782161956
53603,5.73948452619379
53614,600.5889747778465
53626,2.0744586001849257
53645,516.5715529958975
53660,58.67176122701057
53670,12.177548078507478
53680,1.9880327655929921
53690,1071.8506269333582
53694,330.1912441466173
53700,65.16512881901816
53718,5019.738838664796
53720,1376.3908637713948
53722,45.880726398393186
53728,735.904779062734
53729,504.5593519958109
53730,514.7910583186873
53756,5307.999285881114
53764,7982.222532204054
53772,0.0
53776,44.79166906854393
53778,4135.160131904369
53782,144.95547472039885
53810,552.0255123777793
53822,2368.2831917768976
53834,308.2120030170925
53859,3910.4193261591154
53868,34.309679233054965
53878,1509.9774240560646
53892,1182.0220895414498
53893,95.22399240012362
53899,116.19915188022061
53911,702.1548715740016
53916,1396.371775657754
53922,777.4317779664774
53923,18.890035990783677
53929,309007.4997908161
53939,51.69024072524941
53940,767.6804193075433
53943,3766.629668796297
53962,14.76638778046258
53968,306098.65034084214
53978,44.6055887865589
53980,67.75920117667683
53986,2769.906980481726
53995,577.4847821206569
53997,1596.6401103516278
54003,269.32535956766117
54012,4278.8040967317465
54040,61.845713449973545
54047,1460.0628380311828
54048,55.68214893626429
54049,21.59913554791405
54051,608.7015872630293
54068,3251.9603440580186
54071,1243.312869500257
54073,82.09648777535078
54079,1749.8662366035812
54090,641.7116458328753
54105,934.6033288613677
54123,330389.73078418634
54149,1927.492919106459
54152,1519.0554405408486
54159,559.0346501999329
54161,346.1266994511634
54173,589.5831446843645
54177,822.8731700806748
54178,3.8703332995141273
54182,49.17630405585012
54196,491.82237852505534
54204,3914.274790485345
54221,483.0309763545607
54237,387.61838573827396
54244,8119.266324982014
54252,7236.4718964361455
54270,538.0993093447124
54276,503.4176173177865
54297,2134.5849265338443
54298,1485.333308733186
54307,122.13281422328762
54309,28.829682297549173
54310,103.67010680033385
54312,98.61288451694159
54313,221.43252369907145
54322,603.5683543923423
54326,599.8157474196522
54327,263.00384328618156
54337,1363.6626671194547
54341,29.651818100656012
54346,188.67921250715875
54358,1507.5087300349755
54363,628.9242852800818
54365,102.33398929254611
54369,120.91668997085554
54382,20.760690662372213
54384,5.203568810821579
54398,830.59174421658
54411,159.55766108537273
54413,1143.0465108831963
54452,25.345536208704043
54468,2.9960851336871337
54470,1426.2677048735786
54473,2010.7442754778579
54474,5.4733142806139625
54478,741233.9619556061
54483,1643.1508382182321
54498,290.89332999932
54503,27.65968391949985
54507,764.1924188293083
54514,2015.6226184535556
54522,753.6033282374517
54525,121.3213983005287
54533,87.07377558904501
54540,2411.09954992044
54575,328.5814184048473
54611,178.06899898836093
54634,2.0637463215961684
54641,5.035829017174952
54652,379.2275656957705
54653,696.789538598509
54656,906.3980474995578
54660,12210.92005106571
54674,7.718649811414739
54685,910.6540201210732
54728,26.85046004088082
54730,220.97330316626338
54734,58.81512345779762
54740,396.1945808434362
54742,211.7339405313171
54744,3.9349674856682197
54756,7216.331588040042
54758,125.28960202822743
54765,17.298154148912968
54772,338.9901687263863
54773,3.9142331518371356
54785,93.77027008458113
54795,190.45115028094807
54822,17966.922715812754
54836,783.1606530235599
54840,2295.7271127905206
54842,26.980637116361283
54850,201647.14951118027
54863,47.099695678365826
54888,102.59629893166621
54909,36.11032949571625
54919,2059.803503103497
54924,514.2237593384467
54927,86.47301408531642
54932,176082.77258843297
54933,296.35469462013106
54935,3749.6292973403524
54967,29.22845393786124
54969,103.3006535885781
54980,4.187840221416506
54994,32.826908205251065
55007,0.9860497014215266
55023,2774.3308526692726
55024,5.723948684490429
55047,1477.3000039218655
55051,2857.390850570602
55054,0.901779991094321
55058,6420.690192934758
55059,11411.574352288017
55076,51.993134370623174
55078,25.881839231494492
55099,161.34662796505344
55133,95.71295508503678
55136,79.04831305118256
55143,440.61703712541413
55144,2614.3338879292755
55150,385.3837347463589
55158,12697.356086631224
55163,16.703802595790584
55177,79.62707744515535
55197,249.1739095508842
55217,203075.95326523387
55224,239.34874098700647
55240,747.2958520032893
55257,2480.09815753565
55267,28.685833984931254
55268,36.70914101709058
55269,114.68235833624315
55271,2.759447743652694
55280,181.59984934643893
55281,6.412092304217517
55287,591.311005153747
55290,86.7122471804187
55292,73.26741182382885
55296,186.97048425457447
55312,1.0204843310774245
55313,218.19807430969084
55320,581.2329395995004
55351,6.255082169901982
55355,23.941038313263423
55373,458382.89011076087
55379,1323.7862307163343
55389,95.42553407416395
55394,3188.4144607323506
55402,708.6940055758786
55404,4328.533653326213
55414,4.423207275119662
55441,185.64089210720675
55442,173.5973496982286
55452,15.455672460763358
55482,2901.661308732802
55503,40.6508966778588
55504,160873.78383703338
55511,62.62208764406208
55528,38.29600666796838
55531,166835.56198715
55533,2996.394556720432
55579,851.8716255631705
55582,4554.499038535236
55585,227.80533548234754
55599,16.765871015149926
55604,168.61158219631363
55612,37.03459399202704
55615,836.2634789472224
55619,1749.8376359441995
55623,4475.414980941899
55643,4.818936244947139
55658,194.91361099731975
55672,4.836643110446934
55678,888.9118512681268
55682,400.5353155862627
55707,808.564234183752
55715,616.6633609309495
55731,355.2212246255698
55735,10795.092130644967
55739,766.3005880553862
55741,5231.439204178533
55744,379833.0592389817
55748,41.79206352756958
55758,26878.9589096402
55764,8703.103254974454
55769,9.58734114978075
55776,47388.352129634965
55797,415.10328670585113
55810,3.989739163298967
55813,1630.0348355787128
55816,14.298898454396605
55818,233.53128143157707
55819,154.71661786775275
55837,358.75928341550457
55851,47716.33214931691
55855,206.7881945230034
55860,28.567738830713843
55863,3290.5576270123165
55884,7387.983435315966
55892,22.325556382494018
55921,305.98982960938764
55922,7479.309291275572
55947,8332.495639262555
55955,142.53379421982174
55956,6273.46723691856
55958,9.588916451024186
55961,9.240897417998728
55971,2856.3257069630517
55999,385.1402806135379
56002,8619.590464349225
56009,256.7138778798572
56017,4606.827584096537
56019,2393.634884691521
56020,90.78468440606825
56029,269.6017583119847
56031,387.00797362977414
56043,1472.6554537258091
56045,871.1457755391527
56047,4243.194147465397
56049,130.16509698984004
56057,1857.5334840534833
56074,5588.695742630302
56087,97.1700527025956
56089,1153.6507075642194
56107,1131.2552292172652
56111,4357.6854059502275
56138,9352.258684354574
56158,2.0090483439516804
56170,1683.432632880599
56174,426.8895466096226
56180,347.9374266629652
56187,0.9699799262076894
56218,521.472403992274
56232,2928.007107199601
56241,95.26867316928221
56245,418.8025962039792
56256,3624.9674381117597
56271,180.17198683908148
56272,1973.0631884899171
56277,30.19466926177534
56286,422.78314883612796
56290,27121.726247314517
56305,110.75664662710776
56307,1754.499167557719
56308,28487.515967992324
56310,159.855348078046
56314,148.73057572743096
56317,1431.948258927368
56320,477.9032667440204
56328,21.714712831729397
56330,783.1429023818632
56332,75.50064763689261
56334,1430.9526810116722
56342,1821.106124686986
56350,115079.80053413437
56351,1330.7911920056388
56352,1047.9874545659006
56353,1360.7996685229466
56363,3752.203780275302
56367,95585.5754479381
56382,1408.358088584973
56388,1323.5070487454243
56398,36.99178461057954
56406,1485.9593394723868
56407,1576.8607243737965
56417,1822.707464697544
56426,1332.5165578603783
56432,2544.8805015094867
56475,70.24027757754523
56487,41.35424912835077
56494,88.97099735542523
56512,232.66193572130675
56521,767.3989587437133
56523,278.9140964494648
56528,1619.7832236377865
56536,7365.2434540626355
56552,78645.30685858437
56557,854.5765510479035
56560,51366.36358174211
56565,1169.6314571646456
56591,16.60164386547828
56594,7874.767453406227
56600,39958.84037855464
56611,45192.42984465057
56622,13766.759373367327
56654,51931.878623165176
56663,7007.324337532488
56677,859.6398701191246
56703,4.050551736068539
56707,12647.065691642449
56708,94.69686369033226
56722,12939.085811389557
56731,2304.5942521950774
56742,9766.06653439534
56750,54760.29807688232
56754,37998.58584778798
56773,5258.355850804067
56786,60943.71103391101
56812,30038.473220927935
56824,104.58630517473178
56828,204.34828900155026
56841,290.757862020643
56857,1791.3567516460464
56886,310.600564746567
56896,178471.2263678792
56918,309.5757255074704
56939,2973.949167232592
56959,207448.55543289802
56961,202.12842334907003
56971,6236.602141747507
56973,789.1120793310324
56981,1986.14942116576
56983,3127.2061521585797
57000,4041.208509740775
57001,183453.25490098348
57018,360632.71977187897
57020,303.0012361406511
57031,16383.23342918726
57034,4887.68823943268
57046,275533.98773612996
57078,9003.699893745013
57079,289.3214411153042
57090,1443.998769130425
57094,102.13917624901674
57107,5753.009513506771
57110,1204.727159273614
57122,35.08693398886018
57141,827.3750939308633
57147,6172.34735471645
57154,407.70659305576453
57158,96.192846574752
57165,301.3972219313401
57167,106.14892645069634
57179,98.73456995689179
57180,7814.012981106676
57181,976.9290603012435
57190,11424.048851579293
57193,6435.616876307273
57220,2971.0320255359065
57227,106.13375861473575
57238,4026.454774225106
57250,747.6395153720657
57270,2412.923557807697
57287,1602.741631024987
57288,1998.1933246167612
57293,103.41886139588976
57342,23161.248304580233
57367,34980.193470107486
57393,715.5184975416844
57423,5745.880720431072
57437,885.5920386376679
57472,399.616691070127
57481,2448.0164149831508
57493,273.04460222713783
57507,29617.14191440267
57529,3543.978680120458
57533,210.04804818370744
57536,380.9479910780022
57538,1584.0306634314907
57546,614414.2864058927
57551,25954.515447618804
57558,284.3775804672316
57559,210.2160894393876
57571,5288.697702511834
57574,1139.5660011662203
57578,41242.491769705426
57582,412.7968718295973
57616,29561.04155677735
57625,118993.79459908347
57636,46359.536337551806
57649,413.35386622523333
57662,200.74557220432663
57672,206.28184375639265
57674,304.8478267326841
57676,100.37756749155902
57686,104.34426237123513
57709,13912.81135749686
57737,369006.76039515977
57740,18108.084040918144
57759,122637.86223257326
57790,5591.302312461459
57813,810.2342576721421
57829,4241.293313259723
57838,33498.636318289704
57841,2896.029857764945
57846,7798.770829695746
57863,1615.0803862493476
57871,4787.639776859321
57897,1783.8873796413372
57912,3492.9614621795554
57915,2364.24415400623
57917,2588.157245024408
57918,1341.4049362194876
57920,309.30488033414167
57928,1810.7754854708426
57945,315435.31893547165
57956,280179.3180077656
57964,3160.0742928592363
57965,5836.090049841882
57967,328.4556410410748
57987,2712.5372156666504
57988,3448.667314257309
57994,18463.910589116636
58003,6930.525889374113
58017,9359.72684335732
58023,11283.005961130035
58026,9549.033470386647
58028,701.5003295466228
58038,19354.522953414787
58052,7592.91646276058
58067,13710.476740480051
58080,269678.7439957306
58096,25895.873993899695
58101,516.3383253767657
58102,306124.1662526525
58109,836315.6233670246
58115,2381.1304772081426
58126,262.7949959841522
58128,1148.7590237438715
58135,1026309.1784183612
58143,14350.324051742504
58148,23287.223479319717
58155,103.56309949624973
58177,12196.748015265595
58202,198.59262402386724
58203,16793.876778907903
58206,597.7499845450591
58214,210753.60693090473
58219,201.42682929381036
58228,19497.493337038482
58238,4084.1624551953078
58241,1166.1412068780107
58263,2993.2007966240926
58279,31511.401184804392
58286,3727.2008258883457
58294,198.42249902924004
58307,1550117.1469849958
58308,27792.83466441683
58315,638.2274239534946
58320,1782.6179222256937
58331,1668683.732968666
58339,540.746470296483
58341,508.06485818291003
58342,17266.765262934485
58356,1478025.2261386665
58367,815.6080881936655
58388,893.5607524903593
58391,717.0114521950654
58393,504.88929162441974
58394,2074.7510454164717
58398,28370.798237408246
58404,1384304.5450886544
58410,4498.855192399901
58420,1686.0943966583286
58428,1174.3361256318667
58429,5373.7642296702315
58433,42146.39345266982
58434,906.287423849378
58437,1477.7014012322597
58440,403.6918821380509
58450,1423.0090954886782
58456,1407.4414998136247
58467,5869.191120522918
58468,4516.221304843033
58470,458.0785888623932
58484,649.9917338025623
58486,20758.128525246437
58494,145112.22236094324
58508,6734.426271493547
58509,209521.2459802762
58515,509268.8819167205
58524,2302.062000059137
58525,4077.6582160977355
58528,20740.58867720427
58532,208853.5177365089
58539,226629.41772221803
58543,1139.0174535388974
58545,180.31954498303506
58562,12718.317321885144
58567,99.43432129328234
58570,2636.507441038353
58584,91.02692018823547
58619,598.1975800061958
58623,191862.15588161358
58634,4980.304636442249
58662,1428.5297921005279
58663,912.2744629840721
58674,198.33971602671946
58688,573.0669794236636
58706,1245.3149644072153
58722,99360.58117902887
58723,1427.7778065934638
58737,7893.754733497871
58739,197.92261831042836
58741,15402.232361195345
58775,1324.2521896876358
58778,12843.095376560465
58798,103.91914630205115
58803,938.7685246654274
58832,5424.993343557145
58837,215.79315156832578
58849,3635.053545526485
58854,2554.283897913224
58855,557.9551296488644
58870,4151.380121053865
58874,414.4176661880395
58915,10017.931792140334
58916,7458.375456722212
58926,296.1932531073875
58940,12198.608422177225
58945,732.3064129379519
58966,3272.244287922889
58969,62880.59679707858
58975,2543.073625977146
58987,1284.4386158602706
58999,4336.27903163483
59005,2165.6404642409925
59017,2368.0440043561393
59047,1401.451835394327
59051,5345.21673769893
59052,308.83368163592934
59056,292.92254490816
59087,7992.215756199635
59096,410.6541680874391
59101,110945.85871695807
59147,93.84014201103199
59153,2409.1577764941985
59155,114407.77819093419
59169,57166.499199972044
59196,294.43406171445736
59200,102.23332163311467
59201,2036.3028245703995
59210,104.23580719358266
59231,15819.004104272359
59237,141602.81338207732
59252,1885.4656860226464
59269,44927.65499267844
59271,42552.74257916569
59286,15152.51281331541
59288,10034.742959711197
59305,20807.22441666317
59315,13003.152178624308
59316,185.17961614566283
59323,29222.28850300316
59342,731.5283283125722
59345,11517.404988071981
59353,510.6885580159427
59355,17715.548512000554
59363,1524.901036843426
59381,291.0278200818823
59387,4812.177177033899
59401,24628.040625261965
59427,20105.972116238132
59432,2426.3319915839734
59439,72242.79027864676
59455,700.971767957729
59481,32324.18646674966
59495,67013.65481575261
59505,106.80716596561513
59517,8718.204710091146
59521,2499.7718416898842
59537,12673.204087739801
59544,298.13520244528985
59552,846.7885415212544
59562,502.7931592514271
59579,45029.964259338514
59582,2319.2826175712285
59618,2078.001330196991
59631,233428.42753528085
59633,7300.872468213561
59636,100.59975043078188
59639,9688.856974299042
59644,2603.598253576685
59650,20610.267549660897
59680,1718.980679442482
59684,650.5513701287636
59693,2667.7448812165553
59702,2450.543473770823
59706,3209.397498509422
59708,2007.3675954268936
59716,29316.23315625039
59733,313.6150735184781
59734,499.1103959415153
59747,95.93772195974812
59751,1037.0124413778406
59761,20328.458660911863
59766,399374.0554314528
59768,2722.6591474040283
59771,18122.999054281718
59788,668414.6097574787
59791,1750.4034745079389
59795,2637.5645526965886
59798,2531.9767362795646
59805,28781.335959456665
59807,909.9338961110606
59823,2516.303113867703
59832,37677.915852024475
59840,2036.1832361807828
59841,35897.81789781137
59857,623506.2018840645
59868,111843.13172538055
59874,34812.569156353115
59878,770615.5950102933
59886,33995.367700920484
59898,1611.5861645003154
59908,100.04782941754338
59913,5497.904746711256
59917,101.21010933335228
59920,114258.434544442
59922,35533.831768789
59927,544253.9692276068
59933,121832.65640982291
59937,137478.62599063027
59944,916.385389066605
59951,51955.440716776175
59957,7147.120829009403
59968,3146.0825628462544
59985,104247.964101326
60021,2764.245686331457
60031,3407.8864759348953
60051,882.5996248288772
60054,13115.935140958272
60059,3627.8050655596035
60070,3214.025294873455
60071,4629.282916155979
60076,236594.99891901563
60089,100.24471804817448
60097,42050.39956164093
60099,1077.3326032998916
60105,42074.83115218006
60123,112245.37859933625
60135,4678.154057886583
60136,317.4526165390619
60147,2166.968845788917
60159,1151.8664249469898
60161,417670.28378162626
60176,2193.821753927578
60218,2286.703062063559
60223,2816.6061640201674
60261,102.52193669572635
60262,4184.187102863667
60303,79605.0943928008
60322,281.1841648811276
60323,2531.1575358243326
60324,57524.080807854996
60329,9586.997986944642
60336,6452.533774112125
60360,30988.981704847745
60361,195.32890435678226
60378,4174.961326477435
60392,5898.437965771459
60401,13133.73560567732
60422,17246.548571000378
60425,48306.961963708454
60434,29008.179113456754
60437,11951.657037387644
60451,97837.00040878936
60456,2317.471431961554
60463,126419.85896257382
60465,19645.496201634574
60472,18545.599485515304
60474,484.46021904288517
60551,2347.7328382541295
60559,31070.33290981431
60560,862.8312744707314
60562,19805.333836796028
60593,211.30687124969225
60598,7046.380744430645
60604,11020.66625686175
60627,9116.573551082754
60634,198.6055250200144
60635,4438.349659913644
60636,9571.139791073776
60638,20811.770949396247
60639,2040.4367517520714
60643,668.5332263726857
60646,1370.0736107620583
60647,1025.1983998774235
60653,13574.683016968762
60655,89031.63020223899
60678,410.6328872485604
60681,4208.148313903256
60682,1742.3603113279014
60695,33541.43741462049
60708,413.4538046556175
60712,4580.988699564726
60728,8255.407941764484
60734,88.57762730203899
60741,0.0
60745,999.9249105889896
60791,208.6345973272072
60799,195.24541088072607
60802,597.9140712617815
60820,5053.88503466803
60824,4387.937453138681
60833,68093.94596157712
60854,8563.80369561099
60857,5688.475261336479
60871,2206.704709915961
60874,297.0276669084175
60916,3589.100686362089
60919,58406.19945170308
60922,21580.1295777817
60934,50876.41859225264
60935,834.6080730219358
60937,3369.089141681536
60974,31725.93211356466
60998,755.6528772166386
61007,29925.94608762667
61012,388.2934176627662
61026,287.74295023499707
61048,989.2338654652581
61051,6213.942179030918
61060,1275.4376559627985
61062,459.9904659352866
61075,58554.68764653476
61082,12689.02645790736
61091,5217.126459438941
61093,2177.763308957553
61116,183.75450636036544
61142,2616.923618346436
61154,1605.2324483344762
61158,971.6208335843147
61167,103.92266923596767
61185,506.95360350869703
61193,149095.17109596258
61199,102629.74432874552
61206,508.1177389150996
61208,17275.17623447319
61220,2118.1486724694128
61250,59044.1721557783
61287,104.30735468467005
61292,369.4882583979356
61311,278.6249923920439
61319,300.93276100531966
61335,15940.592722295754
61347,2899.339085093767
61348,86209.8962410296
61367,34026.29972040101
61390,6058.21235315446
61404,217691.71823954984
61415,3054.5617664189795
61445,2915.0263599833256
61453,87.30726630590546
61474,308.3606396646444
61490,21391.470906201535
61503,3273.3571412795905
61504,427.6849179301764
61506,1383.5140769904083
61507,53755.12970237369
61526,410.99168939928774
61528,867.3445982747567
61530,4708.422983471612
61540,10847.992098809847
61542,206.88949235840454
61548,1379.6315567417812
61556,2384.149269590179
61560,11252.34336278663
61561,285.35272348707167
61583,9694.091746668548
61594,316563.0846185474
61610,6878.738166838157
61613,291288.36013407033
61620,13598.468982339837
61681,2405.5837291346543
61689,1155.9086862089962
61700,274.3930713463216
61710,812.2739788957941
61722,1488.7027566568538
61724,291.1703926239675
61746,812.1609807278687
61749,15863.696601152487
61761,90411.54006186688
61767,1480.5502950896748
61809,17568.115519976225
61820,107540.66611891867
61868,755.9354845256922
61876,1674510.938068973
61879,738.6910468237611
61887,1094.3474365081674
61888,3150.597055386102
61899,293.5449401069802
61902,1317848.4348382105
61906,398.1459791530673
61914,288.3081750307101
61918,26214.374027705137
61923,49016.61899162532
61944,260629.11717533538
61948,141683.1545656408
61953,10124.1214140499
61984,1322.5850544165196
61993,8546.369953518491
62008,11739.071474843422
62018,9617.628264959503
62041,624.7286272364
62043,95.85842551060522
62049,586.036248886251
62051,0.0
62084,11652.93731059476
62089,4161.266373753394
62092,1510.5761742258778
62103,289.007737189474
62110,3364.4269209336544
62117,32838.3574749022
62144,3625.907759900229
62148,148430.76655311568
62159,426.5019361722128
62174,843.2734785960271
62180,408.0502276022816
62193,4134.708866394822
62195,1000.8699136593704
62197,291.84489713366196
62198,3639.226379910669
62200,6806.476281330035
62204,51787.54295156255
62209,1124.8229498825226
62222,608.3615898985278
62225,4468.556153487906
62237,5763.839283232244
62250,8593.993786157507
62281,7673.980935185602
62287,24772.652061410692
62304,788.630349489542
62306,100.00840343848931
62309,95.07537196018633
62328,4610.234565934738
62362,6715.031531432947
62369,2769.6246078458726
62380,319.3869145310489
62383,519.0251786389427
62394,749.262334633317
62403,44154.06077124922
62409,2594.825345074831
62420,50527.17589613032
62430,844.278708271798
62440,52246.467748863586
62441,145271.83139402987
62457,97.43445870446902
62471,62215.61944179903
62479,109396.25410108936
62487,85102.06027382286
62501,1576.166729394691
62504,2173.720055079184
62510,13965.706638933265
62522,1141.870947034382
62527,70117.41113909597
62534,26066.88144641911
62535,86947.26027425555
62554,206.0856799218611
62559,234014.68688217597
62571,1597.4718789472008
62572,40169.2815821627
62573,882.6833342126029
62582,129125.47757936937
62585,3427.7961050264953
62594,107.10011602459231
62602,2149.8238505627633
62606,605.7926832496274
62611,12836.963138945632
62621,210.72023495569323
62623,6804.128621436854
62633,40176.18209060571
62634,179032.32794060622
62639,5386.040435438302
62647,1703.0516867736878
62656,111.45125130961031
62670,104.36717975230098
62672,15292.825697227938
62685,224067.41243544256
62696,718.1327425387702
62708,101.75716673249589
62714,510.0922008203066
62719,99.48285544120348
62721,16190.788534719384
62722,16388.932643421005
62723,906.4900722353979
62766,1993.6373665751173
62770,5199.375998777908
62778,139123.36107287125
62787,60326.4692134779
62802,54115.4837708642
62803,627799.6895351472
62809,33135.90327462136
62810,223935.13138128177
62815,196.64044494991208
62827,24147.946933986063
62835,205.71417742793864
62853,5369.158646262331
62878,744.9603964671411
62893,9217.054082201259
62894,5019.406662555956
62911,6734.769728792287
62922,877.4058620111007
62924,51765.32743277232
62934,292.16731530761984
62936,13968.975935589862
62955,1359.221785858484
62959,3774.886219689177
62978,206.81391467653526
62982,10361.346563977591
62989,83842.20989989405
62991,18580.017125195987
62992,592.3020993556097
63015,478.791410649753
63020,3313.009325917922
63023,271.67035751609836
63031,169119.66233415127
63034,97.41030177762103
63038,8007.7613047476025
63069,196.21988994443797
63086,879.4204803179564
63087,301.38175766252937
63091,585.7821160575882
63104,1847.5334677793296
63106,106.72965896435092
63107,4643.085558303246
63113,4641.278715681462
63120,164134.4112269165
63142,52864.96474174843
63148,38207.65907683456
63156,35486.95315346326
63169,9739.021826299035
63170,988.2388320353664
63191,3681.0264159158282
63205,24645.491828111
63210,909.8876669257503
63212,25960.582840695708
63221,890.3882795383907
63238,6580.093333650259
63249,7407.841859772781
63276,294562.22579986317
63282,503.6058072468378
63314,91.6779044705891
63325,71082.88737130603
63344,19602.751865953673
63355,22704.973759753713
63361,333278.4684846871
63375,141073.1225175199
63377,99.31958048701965
63386,11281.096654913506
63388,19870.0709522284
63391,832.3567785661553
63394,12839.8857411442
63398,68295.69002721939
63408,2916.403906089461
63428,4171.6273485523625
63430,2444.482554330403
63435,23265.771943243344
63487,1364.1058859396994
63488,1212.6256324333183
63516,2901.4957790613107
63519,105.02056299199735
63524,281.831563543201
63528,2145.5288576367507
63555,148561.44541784737
63588,7862583.343631241
63594,56026.653637120624
63602,2085.388929091399
63626,4299.804685889498
63639,9737.286088079652
63643,929.7224289713921
63663,17370.670764918348
63666,1773.165911803274
63667,934.6941080656139
63669,1063.484301410775
63671,100.61854209826
63677,193.90822394405143
63739,9432.536985026369
63768,996.3166668057617
63781,5328.679455103685
63795,93.8605111908922
63802,19505.88836655791
63813,304.5116335809797
63814,623.5742292649775
63828,2557.8186197907407
63832,4649.532543157896
63841,7055783.037208444
63856,1698.103759318168
63861,20810.812050335862
63876,1416.4961441049377
63887,3005.3068834444707
63903,3226.258343954769
63904,97.71116424239159
63908,47455.94531280379
63935,71543.75245182456
63955,32113.879475459747
63964,369.75463793898086
63966,553.0365222908948
64031,72136.18808831961
64037,1877.6622131975976
64045,553.0766028053368
64059,1808.655890450735
64065,1138.0026920146327
64066,280.99184975045154
64083,877.8318056987222
64091,196.06769021954108
64107,1663.743067065968
64117,36699.76934330788
64120,1251.865337265725
64132,97.70546381128187
64135,61118.74164955204
64146,1147.9937904580606
64153,278.75531519225035
64162,1575.062815312392
64192,1727.0644483238189
64199,104.50636390419463
64214,28220.278942777906
64228,430.2819093005267
64231,31017.490478926935
64244,32650.6750993447
64249,5239.453116367546
64257,1595.489412020704
64281,2197.816172795134
64282,3008.3305965412355
64291,99.88222312509899
64317,11963.77775648052
64321,16812.772007399864
64337,502.0190857586968
64349,7952.411339047404
64352,315.21601118862765
64365,3352.595336368331
64383,924.3570259497615
64388,496.4119792674087
64438,514.1104967508892
64442,294.55131063447607
64452,78769.58189577326
64454,43605.06611956227
64457,153008.84215924403
64475,558.069096601614
64490,38354.57258811207
64496,59285.66228111367
64500,103.2116609466116
64512,198.27582210214868
64516,11146.074118528706
64517,732.0538507637207
64521,1851.4956863486009
64529,2299.4109215589356
64531,552269.8885303164
64535,10268.216076295017
64536,447762.7731293977
64591,58610.933461732326
64599,102.42728896569679
64602,52948.64927565769
64609,538.3472046567192
64617,8234.953532649082
64643,385.5822998360456
64647,284399.6776622379
64648,15761.480560996455
64653,2338.487204313844
64680,999.5583976081058
64683,594.5141779486662
64699,426.126466058119
64716,26000.72503332731
64738,3798.012398882699
64747,197.78783778325666
64776,88022.40456758844
64781,362.3938482181588
64793,541.6150379623557
64796,3841.790909117044
64802,7117.405793648413
64826,2527.2738973784535
64828,206.35774169980326
64854,205350.50941478403
64857,1744.1861828498133
64861,1283.7577428112345
64864,3506.307257939378
64869,97.52065235134214
64879,1449.5699490708855
64927,5260.563101949642
64938,732.8221372359546
64939,10112.473542365211
64945,98.97881406335347
64963,195.53770923857857
64976,182.59190299946508
64978,99.46826140656695
64984,609.2640161493813
64987,5193.510933443063
64989,399.72001913542033
64995,95.76949392211569
65001,3291.2737463662957
65024,6501.647466393238
65025,192.70414169542946
65038,753.0767232514896
65041,294.91434593338494
65070,3302.1669714470067
65074,2668.3221420813625
65076,737.093984984503
65077,104.09683451409184
65079,8531.334714529567
65084,98.50848455030287
65090,3865.0293759667907
65110,3746.7585744288026
65111,321940.32494047156
65136,0.0
65152,14225.881141136028
65158,0.0
65175,0.0
65178,0.0
65182,185749.80797613534
65183,0.0
65187,1541.373963186997
65189,2006.2983550214458
65193,1500.6858762264685
65209,2502.4582845835375
65213,4635.3268226038845
65226,181.8691223635462
65251,76625.74847035551
65254,260395.83032234234
65270,297695.7128763492
65272,1372.7476002938783
65280,354375.5927507781
65285,2171.8647589442885
65293,16017.305911739231
65304,38803.52949252531
65309,207.287674489024
65320,140578.27748892226
65325,156022.95391369393
65331,98073.00525138054
65335,101.54732583537493
65339,368771.98624203703
65343,106.36131175720547
65345,310.1056706876105
65361,47908.5547030347
65376,0.0
65383,102.0914695494561
65391,398.18872512470614
65397,66872.9622781523
65411,0.0
65433,922.4890978579539
65447,504.0876419825281
65453,188747.06445873476
65457,1557.3075462868153
65458,717.6195675490334
65463,190786.50569152567
65471,922.3073321908611
65474,24707.70075729054
65506,103.44293167492677
65509,2670.0697144908468
65523,60984.64423731325
65526,89183.1325850172
65534,525714.3998416374
65535,81381.02751482009
65547,8778.903344658196
65572,262089.37340288606
65635,0.0
65636,917.8279515557585
65642,3689.1469591458617
65654,276.70945606775024
65665,0.0
65667,0.0
65671,0.0
65683,0.0
65685,3987.738770576482
65702,2433.505810967509
65750,715.6280185703905
65757,1900.0747590867566
65795,603825.4941238445
65802,198193.8001391322
65806,91.82231865757296
65809,102.05676398331607
65815,0.0
65822,4166.363351488028
65823,0.0
65830,281542.8077505014
65833,445.10845391784113
65837,0.0
65839,1876.7743335292516
65851,0.0
65852,286.3267943501713
65859,0.0
65881,837.3782623489756
65886,17684.21593493433
65896,0.0
65904,8609.760862854055
65907,440223.64890236437
65941,101.18045116046153
65944,92.75056638091836
65966,6049.492295189637
65986,498.1375563328124
65990,13714.991181384261
65994,2486.658582131893
66022,9512.430975796544
66025,7307.666537227422
66028,1176.228759424379
66033,12459.923769303517
66063,100.55313307475262
66066,47048.15561515567
66067,514.1286203536147
66080,57495.13487650485
66104,498.6560187528932
66109,3108.995878612554
66111,0.0
66155,0.0
66159,5858.712657523367
66169,198.66786789041177
66173,3163.4362074111486
66174,16866.337086682925
66188,96.59827975339623
66192,99.02258705250985
66194,106.31244831328435
66205,508.5910262025375
66219,302.3537796136478
66221,28553.82114229089
66228,311.9744732655797
66245,1055.8198517767094
66250,260381.24006850724
66251,920.7531957132379
66256,510.8407987995298
66274,202.17954283822462
66278,97089.21318309865
66321,47742.70268158246
66346,192.47684888620063
66355,624.0186194808168
66360,72089.16096053326
66364,50582.855695498096
66371,100.38463891045701
66381,0.0
66415,12440.571146313609
66423,156342.56681949322
66424,323.58919146108485
66460,426.1510867563781
66478,474244.0232841243
66480,4363.442123421418
66512,195.95254058798523
66531,19053.328127401208
66534,995980.2524099026
66569,0.0
66585,0.0
66603,0.0
66609,46145.29088079185
66614,5391.98946081338
66622,0.0
66647,383615.183539037
66656,7274.00436911395
66660,991.673229093171
66666,6104.38222977724
66676,2596.0506556145647
66681,5053.260333117895
66711,14111.090818363775
66721,46136.97656310704
66728,1099.644496086024
66732,10714.054059876176
66754,9.414791899795091
66764,54446.6823007729
66768,238768.4629136584
66786,725.0296733901196
66812,1018.9114971249061
66820,49264.044247267666
66831,9145.524529322905
66841,0.0
66854,638317.2536424148
66879,3107.321105760505
66894,400.4331534874257
66895,270924.2909018227
66916,327706.62281133264
66918,105772.95468184008
66928,75604.36612650286
66934,980.7337027929882
66935,83747.0466065351
66942,285.3106852820247
66951,1105856.3847115783
66956,47451.383497509974
66962,4036.7065847153763
66976,4024.332070234893
66986,3202.381732333476
66996,0.0
67006,2006.186065428005
67010,5790.76774002063
67012,0.0
67016,0.0
67028,0.0
67043,0.0
67054,9870.432651622948
67062,362.8405246808605
67083,92.10996457612184
67085,102.68181346586718
67096,101.45266801584158
67101,4598.3002547852375
67106,99.39539711198277
67113,8059.485907760518
67125,7366.008463048969
67131,98.95919260550018
67139,360402.40609839704
67142,772741.1962869961
67144,315.5510230186683
67146,148611.18347167483
67152,791570.6556076395
67158,12929.730923343828
67181,2087.1855767773486
67211,17883.36260748953
67213,479.484469682902
67215,0.0
67219,0.0
67220,466440.02229766024
67225,213.0280590089416
67230,377.86695351142134
67232,0.0
67238,0.0
67242,578.2952950466168
67249,2719.0316514910132
67279,0.0
67293,2667.2914357035843
67303,0.0
67306,0.0
67318,0.0
67334,739252.5316595145
67337,559454.1950342386
67340,1013.421927169271
67343,17436.44590481604
67349,205.08833132463442
67363,96.34406968963113
67364,189.76760875909176
67381,2371.600565967486
67387,210.22846947214256
67406,190.8231895687235
67410,1469912.9294835015
67417,2218.0042513277444
67429,122.6132833613609
67453,794058.2349046445
67459,94.06363095547088
67460,35385.78844183474
67471,0.0
67506,1287.070988100228
67507,506991.9216772597
67510,5868.288700905307
67531,101383.6689881291
67532,1159626.9818169407
67539,0.0
67563,891836.5339761592
67597,99205.86445033073
67617,9607.213010011572
67624,6511.7194474125
67627,287.3767504269275
67646,431504.18036721495
67662,2936.6315265439143
67669,201.44450766975393
67670,2740.0038819821584
67678,6208.144808585494
67695,0.0
67700,176756.82653380567
67701,0.0
67704,4889.784056639374
67721,0.0
67727,0.0
67751,104404.29398255919
67784,2911.1604234751967
67795,197288.1267965315
67805,103.84024105411778
67807,198195.79438370728
67815,193522.49788124274
67822,99.4005156081485
67832,3.1465777337502763
67836,3997.960153749184
67857,94.21467797827765
67899,5814.126466664149
67918,7181.043242698036
67925,14195.937857107792
67928,343.0250186929624
67942,991641.5457074038
67943,662.5422214897904
67951,659.6350110243226
67955,5007.5401215597485
67974,2998.1088951750157
67979,3033.086798657785
67985,19250.780917483837
68021,96.87591172193785
68022,2624.7318973602573
68027,0.0
68031,0.0
68036,1007.8425691368371
68038,2638.951228661772
68047,109.04555564149759
68053,19491.98738254799
68054,0.0
68074,97.51976032191362
68091,25174.65268253373
68122,58671.11145786743
68128,105.46428593157135
68135,6386.433743378164
68136,59910.19962951858
68153,193.48775280780768
68173,410.78142918855
68176,46156.34395290046
68180,13368.662394501102
68197,183.55434733939086
68212,508.30005458812764
68221,123.83604607238648
68240,1130.1636053586712
68248,2931.6334678449953
68251,498.8779530055249
68258,143243.31955141362
68270,0.0
68287,308923.0889058269
68293,0.0
68297,0.0
68300,854.2150108655516
68314,0.0
68324,1727.8231262254606
68354,0.0
68361,930.0518349788791
68363,656.3039648483283
68368,2048.861814012487
68383,994.0959071194225
68389,563205.4049509859
68408,448059.8344898196
68413,195787.61162537313
68421,195.96971878574922
68443,3837.3287006815767
68461,1037.564545158576
68466,3067.8236710564415
68475,192097.20679764354
68486,2003.6680455613682
68496,56867.474189191096
68499,583.0221079281336
68504,1026.4631697937466
68508,877.9366281426405
68517,2920.216162551752
68525,0.0
68531,0.0
68535,0.0
68547,4472.242120888827
68560,0.0
68564,0.0
68569,0.0
68602,91166.29182744537
68604,1158.875018831578
68614,1611.6727820538172
68634,1901.1404212605617
68639,8743.796107136446
68647,256242.91112537656
68656,252732.51742252958
68661,5948.39452649489
68674,3800.9150022716285
68703,2028.4022776333215
68710,471248.188988718
68719,5018.529253090219
68728,0.0
68730,3703.965939533636
68756,0.0
68787,3727.619899737766
68792,11676.243825636528
68809,2122.0503425161432
68810,1996.4651526149905
68812,286020.7485939415
68817,7219.263897234525
68826,9865.347419081198
68833,14560.45888999631
68839,37688.126788112815
68854,2011.6042941984542
68859,203.98892173051402
68866,61042.402810498716
68875,10183.15622754882
68892,9615.678454305153
68893,1081.3899198175925
68899,3953.7958526989423
68904,874613.8956638342
68905,389128.2132422218
68915,970367.4274568715
68922,0.0
68930,1046171.8713955599
68952,0.0
68955,5144.411397156343
68962,392.1960325144363
68967,1026822.1764933281
68970,0.0
68992,458945.97395028145
69000,13073.089589960828
69011,99.81205431818054
69015,583.9916034661696
69020,10495.454134482958
69025,8243.992779517432
69028,2145.4055322764566
69033,4764.548168018806
69056,1134.8604543666806
69066,1001.0470000167477
69068,1508.4224898424618
69070,213.83695137752983
69071,691.9456829614496
69074,198.15569710498525
69081,475.87234636073936
69083,927.1963479289044
69102,108.98075235680376
69109,1160.1583976116058
69119,8818.475732660478
69132,215774.27330374205
69146,132019.48040161724
69153,967.4836101153771
69168,123364.42394645048
69184,0.0
69195,0.0
69196,492443.6613836383
69199,10487.289361580859
69211,206.41794238830465
69222,0.0
69223,0.0
69242,10747.910059814029
69248,0.0
69249,0.0
69277,548154.4200749373
69288,157937.52904490932
69294,599967.259047982
69298,97.62998673556802
69306,170386.8008365579
69324,638543.1031306582
69340,376609.37084487884
69357,1873.2251594285417
69372,3300.5517550135796
69393,273.07839770473515
69424,1987.6394157985642
69433,99.80981663450873
69443,0.0
69449,16440.734180328105
69451,0.0
69472,1076.0465309141994
69497,5027.092521665652
69498,0.0
69515,7056554.386259366
69528,2647429.022191752
69529,993.4626125827768
69532,209236.73092854512
69543,109.74541831941269
69554,2162.5606358361038
69567,2371771.8050272837
69587,421.2439710260788
69588,840.7123537262535
69592,26891.76579107035
69637,1.8597414045313594
69655,10.765475858237151
69656,0.0
69666,324.48829984684465
69678,5.739862792051722
69681,2691.6365534963966
69688,7918.751968787539
69704,9.207416674287654
69715,20.24155619891778
69719,8.940069119424058
69723,1.0288736852826719
69730,150.24597995872463
69737,1.7879107883994456
69756,24.61083593870195
69768,14.549714698482546
69773,50.280017695797426
69794,48898.92128509396
69796,212.22901623099068
69797,1.066533148233353
69800,14.410935867439939
69874,160.83452965380542
69880,5099.496164974273
69885,5758.884857612508
69886,1.855424426727579
69892,140.87271778199016
69893,4110.07629096304
69897,3294.8364622867716
69908,241.84336383752998
69916,772.9851070328361
69925,83.22697047640217
69941,3.2417446107094676
69950,308.2851523410939
69956,4699.4763804159165
69999,5.835602590356505
70000,21.342624369945113
70002,29408.155932205427
70004,19.82126981514124
70009,6.223071013495567
70012,7326.148938147339
70013,0.9526335734203136
70020,29.655514838254305
70025,4.993109684654681
70029,2.0306082317372
70038,2.734008810226055
70042,120.57788623535994
70051,15.740983843615854
70060,941.4176313079291
70071,20.96658402444422
70095,5.367158160584533
70096,6105.125462929916
70100,168.8672860891175
70105,82.36894187494406
70115,68.78348962998768
70131,0.9239064975911359
70134,7.575405391504915
70155,78.68025430089638
70164,96.062331866038
70172,40.21713888013947
70179,13.455006391626629
70184,321.04473868361185
70186,28347.974507196286
70195,3129.5220404155802
70207,59297.58971391818
70208,19.055696617392293
70219,22.91519960515424
70234,8.32776937921482
70248,4.607074237687708
70249,57.68544576379853
70258,240.279553702652
70272,5526.252865764008
70274,111423.50040132272
70286,1552.3574967445845
70295,772.2156689187628
70298,102.43702932337241
70302,70.04559990152251
70305,1453.0993359755212
70308,882.5859744142116
70315,5.650323617055704
70316,35.53803430048333
70327,90.84819567439385
70329,2857.8626817856693
70341,805.9637354981561
70347,63983.654705866
70353,1526.0599567050908
70359,323.26621284573037
70391,13.21148940438233
70393,8.554520165242542
70402,85.90593074653576
70408,3532.7975488568354
70413,47.43390894722763
70420,2.8947135180130408
70426,3651.0070654753113
70433,52.51101077877398
70449,8.705417061310083
70453,124.87043391875996
70457,1204.704711620697
70465,133084.26233814534
70472,2660.409358220605
70487,35.21421044078693
70499,988.8502642024138
70507,50.29293942803857
70514,5039.148282544002
70523,1057.8687695139945
70539,2097.204615050483
70544,250.88360562295097
70550,0.9728431979147403
70552,947.9652575110495
70559,13.232421468777513
70568,603.7376137168422
70570,562.2923454671217
70571,43.28654139036969
70574,1972.0194940696679
70577,91.3509734927161
70579,628.2474171318931
70586,755.904781824993
70617,632.1219050470337
70625,365.7918091240356
70628,17.32914436673992
70637,21.72970798915744
70640,298.2143530805574
70644,30.667344478453032
70653,2167.6377312161007
70657,5099.885732559741
70658,0.0
70662,15.98532997358583
70669,346.01850671773917
70685,482.8844242316275
70686,2377.929253772116
70711,13.189343118406262
70742,281.39747954211964
70757,1941.5192543917062
70771,7602.182662727973
70773,30.53436726608605
70796,2.0518769871254667
70798,105.70083011495417
70838,71.65160587419358
70871,16.893156273842507
70893,100.99587729035336
70894,124.91417721489283
70896,8529.16965005235
70918,6.445356584429193
70950,1392.1620502568092
70954,61.230622489650315
70966,32944.33080511
70997,127693.89205513618
71002,20130.419589948204
71005,646.7115538061486
71060,525.6021643230464
71063,44.33589359830273
71074,2.962731084568822
71086,28.709637485568877
71091,6167.748334795197
71132,964.8636013583424
71136,1.0159819995283021
71160,5347.864849496838
71174,6.888103373685818
71184,61.83252149915029
71192,19.018694702920868
71200,2462.508443857853
71224,2595.515148146991
71231,2.163307108541083
71239,5432.943874862151
71244,304.63197927337075
71252,1.9766701337094328
71256,21593.672688273768
71287,20641.648138939603
71290,0.9330925456509964
71293,3.996064508509895
71309,15.828626526233496
71315,0.9620434527128504
71324,2037.6134761656324
71360,182.40716972532724
71396,6.02736796626723
71411,197.52887381330018
71412,6.165540376324621
71426,13828.745675217804
71435,232.64475281424887
71439,38907.04951202039
71442,1376.0089835363553
71453,749.8135347142836
71472,496.9694527644645
71477,338.75209007394636
71479,2585.871425313899
71495,492.56235060826975
71500,1267.7812775587936
71502,4263.070206743991
71509,51661.043774498496
71524,1289.4745624381735
71535,15359.28860094143
71537,9555.619488999027
71538,51000.89642725751
71547,15.656477859203372
71585,510.69688977901586
71596,15797.383576237602
71597,45630.9152820551
71600,108.98171216379843
71606,54.2836422740246
71610,13232.63343533639
71618,14.698844953176803
71620,73.04224125499255
71646,77.78892503847666
71668,12.395680927038441
71670,146.90985529633124
71671,1561.855785157775
71682,135.50796735970917
71686,105.32190926645717
71693,1344.349905239616
71704,59.8527100058379
71713,658.6095673406182
71731,208.43246250527594
71746,6284.325190836833
71757,923.6782692046605
71759,2.063780765097212
71769,5573.200745662584
71771,80.06104543372237
71773,1215.2282012478445
71781,182.4928371487866
71799,75.57010053750442
71803,89.95471263890025
71816,21.739604646997066
71852,28.68430357973729
71866,115.96756772295166
71880,5238.169964986979
71882,192.4812169910425
71909,32.713469203807016
71914,63228.26326827022
71927,10143.024532089781
71931,54269.27140200966
71942,36945.948459832005
71943,4227.9834491459005
71979,7.291118145197101
71984,2479.360585476346
72011,29546.633965609355
72016,13.216268373116073
72022,142.2327263179199
72032,62557.0889294341
72035,2.085368112181348
72073,39448.81424145428
72077,0.9689317810568608
72090,3979.8545044030534
72091,1.8844225992530652
72099,32921.79261163356
72107,164.42059548314427
72122,0.0
72129,87.94856856378053
72141,101261.61005233752
72147,29.17384676557836
72149,199.6191111569377
72163,12.802299896279013
72178,94.11714975494313
72183,0.10282297102982751
72184,6741.414219087466
72217,66.58618567079792
72223,130.9002969286297
72224,32.118747996355545
72234,10356.32921792824
72236,40.54344500692888
72238,161.93972465787988
72243,33.01460473846921
72244,61264.477453552325
72258,364.7880359029023
72275,318.6262758901829
72276,10.393040090674617
72278,8.311430508788897
72285,100.3038356463956
72288,294.9346851206994
72294,2132.586318125712
72304,18704.31039732724
72308,36976.48344225793
72310,76.43016349527184
72312,24543.828139904846
72317,350.36607363933587
72331,1771.312458302946
72341,198.63476968297158
72348,1300.6840746057046
72369,37.90219815387383
72374,1209.5728959676337
72379,26103.20875147675
72380,8.08375439607883
72390,40973.72136462079
72393,40.462545810791
72399,13.999042451543664
72402,20.283915255826948
72403,1186.4673817647565
72404,5040.964738983173
72411,12.174301428538712
72414,575.1563098262351
72435,187.8769985824292
72437,116.02297987657307
72445,38.22291646314659
72461,2.4740827554120375
72468,4604.729713494386
72469,739.2960655315808
72473,28111.264816458995
72477,1789.135190428776
72481,5.236292682030217
72492,711.0668567804236
72503,114.1910442115915
72508,160.65559054533065
72512,2812.031699268646
72513,2363.308317825523
72519,1033.016391328533
72522,1.2660787570770353
72531,577.2306325838141
72545,310.30927601272384
72558,47.93089856171087
72565,324.8811242776076
72567,7505.289919347607
72572,149.614908934296
72577,121.8081251683252
72588,2229.3936376006313
72596,36.778073191331266
72600,219.09967881874826
72605,209048.90187118726
72607,0.0
72638,4564.4228913790475
72661,197.54177970861159
72662,177693.6155486589
72679,2638.7194040025292
72697,520.3288353208945
72703,0.0
72706,5.597428064089018
72727,1179.147945513849
72728,557.014388843655
72729,26041.416933997734
72731,77333.47347503653
72743,4.656234690220088
72760,34120.727315395045
72761,59271.13811668527
72763,1167.6206144608686
72775,2.0409773811674645
72793,0.9587488123237452
72798,0.09776052150347232
72832,2.108212526229742
72836,3.20032137931074
72852,2.9587680840562456
72853,25.68672889847093
72866,305.02073300822184
72881,67.93690808449911
72885,84899.2029464055
72888,13.257940830396464
72889,27380.87963960854
72898,3.701195818300428
72900,0.8962563606746123
72918,723.1099675732138
72922,8.930161915868798
72949,1018.1943960466491
72985,17915.409308222443
72986,57546.270098913614
72989,23437.110796121757
72990,23314.639761390103
72992,62.83231960024411
72996,19920.452283719005
73021,5.258796197568511
73026,2699.7369703087743
73032,2725.691415861744
73065,969.115113551354
73076,56.94957610098744
73080,4957.802257172788
73148,85.24373595343577
73156,352.41709475104307
73171,34558.40206773844
73185,16.719946776715695
73202,71.34691152465419
73222,2274.4171833305345
73238,68.15217006334291
73255,19.35175129756267
73256,1.0808276501746104
73257,4.219143874734163
73263,130953.22467180692
73285,12.179014366209717
73298,5.357488360843179
73310,12.470095108493934
73315,0.9046010112531078
73316,4.148723225490285
73318,98.63829860926685
73331,101188.65850762825
73342,105.30740164342077
73353,57.5429677694744
73387,1380.9567108959982
73401,0.9741816928713631
73426,6.448660042329576
73427,3.2800225075354383
73435,147.344948393596
73452,3195.117948683103
73461,2109.101531697407
73467,29950.10607977856
73469,2.0425003696528448
73489,24184.64412423725
73497,0.0
73500,6097.511058063411
73508,36.400206988039585
73519,1741.87990263632
73529,9.691570754586037
73534,7.20305828241143
73556,1596.4497145848359
73568,90429.65206109405
73578,1.08163614771047
73587,322.9838862142108
73595,0.9270361864741304
73596,93.52221818727546
73605,867.8643297438485
73616,10.12038053194803
73623,6.937575022434352
73627,1489.1671859564535
73628,9.00435091366858
73638,3.1042140937376095
73647,33.55762978562842
73648,1.085194091477305
73650,105053.76873962984
73658,53120.161797923494
73681,24.91197333957736
73683,9995.96807020286
73686,0.649387093671186
73696,521.3450087356413
73701,38215.95127412969
73702,894.9071474374064
73746,49.91986110368957
73755,78.31173382379487
73761,16347.624775853656
73774,34562.88891896371
73785,3821.0936336201294
73799,1813.714724559058
73808,20667.24321821657
73830,5013.096186773758
73844,221.9563575495592
73858,10407.35496097557
73866,0.6758674172588335
73867,9428.452084699145
73877,3474.378819396984
73904,146.8833567941053
73930,743.983110180119
73954,10766.592833860495
73962,1.8211843333958955
73965,524.166245131948
73980,93342.91045642682
74013,96494.69811204572
74022,7858.767810116526
74029,334.1006317608504
74030,6797.658603094862
74041,5069.7305606658165
74048,1320.7475636740837
74054,12185.674740534743
74062,893.5603056282462
74081,373.1908473995601
74088,16.928767171274835
74102,257.40203662289997
74103,1129.3159001410668
74112,65.2244332846594
74117,6030.348162426397
74122,1067.8697543650512
74126,24939.535712963123
74144,9024.07363992076
74148,916.5502752806991
74151,64367.87903254494
74163,1867.4677464902677
74165,645.5908986802046
74179,7020.662910514736
74182,1820.2519547776797
74183,1125.2337678247561
74186,5501.090508483947
74190,7902.417200617189
74193,105.09263997433897
74203,3876.744532333992
74217,3761.0710914560023
74223,12341.664386364786
74264,1228.390305146677
74285,7431.087398402933
74287,53933.93090485953
74294,19575.50981175737
74317,2716.6745653315884
74319,25.82636002950756
74343,2719.69272236795
74346,5438.180399726752
74351,620.5287243187257
74363,1462.1679712081982
74385,1431.7792312422596
74393,36196.6372142332
74428,1181.0379244245012
74459,1833.6627911908463
74469,2624.2116936743623
74473,246.75398441690507
74504,7500.796677939198
74505,1243.1423654822765
74508,892.184509376961
74510,1178.4133969391457
74535,864.1133334246042
74558,3.0772122722291986
74559,1265.6491373829829
74560,2646.967276402544
74577,48393.5516819397
74581,5939.577288179735
74582,252.8097936743301
74614,1711.3793078479418
74631,818.310248821418
74641,10286.605013629041
74657,4608.058119536448
74665,453.4773443945151
74685,3228.5681228546578
74707,1760.814344007351
74716,3352.351922452911
74723,1005.9765718502395
74735,484.08851923497605
74742,30289.309055430203
74756,3721.7395742869
74757,19386.064530147396
74773,137321.96220538043
74774,3970.3940205029785
74788,12688.068392630874
74789,120.39444887175658
74798,471.5999232204913
74805,796.2444027485037
74812,505.9855640490416
74814,24477.42624990652
74818,299.87235543055135
74824,5413.7623229898745
74827,1123.1130609356717
74854,613.998461364628
74862,99.72542591959915
74864,1228.9525468830752
74874,1253.740189745556
74910,854.4326198869155
74924,4426.359183068051
74927,59.57671103657533
74934,72.47245783220492
74941,116.49628397732387
74947,169.58024733181279
74956,78692.08956222108
74960,104.2278372736694
74978,32.03135782281486
74987,45.92468832267147
74996,23665.535831464826
75005,13333.692752652965
75020,2649.2485212647207
75022,890.0305156304795
75032,107880.45355930786
75036,3435.531327786633
75086,50944.682971084025
75087,87.8304993529978
75095,13603.623550890974
75099,22.223137848105495
75100,32679.85499533043
75125,2596.3382445134557
75133,18.371186298767924
75138,569.8254004339298
75143,1037.2498638155025
75147,1968.3285722664446
75159,11375.420564365355
75196,8130.512893358612
75201,9063.924622108003
75206,46.82012283990494
75212,3901.374379352909
75219,9.77619858841113
75221,26307.971173751976
75237,26391.916386585162
75239,74.77588738767453
75240,4.660832666489215
75251,128021.29735636295
75252,229.49673588190825
75256,177.26432843487157
75259,5322.719117136791
75261,10748.199630508057
75272,5460.377228814051
75282,2410.216835650856
75283,1007.1423070867537
75285,549.1956175120364
75289,142412.44810887557
75292,39774.250024822846
75310,1274.6789083078388
75311,56780.39426332732
75324,156.65185213083336
75326,156.8801860484687
75346,135059.7758986116
75353,6470.766204320429
75376,703.7104858780265
75401,1304.4600018077745
75408,16305.847751724199
75419,157.3399497169677
75428,1616.5386804534267
75434,2361.9558852280265
75443,3036.6201761410807
75452,17218.239439283236
75467,10.24030003947795
75469,477.5875081978022
75475,13509.828342121064
75485,1.0604171591198737
75487,120.64705831407096
75491,6852630.762570426
75494,23581.27091737265
75498,121.13538894849252
75503,254470.94357751342
75505,24.927178594734997
75506,135558.83731037643
75513,1.0321596842634777
75518,26148.930191164593
75529,357.48965858609824
75547,295.0661325906795
75548,2695.2639945231863
75571,73350.89332479345
75573,141.2201000919095
75575,12626.62073392917
75577,444.75262179789826
75584,2.7631396272348114
75616,65945.33241324629
75637,1785.709353668617
75642,5101.279147493256
75663,18104.096944529967
75665,348.57128001436286
75684,86.26637329041989
75691,71.4941788923125
75701,98256.78292219718
75710,298.4008779643506
75718,6306.57050308593
75719,9951372.958262065
75727,2084.80077188568
75746,3684.4271709509853
75754,2333.6878161650748
75759,3212.6606776928847
75774,271889.48648659367
75782,521.3329984015
75784,151.20463342534856
75805,149239.56297041374
75817,3958.596965991609
75819,39098.94056627415
75842,18.107959709779774
75851,1300.1328529695772
75855,751.9160998125973
75856,14181.232535318914
75867,30.384988221984614
75872,26.177079342286522
75873,234.16866995841403
75874,583.8608837950787
75912,62.484325292530656
75927,82125.5597294875
75931,62.84380389986172
75937,108.29970547365568
75971,7.075406906220885
75972,1940.382732053174
75975,261.30894050363594
75980,10569.246311754374
75995,2298.148255360567
75997,24135.04211641335
76009,120.15435859499803
76022,1552.7585280210142
76026,7716.173926692656
76030,37576.54668189908
76041,72.14241312067519
76050,1151.1631091082977
76065,50575.73957971293
76070,19.833442402687293
76071,26937.346792908367
76077,3102.4370992014656
76079,3977.4041748158393
76092,16.059214890920526
76102,518.1587468093963
76107,10.58504203091669
76113,167119.61246954906
76142,25.318953678097984
76178,8462.30032012507
76179,0.954017184135754
76181,9.599022515073987
76184,33.72689679203209
76186,268.30751886059915
76198,421.39497925433204
76209,8642.588473370997
76225,81347.81023489268
76229,2.9925749095047776
76256,2172.1141848978446
76265,204.86550641654864
76285,458.5440429502298
76290,25705.59893540135
76310,12.230372518687865
76318,239.17034070047237
76389,127.19488918205148
76402,41.16416762949942
76411,234.63337657258032
76416,148.41564296275286
76433,8.27478832426664
76441,77.82481858043758
76446,238.4877110575811
76465,154.80337512379288
76466,860.3265482258969
76471,1.0662399469040247
76479,4.06607549808144
76494,19.801981187672105
76504,21585.954981202005
76514,56797.171465418774
76516,66410.01728423072
76526,38291.03032942479
76528,6244.672514015683
76547,59481.03609680595
76581,68785.44470242936
76587,152.26168529983133
76588,2131.0706488773963
76589,1507.9871160542343
76614,55.59128405844346
76627,77486.53859707263
76629,63752.10985202267
76633,104.57668353166316
76652,2985.1255807193184
76657,31333.53106263649
76671,260.3310119512888
76672,50437.37414736801
76676,127888.25769324266
76682,56303.20937830332
76690,83889.28279339509
76719,122499.0790181491
76732,3992.243585461199
76744,4223.1274058011595
76767,17976.31181291809
76815,9065.089679363731
76835,2340.8077384914195
76837,109780.6940958972
76854,55636.78327092244
76886,695.6673839865487
76898,32.780872239555755
76899,3690.820141590842
76910,373.0434173221364
76913,479.98797820368657
76920,674.6975869348402
76923,19140.77769410526
76931,4431.466910159575
76934,2688.4258041931917
76937,987.7741163272665
76952,230.97091990439574
76962,2740.9658593274467
76979,1597.7920477160558
76983,215.1392979351534
76992,53696.942328564495
77001,103031.83384169408
77002,10.008747888639544
77023,9288487.087324575
77026,15527.639683037707
77034,310956.9025722033
77051,509.8860146142374
77053,27.365111086390403
77064,154.48364115175372
77069,368.58945788072685
77079,6413.54668424416
77112,2902.265001742887
77114,57940.723218589505
77132,4658.904823182036
77133,1816.2787503317252
77135,311.20787477513005
77154,7429.616954588942
77165,44.269623843594324
77192,5857.790850712725
77194,6245.174123093133
77205,46863.990458593704
77216,734.217830427966
77217,163.62643591773872
77218,1337.639361178515
77225,31.429912663413756
77226,4326.9940740709535
77232,7434.934779828225
77235,126.6307102024163
77237,197.57107646510954
77240,510.87274815645117
77244,3051.1587036859582
77251,1158.0344484889279
77259,27017.754724001366
77283,46.990761932842915
77303,1665.0997279151343
77308,15800.58878067766
77312,466.5619025561316
77314,342.5150500905958
77317,1164.2489753553764
77326,3.0562244726853254
77340,118434.97982921278
77341,17.971228049583587
77346,1376.8334403693855
77350,989.1539938234517
77374,2228.4980485831074
77375,6327.6907208353205
77377,94971.88625165427
77391,177679.55800992766
77394,71392.90604866859
77399,1388.7966689580974
77404,109404.87577530125
77410,2094.2804331432585
77411,4833.973410539812
77423,61.821209930988566
77425,1254.4480676109063
77431,16321532.18131142
77440,77687.18051398685
77442,135340.39592918297
77450,40.089345593044506
77469,211.79602806585376
77487,25099.02221375058
77490,2046.413155701885
77516,5265.7515240680805
77543,35609.28263045081
77548,4170.587877789473
77553,3488.9045064103893
77574,12.607235675136058
77587,5220.196548785227
77596,2601.107997943614
77605,415.9072654468512
77609,179390.11004161247
77630,794.1654142254285
77647,44468.053703177706
77648,123894.83402354688
77693,797.1770094534724
77700,1838.1657163380562
77702,148.08626594963286
77737,2224.3477985163872
77747,1612.4947212180355
77759,12.423595752122429
77793,69383.18342760441
77805,5842.27194967648
77826,5075.087181281478
77828,39413.956941768585
77862,36822.67095955611
77871,710.6943848026136
77891,193.1562962675219
77893,6818.751293810553
77894,85.74815532218709
77897,488.2802333787943
77909,3092.390644926397
77921,24.276814607687168
77981,12.776030444467285
77988,54.73560965542989
78005,254259.24812187869
78027,7531.870695211637
78032,4.0831424309087865
78056,329.98523351801197
78058,12295.279403995499
78069,17770.66118923924
78073,653.1349541641005
78080,33.235486703782634
78083,1142.3823939140252
78094,418.66839971899515
78096,1547.614146772229
78107,69.50019916889494
78119,188279.46726828298
78128,3404.045567206619
78130,7415.167274079804
78162,10.814288433927139
78169,35292.63209656626
78171,17220.770885980077
78174,105.11506902730618
78203,6361.806505975781
78209,2343.4286935097603
78218,425.09442759578485
78228,22377.96790188962
78231,1.0237604902979625
78261,2257.423825472508
78272,125.77377508676516
78279,34.616125239559835
78282,58.089374724501134
78297,3743.7884421200015
78324,1887.676346736213
78337,923.6537068064501
78342,17.722829833531385
78364,330.16548682851067
78380,363.2894077965101
78395,54.776849778890266
78403,869.9006526905092
78408,2.9297784930381328
78415,50.29052315587347
78426,8.10513747837108
78428,54.58963226116261
78435,690.6954962374937
78442,683.3896363744626
78450,13.291109421869235
78472,926.866576474056
78484,4357.239610888189
78485,2.9274278242890692
78487,5.174879775220091
78500,340.9010304664291
78501,7773.163126862313
78504,6920.144476751835
78506,561.0375696689429
78509,4489.422473099224
78517,316.49191877786006
78520,763.3072190093199
78537,15.0992466203556
78546,8604.547159188225
78560,529.7770225050065
78572,2.0698289119131137
78603,707.4228394267487
78605,428.9935575671332
78606,88602.83271877527
78607,7195.125268667216
78614,184.09726093051916
78620,191.6796332742373
78624,166.1178905381889
78637,40.34171895299966
78645,30.669815596194248
78649,5.0483041002808875
78652,44.26167478781889
78657,3.892957415100463
78662,318.22774107125974
78669,113.54727041884378
78675,191.13443723506833
78692,83.92034587719954
78709,168.1135511563752
78714,4895.8266157932985
78717,8.220211377212982
78719,14.546103942529097
78738,78.90772691429939
78744,2014.0355741517412
78745,377.99338434726457
78749,3.0444776469903028
78769,8.05404309790743
78772,204.96842516076606
78780,261.78129107150096
78782,365.16504870724975
78786,42.14386809562829
78797,1281.1406471666285
78800,94.19935000826405
78803,212.3702763566904
78807,8516.71142118599
78820,6.5846673775405415
78821,101.22212782159056
78828,39.73339943493791
78830,25.225677050456326
78849,6152.605525751341
78850,4.209692961274668
78879,215.94165640567732
78882,118.67776162387098
78895,1.9615364416705097
78907,228.4303490176744
78921,11.134844140635922
78923,2.1652713962000125
78935,46.75433338441982
78944,2.8670832031815925
78948,2.0415596641165195
78950,32.85940161178421
78979,6.092913151456857
78980,129.38764247541675
78986,11443.755929583542
79009,38.1357777119763
79011,128.7948156921556
79033,1948.628893385485
79036,82.82145918451387
79045,147.87299823909729
79072,162.62029160003314
79090,484.1242809752104
79098,570.4574900875994
79109,140.8568017576782
79110,1214.0999190815312
79118,1.0342600212404602
79122,9470.6142113195
79128,70.10402551535181
79147,81.56752706130113
79148,9106.296228887422
79157,64.26956641286691
79167,652.3434736834919
79186,5637.984580661545
79209,1227.3563697285463
79213,192.05773121821963
79214,1017.0309451041988
79220,764.4074548410833
79231,14.393815713572506
79251,16251.195050119226
79289,17672.341637028734
79291,4315.806694519547
79297,117.76844954314628
79303,2484.891766438125
79325,2893.880374446513
79339,717.2013861116519
79358,35256.06368323177
79362,30.552735462209736
79364,389.02864326643794
79372,19604.059516684876
79375,28212.77796809704
79378,112.39640258654654
79385,47.47605644189879
79386,3620.1627101782706
79392,115.67874470135501
79407,528.8586102828951
79410,13.085327035730833
79414,16222.047510511866
79428,2846.626886345112
79433,2127.1986529870833
79441,1999969.916937889
79447,94388.7250593707
79448,1000.122415674211
79456,17387.748280234584
79478,24.611919790524727
79489,4563.675766028264
79515,8830.883980028748
79516,111.07320081049573
79552,27279.063330497764
79575,4213.236286771625
79609,66.91817922232089
79617,142.4446661416414
79625,237.19928993222103
79626,457.53499366758535
79635,206.30870825766232
79648,26923.044549000875
79667,309.97197608535726
79674,24.572682709419947
79684,7.847562707320659
79692,48.47705763079869
79694,1228.6031612928614
79710,81.39154486512155
79720,99.59236280919802
79727,7.210448084310451
79748,10115.353177150742
79757,20.230142791472677
79758,85.84276491066625
79761,25.85322226072013
79788,6276.39413991735
79789,37.744031929780924
79795,143.10409409737412
79799,2627.588239917175
79813,2325.1708564983273
79820,525.3319759388247
79832,13045.858723729567
79842,94.19876964563471
79845,4419.3981740919035
79847,263710.70594389056
79864,75586.42639918823
79879,570.9828144302161
79888,2640.175002547898
79906,4444.9511609007295
79915,1415.1406133727521
79919,5370.023762054643
79922,225959.44685839783
79930,217.86476532547604
79932,896.5611966710916
79937,187.11581819409176
79949,64.27886375704409
79952,252.46947254522976
79972,30.12500897556179
80009,38.74336344898081
80036,6020.197651399887
80058,8443.274932570179
80081,39045.049852166405
80086,191863.0722459865
80096,2173.1258714068176
80098,721.3761546762083
80101,7.763431780201371
80102,5303.223403518966
80114,1290.5477915455251
80119,7.329967883332429
80121,56196.46081197341
80129,3275.4917018137653
80131,36035.68983640375
80134,40921.843314930935
80145,75703.16047981968
80158,12.422904063781793
80163,69599.31450676982
80169,24530.222954786423
80178,42797.36546232772
80179,984.2924502097327
80183,1473252.9299465881
80189,915.1608640515291
80195,24.859602985402287
80209,23137.9337943785
80211,4523.455251047617
80221,12740.316777511387
80229,1100.918563931659
80232,45.41575647329137
80239,464.79403129234254
80257,6485.67480275507
80259,69951.23423444713
80260,3612.643955055909
80261,91.92801928411397
80267,107885.59986377652
80270,24402.559127260814
80283,7049.999647812526
80288,97413.01004566577
80301,11856.358627956719
80306,1977.723253353153
80308,57.381001089208425
80312,4.003911335483161
80314,165.2615014931047
80320,72.7460770391112
80334,102238.61074136033
80335,520.4450518423678
80345,65349.57790396969
80349,3151346.003245129
80357,505.458649326753
80361,51809.655907869215
80364,24.672920245872714
80371,265481.315245616
80374,22778.082724940996
80377,46321.66944215275
80384,893.4474567141249
80396,1117.6934724375683
80400,78747.04236774046
80415,9.084883060065359
80416,919.1900110890248
80419,305.5150114716116
80423,13843.956766997664
80433,34473.26642560302
80443,157.15752795196326
80452,22646.633122582894
80465,764.1767303289863
80494,3871.300718548169
80498,56.00538877336127
80506,67.43776073814708
80514,505.3487605771842
80527,539.6785511283504
80530,1685.3516428693445
80531,104.65427407075265
80540,26.008945272926773
80553,545.0416541468237
80558,15621.903113324452
80569,2438.1971353186323
80582,185.69469896414992
80587,9.24046841746302
80588,204.18387753319058
80604,15104.969356379856
80618,100.99787482629509
80626,305.09332301901156
80630,48.82152980908121
80636,197.9573741384112
80640,18440.068429177256
80645,269.4500283898889
80651,3658.593508034772
80659,21.399923765001628
80671,8.009344986703875
80678,198.75955254271358
80687,17643.759054769536
80698,1002.755371145773
80705,352.1164938821429
80707,26118.316179732414
80710,2210.5378951817906
80712,26586.43437785605
80752,15271.645034289506
80787,0.9896697021664377
80793,87.37240866161137
80798,878.0975924140528
80805,246.72075218177565
80829,1183.1825088414055
80836,180.82759970638944
80838,45856.09575922692
80852,6834.307157476369
80853,13273.349494507147
80887,31.10414566152509
80888,20136.47699210459
80916,48.458547904208324
80921,1123.7498937677983
80929,1969.0438050891198
80934,119304.31604729753
80936,55912.101261945805
80944,1253.2346855416563
80960,0.9781964761871402
80964,2085.9114913270932
81000,540.4883386838085
81021,7821.876802734319
81025,50.004002195349535
81079,1944.5078095451834
81112,807.0582985924475
81130,27.53693749293812
81139,49.04315985485664
81140,77.7994458871265
81143,734.4953455905771
81144,444.5405375634398
81147,2512.610642854415
81177,1410.6949002983574
81201,44.53553228300028
81202,89882.43776917228
81205,106.86705924628008
81222,12230.715571039995
81224,1816.6535907799885
81240,537.195412065071
81256,154.04729235939504
81269,165.92089336201408
81276,2080.9049850495107
81277,23912.81298041068
81280,23.82452205259571
81328,73.67305018167495
81366,11.982275828954245
81367,2930.636690756518
81378,172.28209710406247
81379,1879.2494961173861
81383,24.75797044010143
81388,6646.81627072091
81394,1236.5092141038901
81398,14414.075450348977
81428,10390.305897619284
81437,623.1842235947416
81439,4417.270787374554
81454,3207.2598010406596
81456,1453.3835507632584
81466,380.48360691361364
81474,3398.6372856965004
81479,39.754169216993354
81492,169.67001791215142
81501,1272.666411184545
81531,84.96553209874095
81534,25920.25256307822
81537,103.92926097515051
81544,210.65976877667413
81546,779.2261289069122
81563,622.9639694339074
81568,3543.7295593415997
81598,1843.7630850551075
81599,46.73147391657777
81601,875.0864955763735
81603,9055.081074775886
81605,1093.347327558839
81611,71597.3692701221
81616,624.8947101717094
81619,894.5836449440087
81637,80.85071689520333
81648,162661.7576000764
81660,18.522899144707647
81666,928.5710102445755
81670,1610.6305019254248
81671,274.16843419542
81672,452.4529294196554
81674,596.155693597832
81678,108982.81008131825
81688,76.05478521429218
81692,223.7997191583798
81696,752.7056484392957
81708,1762.0151169561657
81726,12.742537575278606
81728,165.581728761139
81745,215.9550618013886
81755,1157.0779638179943
81776,11.177182655988453
81780,1072.307089254716
81801,440.3570123211081
81802,243.54215076844693
81816,71.90729963199557
81828,950.3070894739704
81835,1403.7798103203388
81836,6921.305932481217
81838,3863.653531930612
81860,1.0229890673324242
81874,3281.355289901199
81889,407.2260726162412
81892,1533.2282039749925
81897,1226.7414530227634
81901,588.608575741376
81917,3.002818836296177
81919,6280.9312228410945
81935,1082.1069876998397
81939,488.94068106420474
81944,2809.2039265287676
81945,5144.9795315012925
81958,2758.383885361834
81962,63.049395569570365
81973,168.8806382489391
81985,6050.862471473066
81995,19814.368679717943
82002,10.78610408146216
82012,108.45068274694226
82021,10458.200444817921
82024,2191.5416781333033
82026,72914.14869920196
82027,125.72236867818759
82036,507.5580971781673
82040,2041.8274406323706
82047,101973.24360788711
82049,1359.5543117326135
82057,17.89174211000633
82071,1862.5953139696987
82072,9806.967937622412
82100,2843.367005111113
82115,114588.29617307807
82116,3134.738330076614
82118,145.27909150165638
82137,19531.816529787076
82139,13470.755486341994
82140,96640.16623036197
82144,45.72924677026833
82151,95.42793552643259
82181,2482.3900912516187
82192,5714.671780650809
82196,346.35149238403864
82209,120637.76325201703
82227,3488.0388869880935
82238,117634.57226354103
82245,5969.1930153201265
82246,255.5948176926949
82251,246.89702053520446
82257,29.838360003815662
82258,210.4803907857147
82262,3700.9266857720513
82268,64728.98779340027
82298,3780.9367752157673
82313,1009.0070965133915
82331,1152.1415577242797
82334,245.23166135390753
82343,793.1578432478477
82356,15.124301453135713
82357,39.599056998090994
82397,1.057523059100777
82411,16336.275635322041
82422,2247.820141456459
82433,2971.9781914620485
82436,28.917373304567903
82473,14220.357520536543
82480,106.11712895748593
82488,17.226538718225807
82499,78134.60027962805
82515,575.027448859419
82517,530.4047257183794
82534,50.40991390097531
82547,7632.126130364336
82557,1521.0328315286754
82558,1666.9344494019979
82574,241.50674124061428
82587,124062.85450791488
82604,1125.4464798965703
82606,756.3706647780731
82617,524.0120727357682
82628,207.50526586725192
82632,2096.2068536189327
82636,3418.0116574026392
82685,2994.047908544424
82687,11216.032930673127
82693,1224.1694296139026
82695,67842.76108733656
82698,2334.0058342795323
82713,503.8553389474231
82720,49848.51355997369
82722,9878.147137029073
82734,1382.9422936275344
82735,962.6002395578981
82756,189318.01862230047
82766,375.6764177738972
82776,356.15105679164935
82787,2977.820518315724
82810,222.7988906134357
82839,150.4800518984209
82840,4648.797722342746
82844,163.03789910985745
82857,5.907962197894088
82863,26268.436913515427
82870,36053.65117078044
82876,15.432608434815153
82878,2919.7647604038752
82880,3263.4245704874284
82884,4228.603499650351
82889,791.3808016086763
82929,9411.364301897056
82941,2648.2843935960545
82954,1873.4323761155013
82974,12336.82054592607
82984,147.66302471188024
82987,588.3381363968739
82995,263.6195940842561
83014,8283.899524904415
83038,18669.512048112065
83045,813.8175848611803
83070,4085.214680399555
83073,14839.787632418796
83074,1289.6401085594084
83103,41289.7736900116
83109,85640.97566527975
83113,35888.272828356676
83140,580.7330756493301
83143,454.72788832353115
83153,590.4314993844982
83162,18.920437622123554
83163,57279.74671935885
83172,2057.79260565842
83191,2077.4511303892
83202,1564.3468727134534
83206,87595.91240700117
83207,1352.0261285911813
83208,4507.19906519903
83209,195828.65591912865
83229,31554.872328688594
83232,1069.9763021676877
83239,328.8182469942159
83241,1820.6104417763595
83249,23.475640174719043
83258,1606.0761898159979
83263,199188.370425582
83289,965.9712398803791
83292,2901.582264722561
83310,73067.59214449201
83337,166.6126496208414
83363,2152.449015334619
83368,3893.717420395565
83377,56471.91749193834
83382,63232.18579865942
83391,50364.14934002562
83395,235194.9947629
83409,18807.280217583862
83419,65876.44068536119
83439,270.12376417750784
83441,201.41294148210451
83444,673.6646638556939
83453,5334.731297203853
83459,40.465326724706784
83468,4648.651770725863
83479,107.48149282438976
83488,535.2303039166893
83489,3780.2511096798708
83511,1335.247230860072
83513,491.4396647083209
83517,106.74375897500553
83528,11.789891236969748
83540,35.90376393304917
83541,199.9124518798539
83557,333.48478814822926
83561,142.95465485339037
83565,45669.031612977895
83582,260.24484264066217
83589,12.238778225646104
83591,382959.5300103681
83601,51.68741981642015
83605,56.19255845823225
83617,31325.48376569348
83631,1221.1333217665644
83659,28557.91399387592
83663,4517.175456050752
83669,31069.28706505862
83677,35283.89912005319
83687,21006.956190480305
83689,7389.974096499938
83698,4611.359784007059
83700,624.7147304684147
83705,5.194095014261366
83718,301473.3863348865
83726,3310.033709505182
83731,5943.881925531199
83733,779.3498246714508
83751,2586.4732488037166
83757,666.3483251904115
83764,72410.30904359357
83773,4084.620999441264
83775,902.4003908132385
83779,174.07414924199398
83788,1906.481262146709
83808,62.49731320698285
83816,963.0250185932833
83824,1223.1406237384033
83836,155.51459697195233
83851,4886.113371838658
83853,225.51472901209883
83855,123.3624241892644
83866,747.7692546675033
83877,275.3078935055898
83879,20.096738909964166
83887,27456.49048096493
83916,205.66543085547653
83926,39986.16383708793
83939,141.07689040640935
83949,360.1794195325272
83964,381.51821443026637
83972,189.88591721292175
83988,397.0595242249733
84006,21538.532211553083
84009,546918.955588837
84016,14.07028449174323
84037,150.76528911628708
84070,595677.2277047938
84077,6863.50179235892
84118,466287.61322571995
84122,32.49089223529594
84139,1.06255441443923
84147,3114.4309807906593
84165,60857.518242966384
84171,3274.1411100720934
84172,566.8155598421864
84177,40182.92160875747
84183,127.65883105807276
84192,344.6967195276441
84197,494.8844046640427
84205,633.0322904287176
84210,22012.23588913217
84212,17.832584672461202
84220,657.6243970137193
84223,16543.830583475934
84234,1666.6655457862423
84256,99.70942684495728
84257,208613.2196425829
84263,92787.80629132291
84268,1055.38013209059
84269,6918.301036958682
84294,1555.4815147254897
84299,11.885077695277607
84317,5.367368180317357
84327,60252.83714142573
84328,127.31489167788898
84333,484937.702314769
84348,424.54971509269154
84364,495.62599244364554
84368,26.854639190427548
84378,12.063976169659195
84382,4216.435330206678
84387,1614.1057812392353
84391,524282.526294628
84401,170.08472149001727
84417,1055.3786871453697
84424,663.3471060655419
84435,250.94677318313393
84442,1162.990341353919
84444,1049.2656283786935
84446,656089.2721922578
84452,14477.06624681673
84455,78.70380245662362
84458,14.867243165275793
84466,9.833620050924786
84472,1975.513092228034
84518,4925.847686471721
84535,1554.4183060339847
84537,1748.3904991318898
84544,1.879731537111087
84547,4967.96861296148
84558,1173.1437027570557
84586,146.55503244179894
84590,5765.282039312794
84601,7453.038186115716
84605,51.319100504121565
84610,1476.8918572013204
84617,22707.698949406247
84625,153.09992089569772
84627,113.9306912400146
84632,13871.41810459096
84633,1361.4037432349542
84653,142581.40753892687
84654,329189.84653014847
84669,53858.25966878329
84675,20367.274855438594
84678,27721.09038143131
84686,0.9991038391317922
84691,1957.0356812826194
84709,58.98694844744111
84717,416.5055983553322
84750,7503.4785485604125
84754,147.41659287131355
84762,189.91247190766921
84777,592.8881348535851
84786,2275.340374232802
84789,5.057272706037375
84795,6247.485967508447
84799,336.28552271290505
84804,12206.663009952512
84809,934.4049603852218
84827,35.27033819150482
84830,4039.316533627801
84837,1098.3819475637017
84847,129.37649924187025
84856,350.892448714459
84869,1913.9243832012455
84907,9444.004411580341
84912,32.649494837763704
84928,6701.550235990544
84943,23244.805852595655
84945,868.334774705382
84963,13130.966541948932
84964,83320.28241782726
85019,177.6543991339455
85043,35639.98220720005
85056,1349.684115498643
85063,5318.823876472662
85065,6937.44459730496
85077,14.294362773327066
85111,47074.116013192135
85131,44295.71887815343
85136,6900.747847508894
85139,112.87207542152811
85167,6534.262141174026
85181,22.217164527512935
85188,10882.716495070998
85195,7040.457241136746
85213,365.14158666155777
85216,150.90549602777043
85220,1973.504650190608
85224,2377.2686510635303
85230,237.1234207540721
85231,16096.17382921882
85237,30742.055227205703
85246,25.317491645523837
85261,4600.462821470161
85267,8.532635281107996
85279,292.081633835332
85283,119.4036249995382
85296,341.2680657650335
85304,14.434760966934668
85322,66.48299888586968
85327,76809.32768196338
85336,168.95501792629904
85337,248.4750480155072
85366,165.93800674863488
85370,616.5525833047342
85387,433.4715863093081
85390,33.38620300006887
85411,86.84915873135284
85413,52068.40868806956
85454,262.26836762262553
85464,491.20449620514245
85473,51.89940026026337
85475,724.4057479986295
85491,79.33671602265355
85511,62.85657500009418
85516,9.536591303705203
85518,814.4164671816774
85541,2836.976960801505
85556,317.72902797059743
85582,144.35336953880733
85588,384.4105622457697
85595,2551.471808564541
85596,65.11504979131065
85601,115.7854606200747
85611,87.43215080315434
85615,375.28282966067786
85629,85162.34933418808
85651,6.785934152546788
85667,18007.245799797893
85672,237.39197478558626
85675,90.01078697481553
85679,41.12073089681075
85680,8104.809955456496
85698,77.15701072002982
85702,19.093256748494916
85713,904.1991515214618
85715,8.617118853566918
85725,4021.965089680718
85732,4016.0756214156877
85737,343.30521116940326
85742,120.22578431257975
85745,3.5698306747260546
85787,26741.38690983049
85789,185.81793570471785
85792,1225.6838568231124
85793,1147.7460651190986
85795,21.303388035779943
85802,17.672828017888758
85850,39.390165656582916
85851,111.51204131155725
85865,2525.559771537408
85868,908.0608626947919
85869,7803.056980100027
85874,2691.7497707815214
85875,186.08259931184446
85877,3760.8537839361716
85905,355.73042891565865
85924,13246.193274864158
85936,85116.8952296506
85950,114600.96401638938
85953,2774.391733326531
85962,8861.493004599492
85972,173.5085034399649
85984,411.6119370578131
85994,80.16813019663712
86003,0.973921481526521
86006,33703.089472993175
86015,263.37968148263514
86022,528.7632907057499
86049,63510.22676562681
86061,191.26550571389993
86070,39.04878430030341
86072,3.8720328327622946
86074,696.7426126737381
86106,41773.22195852675
86109,38.559554820601
86116,1747.5178217723835
86136,2122.1786492377373
86140,6717.620830010951
86157,7503.1331243207005
86164,16748.88053590648
86169,994.7717357139096
86170,229705.00905371454
86179,3818.1521930469817
86207,7055.604846908015
86211,554.4603136519155
86213,337.78021265551706
86215,12.855889406442165
86219,12736.594023130527
86220,1898.774735695622
86224,57740.93225793648
86236,74912.23305043671
86252,35.451114151105095
86253,2609.6937740448025
86261,13.00380641548334
86267,1139.9631993504563
86273,3948.344378280136
86282,42006.56886845793
86293,209.11571345561478
86295,5010.540194609568
86302,250630.96517269977
86306,4638.185993487081
86312,26349.35573259837
86324,46710.11982851112
86329,332.72825625992255
86332,3082.392024036123
86333,7652.192806356932
86351,12145.58221307396
86377,423190.45711178135
86386,204.54405175146297
86401,76752.33344217282
86406,295.07982093355207
86415,113125.8252375317
86418,14.916246601307265
86427,26394.94236727718
86430,69.29469433357522
86433,153.0020520370784
86435,414.92216107413554
86438,57.751040298287414
86442,428.10443269822247
86447,226.3293983502972
86450,5849.144256347289
86455,82162.16052959337
86458,198264.3725801911
86459,112.02639557755249
86473,13.3349383226226
86476,16501.477596550325
86486,682.8022753734977
86488,11645.744556849831
86500,10955.290566796886
86501,235.22348227042315
86514,27428.59255631401
86523,3279.156112106995
86524,17.375051080403257
86528,1517.3837649770223
86536,6534.330547789445
86556,295.41575248239695
86576,331374.1120409218
86580,52357.913686657186
86585,9872.052896568946
86594,8083.4502301999055
86611,7595.736147237988
86613,16948.69708945636
86615,26.96825593533837
86617,834.2110945064761
86630,181167.79539355487
86638,17218.073738485666
86641,589.5461790473947
86646,32682.443733167023
86649,114775.88462199016
86664,203.02627121564905
86665,104.41691722073261
86669,548.134716451305
86674,294.837905335314
86676,1069.3920988157822
86681,154641.04624631323
86705,215.79215721607795
86713,14952.171312367194
86719,947.1560301483114
86730,67.40614757143528
86737,2934.3348857468786
86752,17906.09526196137
86753,523.6635870238792
86782,105186.3413003643
86784,2989.9887060192664
86797,8.271007229558862
86803,3934.825180624404
86820,2606.3694661901773
86828,18628.17571500071
86838,73.49362355232965
86840,198.9157065563154
86847,15824.784167741898
86875,251403.01753986155
86882,16999.246550268737
86887,2.761181217411948
86895,160610.4148874998
86903,25822.23058451096
86912,26.14626725894974
86916,201242.4426313842
86959,33.0892633800307
86969,19238.65326983139
86971,17.532416732296213
86972,18082.830439822126
86974,11824.898900941007
86997,222904.7393006854
87002,6092.625689148108
87006,995.6116490175586
87007,301.12747660578475
87026,27.85083400841463
87033,1344.8481807059513
87047,514.5891446145599
87050,15487.649513344495
87081,1098.5824140186096
87087,2891.2966341551114
87112,35069.97386086086
87115,283381.2117101595
87118,11.148593398172032
87122,1465.9104761992853
87137,129719.03379974587
87138,1334.052736706339
87148,371.7568956693662
87156,6240.797904042073
87171,29041.823884655125
87200,2889.5277307219585
87202,3216.2957046958895
87214,10760.556775674808
87217,1681.40942742847
87281,934.012196573239
87289,567.3030399720067
87293,134239.01890164573
87298,134.9060906024596
87309,221.73133320238622
87316,15707.46807990717
87319,2693772.061537232
87327,393.2772924849808
87332,800.0369863461576
87333,3289.7096472037156
87334,70712.36470075512
87372,359.4173888051356
87379,348.91409884017537
87382,856.8342755533281
87386,1474.1371786481081
87417,373.33074401871033
87421,6299.830344600576
87428,376.9721477012738
87442,104419.9705171434
87445,106903.22618480584
87450,387.8498478219126
87453,5366.378808210769
87458,309.30127233938197
87467,44.674542180003826
87487,106907.58918204157
87489,1555.8635799726123
87491,3771.6552394664027
87494,117053.5674647056
87550,4762.21810041119
87555,7.152725203355802
87557,211.96947151459975
87560,2286.788136245983
87576,985917.1039604394
87608,519.6262860217374
87609,29933.61486072272
87624,23.091084749690204
87641,5434.082283979712
87645,1473.751007263447
87654,117867.45430221903
87657,2510.8516351987614
87731,643.0329684530436
87732,171.73146354586703
87733,4039.319916795145
87737,20.517028103587563
87744,597.8065582083091
87757,328.10524825134416
87767,262.3304857716563
87779,989.5227556598979
87785,100.19784062502004
87788,7559.916890452455
87793,256997.49984701877
87795,122321.76011443048
87822,1895.2533945073885
87829,13619.126950447773
87839,1835.9759020112554
87856,35555.65203300267
87865,12.895738324433925
87869,2534.2384988076255
87883,488.69461774549995
87888,55.48100757627406
87889,39257.15536119965
87895,994.9912005232749
87901,455.55016064215806
87903,2414.7804451005495
87916,334.59789827006364
87928,3886.8471811383874
87931,1147.0221443840162
87942,27348.479737741465
87948,908.1874722458272
87958,3395.9650947607724
87969,9.11433885915979
87973,4150.6775658416245
87987,2884.4120999794823
87988,184.88498284782114
87989,196.1644813290861
87997,5657.274634662343
88000,1468.982757260471
88041,714.5747739185626
88066,1185.28778371042
88076,639.2294907617191
88079,9590.710650699295
88083,968.3734889009684
88088,124661.64910236612
88098,256.5315633756633
88105,22875.602969481028
88117,507.1957430238466
88126,5542.731857490413
88137,4243.019424861992
88139,487.84773427005814
88141,11.052819741410827
88148,96.52862303936831
88156,5213.493326445167
88161,8047.206174150421
88190,1.0007074414169528
88200,367358.301115686
88201,4205.13624581498
88205,256.06234585382674
88209,942.6533601547536
88217,2209.674583548263
88228,184.86196796425912
88287,27912.04153917399
88289,1570.0845573510765
88293,81925.04982065789
88302,27522.428275661085
88311,342.26356742375367
88318,3135.620504346981
88323,883.7876622512924
88332,3286.4431333190173
88335,2455.146968281501
88336,6017.201929696367
88349,11555.896099866559
88368,43.47794566207398
88387,6083.408102469311
88403,159.76277539070495
88412,110.37382399207013
88432,11422.271983626413
88433,1935.5805434767235
88435,28028.454626520095
88445,1826.234347040509
88447,261979.50030169863
88456,22520.186692344814
88458,242.0086015828069
88461,85.62588530880875
88463,8100.975595605844
88498,126769.16972985349
88507,36.65129319570372
88512,24076.113491600405
88514,35.680027793986305
88533,133.75254547455899
88542,9575.175379129518
88547,13032.833424109338
88556,1109.979427471942
88565,317388.54843428615
88570,264.0526082919311
88582,1211.0011442583436
88591,74.26844893586696
88641,881.7265844593793
88648,308.13223697016434
88663,8.601945210867726
88691,675.0353109482305
88699,200.2285925784948
88713,1302.7612146396318
88729,35.630964904645964
88742,7888.05238492185
88756,9383.280814964575
88757,590.7206909128383
88761,92.2111892194005
88786,1.0236265038497139
88789,939.8784182745809
88793,81.27685086902297
88794,124.10056578535625
88827,264.6246322110356
88833,538.7564338543457
88868,38.211435273374796
88871,35.80689729159593
88875,15369.60812921257
88879,72.02355052788681
88886,9394.895516844666
88903,9907.027916226183
88905,19191.75267108946
88914,95.7662545986102
88921,3.7433774568123126
88922,2.995101221047115
88943,9.319682324810334
88947,251.14820774650354
88954,162.27577698635628
88962,18686.026635795068
88965,1384.1589609794837
88966,17051.676490804064
89017,20052.317488501667
89032,77.22655024221154
89034,78.24108054860226
89055,6.147898414713014
89067,989.9285140215494
89074,6445.357349772245
89080,0.9850205047542202
89096,39363.04352214337
89125,93611.14592629763
89133,68580.3502926518
89151,184.80541827937304
89162,152.77386918497052
89176,253.51128674993583
89185,14.530907968201166
89188,129.00347700218245
89208,5.022943801533584
89237,5.352261139762129
89264,109.20327701129233
89285,6.40616438965276
89289,16.412802829706056
89295,122.47220898373655
89298,2166.1837047064596
89308,19790.665439749344
89335,5.849178818647935
89354,172661.43920144037
89357,381.8164550045969
89364,711.2971928365976
89368,98.05571104690074
89371,2918.023034937987
89377,75578.60479823015
89379,3270.518564811953
89391,193.65335165600175
89402,318.68153073709834
89417,48.30786147356084
89437,1766.7322937168224
89445,57.156770682691004
89464,11739.043124768505
89470,75153.83592086326
89471,19366.92596949204
89513,9666.692767484985
89523,7248.433837354772
89527,59.25678860519663
89528,363.48150490644286
89539,26.410659807948793
89546,242.0095743793236
89569,41.718548249386416
89582,693.270467903873
89583,822.8557417885277
89596,11468.85055054427
89601,11439.96361613093
89608,5.002139651083022
89614,778.8102406659901
89620,676.9574461491073
89634,2834.4502659838345
89637,172.20754436766475
89645,157.46669881435832
89663,6514.303927766673
89668,2357.2203400465146
89699,7969.224440000787
89701,159.07706389591613
89707,2025.7460500038314
89708,87.56704897177531
89719,3353.4457261623324
89731,239.87558746349202
89745,1330.6260680754208
89747,592.9690921719541
89757,15148.841982738095
89772,2202.8299067313606
89778,1253.7708806488567
89781,121879.24386843274
89788,244.4194277486332
89811,204.87637581682503
89813,132924.2093079933
89828,9.482962414373466
89830,1466.344045593494
89840,141.90661943456738
89841,4085.2714106292406
89842,36236.895577328694
89854,3756.2370795125157
89867,5598.329422662514
89872,10698.799220201781
89879,16468.978241229746
89899,1564.2248886810485
89927,8349.787227782897
89938,2086.097264342085
89956,256.8170638016435
89961,1784.0762553453283
89976,9.076422755936274
89990,1041.137873831065
89997,950.9148538587452
90009,28258.90434786043
90019,1370.53949771005
90020,16635.7785876238
90037,6617.093341664274
90044,5730.640596942969
90048,15024.37412767919
90049,3289.351252050546
90053,224.09100566768961
90054,3783.2578369154976
90061,294.9489870073957
90064,123.13036416100843
90073,657.3696524009538
90091,2835.4829868884267
90092,484.62507173241045
90112,35.919776455103516
90116,103342.50865493418
90129,25921.781600394297
90150,9955.624228683297
90151,39.90587336141631
90162,9389.959249921405
90181,9024.679852289202
90185,554.6975974965552
90197,115452.60873417668
90220,1.933543462667694
90221,2828.3043863771404
90234,736.8425420782505
90243,30045.605060026846
90252,18179.181004144073
90258,178335.59337465971
90262,4.03053756239985
90281,151991.3239833248
90286,3057.5872537992636
90294,8806.102754218786
90306,768.3642133214439
90331,15209.281181235523
90349,964.5529049397187
90355,19973.973227768398
90362,1429.096061821223
90382,4586.237576494764
90389,29114.02232269706
90404,5662.421866187741
90411,1496.016311470674
90414,1681.4131188111062
90419,43244.847745137726
90432,1447.7474046218936
90449,155.15815558116944
90453,229.97994008487566
90460,5488.864610089227
90472,63.360112596336975
90486,48.99462362114649
90492,675.2823708571198
90496,4.967603091472585
90515,163.937204464641
90526,153.09620250202136
90527,14828.889639557185
90545,473.17102314963614
90553,193.93376024870702
90554,504.06139097810626
90568,67.18226803386304
90571,4019.829728626195
90598,2.9485079979160793
90615,2629.1805069769093
90627,19.5743413583006
90639,96.8946419878956
90645,2.060984424662853
90646,27.328671078358894
90669,1996.0631585693625
90702,59.6471691937905
90705,7473.098735578601
90706,1170.2976569055004
90720,1497301.7536024842
90732,93.95944964509465
90777,1332.6047384163835
90785,27.17095715618045
90799,1.0621230179593852
90807,165.47787582964565
90818,24.41412873066591
90840,20.01548754266158
90846,4706.270459815014
90859,566.8897311439896
90867,512.5109103997946
90870,892.4258103594457
90879,10.325048714916358
90896,60279.21612531309
90902,389.22125909431173
90905,441.3994058884298
90931,482.9547276455792
90940,767.5796819263986
90969,7674.074590060293
90973,557.7828723877261
90974,2903.4298021542836
90975,5817.855152282747
90981,2.82556683814724
90984,346.6375597961722
90999,646.4313338585796
91013,3.9610185738043233
91017,47.177743538438484
91018,342.7175700010971
91023,73232.03468569515
91024,2.906316980031538
91027,1.8721235322347105
91029,107.9786517479523
91040,9239.671997877687
91043,755.9461451635485
91059,18.668178683594633
91076,4606739.818217275
91085,1054.1113902211473
91089,1297.2054276155907
91093,160500.96503346166
91116,8634.943621322544
91135,10101.382900539791
91170,544.7756967968115
91182,881.0193322574938
91195,48.732294340809545
91214,5461.104413411568
91217,0.9302794373887537
91222,5551.413915949164
91227,2.9823691410743116
91230,36073.18737750517
91238,2106.3473448790846
91239,13279.745927541806
91252,0.9796622920952998
91260,150138.88570480482
91270,310.3810209165487
91287,76.24091400389183
91302,1918.1907984013437
91304,18576.1953051986
91305,19988.450419800938
91312,2588.2579020963376
91323,2246.451025529585
91332,43204.44268102011
91385,667837.0595033603
91390,85000.19581664809
91401,3576.4973978809053
91438,10036.575141990841
91473,17.105751153980755
91477,101.20805466770223
91479,29149.843732179786
91484,33671.65433804674
91506,8059.716589099231
91513,434.9645759436582
91520,7.494548487689419
91533,86479.997108535
91548,383.46966566814035
91590,5.879812413902146
91591,710.0460059669832
91612,66165.35630054312
91613,16.48942474428724
91635,303417.9720245956
91636,14445.24894897137
91638,681.9766617987887
91639,1570.259752303243
91641,135.16005105429582
91645,102.64157779649236
91646,7173.683907133772
91648,434.75990922941764
91654,41246.07660692604
91678,3245.5193314825306
91688,329.8302460454941
91695,3986.954881447507
91703,1232.8295122601596
91709,8.73602555999211
91714,28354.799036980934
91723,1378.9613953965725
91724,1042.0777302563083
91728,96555.41023723675
91737,10947.694859981375
91738,101.38002930486441
91751,127311.4397526468
91789,38.35703382836862
91793,906.5836727201844
91818,3525.810262700239
91827,1780.8692282465772
91830,2026.9760648730576
91835,115.8028789462427
91842,147.0791104287477
91852,333799.24991161196
91861,100583.36905215625
91877,835.4385840506909
91878,4912.123538174672
91891,1153.1771351425662
91896,11361.27628420862
91918,764.3738001038714
91938,172.60529235400773
91941,400.9098119893296
91969,863.5351577389821
91981,13787.27487081286
91995,41771.77719242928
92000,15.90290238170381
92006,21345.240223259636
92032,29.50233246831482
92057,26695.24844926229
92070,3528.692169761514
92083,631.1295669471042
92084,1957.3050053078994
92148,41563.4262691001
92156,140.41038316358163
92157,307843.594739562
92168,9837.770400755644
92211,47.93895317956468
92212,1334.8159037206417
92214,357.4266564401612
92227,82.61870767159009
92229,3168.527001224994
92242,33988.36445644195
92249,638.1707163787005
92259,77.8168385315245
92270,132.18292289094686
92275,48.59221852885608
92279,28498.117102772805
92281,14528.964231974995
92284,11.870884677597758
92288,9.546456117118822
92296,19076.949780320032
92299,552.8851940302682
92301,2457.448312497622
92304,2115.369758050648
92323,704.0191600796248
92326,5.976766909804323
92331,35.999161338726864
92352,9211.480831881152
92363,95.47482410781973
92365,1674.970419026945
92367,41173.2489551533
92372,102832.04241296502
92382,2884.9593039236756
92389,0.9897970310477514
92396,17781.6043772198
92404,9.2325874296616
92406,10.852159856542723
92414,554.8911212855915
92421,28723.751170268413
92434,1345.6685345018325
92437,6619.945449629135
92441,9916.894805328862
92444,1174.342259828541
92462,17.348864166496334
92515,1473.4385574436687
92518,456.21069955883036
92530,91.33131221209669
92543,57.087839466162166
92545,1874.476479833565
92554,2360.9024537446953
92562,46731.53167475375
92570,974.3888371352986
92587,66.62743174768393
92599,1980.433164332086
92603,27638.85925496899
92606,73726.04496368622
92608,3524.8542940201855
92611,437.4245587384143
92613,509.0943032432429
92616,25.555792511892623
92618,884.4138500824585
92622,28.640541540238114
92624,25113.16693831041
92633,14.253614365122818
92634,1356.8257906282365
92639,107060.43869332674
92647,176705.76411337114
92656,9.908150844416761
92657,362857.3625125763
92659,12726.88705217319
92663,143.85271414549325
92664,137335.24342113425
92665,14.514748089747506
92672,69.53774210712147
92686,4753.088046340257
92706,60.682258166900084
92707,45925.71922786382
92737,7387.660228108296
92741,166322.814628797
92753,377.0492469621065
92799,316.5280331921429
92812,83758.476966367
92816,2663.840009741415
92819,5032.052034665309
92824,72.4595985390994
92853,2060.906458055491
92868,11.449675202536774
92869,3.012836774004029
92886,141011.4704727189
92892,3716.5241900148444
92903,180323.70989324705
92917,882.226270311748
92929,74709.39431416435
92937,746.664050186376
92944,51.20373350469527
92945,1850.4996217366174
92954,1588.0253820678113
92981,2.116691412542416
92983,32.31793836887308
92997,84.73551310759663
93032,2.6575346853357673
93038,56.584678704303585
93042,1727.3095738586453
93063,134198.79690566304
93067,133.8238542296015
93070,1228.3785170996482
93072,60.36956792444309
93077,122820.70763356013
93081,1665779.3957363262
93090,31782.28667747333
93103,67.76463741106052
93108,1.9697402377565776
93140,230.87003340466742
93151,125.85737267875167
93157,2042.015428484377
93164,1286609.8661619057
93165,169.4387048446502
93177,54.610705048583554
93190,35.50123513745242
93192,672.4894247075911
93197,159.1036968318497
93206,2426.4527151947636
93213,271.91807113709444
93219,31539.741328376298
93231,9.82931654987648
93258,12.213120195698258
93259,55.35565221171916
93261,30078.040293912225
93267,47.81645587223957
93271,59.73122487641198
93281,23.329015582914124
93286,43.82846855501131
93293,212645.35369257722
93306,489.7709972601058
93315,8403.049830293015
93321,18.71126423511357
93344,23174.559744758637
93353,20163.809902304678
93370,193.72472058606814
93376,4586.025439990679
93380,23.908764912659013
93407,90.61856116249136
93410,61.30239754048018
93420,326.2411974261957
93431,24.051149216922898
93442,50.90655704649603
93462,1005.243502963534
93465,189232.51669932107
93479,2.06988618724352
93480,69.68226268678353
93486,3637.5117278953207
93499,823273.8454646036
93523,6.358952670498459
93542,41798.58654206544
93546,279.59564239829245
93549,941.7651360978547
93560,40.58427908335092
93572,118.353791359471
93598,1042.9422478341942
93630,2356.944394757668
93636,460633.7432157266
93637,47.59756914526878
93638,79.42119721289092
93646,704.4697926761263
93656,6.65288270783518
93659,50.759201259528965
93664,1079.7168142242656
93685,661986.258929181
93695,46.10071599661343
93704,11.96509320417891
93708,81.24978681627981
93720,1204.3459680501735
93725,57.71482259352159
93732,23.35813333295835
93737,59.455264454881885
93743,66.72743723157905
93761,11.302392361231528
93763,0.984768886892608
93768,9.214124530891937
93772,157.06412704981037
93774,48.21274517021078
93784,0.9898802893654192
93794,110.21226307609017
93809,29.622613744587287
93810,1.0242419256954116
93828,2662.9985640803447
93843,670.4396346511788
93851,7.390810234998643
93869,387103.2094861609
93871,56.49865546475803
93875,134203.78691582408
93880,45.72027787566959
93893,1054.2218404461157
93899,766.3861347828893
93906,171300.85871598718
93915,4660.188409766486
93958,6473.447248011156
93976,5.458051836388433
93982,4.0164206453175035
93983,6.975616121703855
93992,7092.00556564031
93996,116.8046206851622
94007,7023.873695527044
94016,4.910442886328993
94021,700.4236479185769
94028,320.8773109730595
94034,59624.93529993825
94035,210.59983101636013
94040,6823.577192498934
94054,122078.75684991841
94055,11940.300286229045
94065,3.8630403751082856
94073,49.503380011348874
94081,7.81148413359457
94084,68849.8421318802
94125,2116.374417361856
94127,8609.979623394956
94134,2330.953886841012
94151,121.38170237591726
94175,1675.5997794419404
94182,1056.0786956889601
94193,525182.6200292022
94198,34055.6046266233
94209,10.211643978006645
94212,3865.979210379915
94213,1270.2534000112778
94216,9704.666776383097
94227,15570.37059894167
94231,1426.5094167892921
94232,257.830439767422
94236,14.388131996924542
94237,781.0643154176299
94244,13959.161473252123
94246,20865.6807016509
94256,192.01431742728388
94285,11.56621428366579
94294,981.8633879460331
94306,28212.53171529402
94308,604313.2880889146
94323,9926.63436274056
94345,319.9520046177808
94346,10.41332634098264
94347,471.1297227815582
94357,3021.39888857745
94369,3060.1000167954894
94384,1048.9264199679685
94387,262.14136282849176
94397,3517.801705323148
94398,128.1010287698663
94413,1.0657192915677185
94416,20.074035104312923
94417,17.77595741374499
94434,268.08445702824315
94436,8533.837724228875
94441,1006.1180162744521
94446,71.87338484656586
94460,41045.90256866369
94496,2682.5110886990683
94504,249.25079107276287
94510,357.68035756188846
94515,140399.13612470272
94518,116.46319549588198
94524,196256.36410703196
94525,187.48720782722722
94549,4124.67497782503
94574,257613.47980797922
94575,97543.9359233643
94638,23.854297949400152
94662,39048.309689435264
94669,175.98875937958823
94670,28.60919425620088
94684,1012.501703235188
94688,1318.3393598449943
94707,32732.807091625706
94725,27.125217668926034
94728,125.36586928690069
94763,744.3618887447342
94772,1028.786371784624
94780,1722.1672766842769
94783,107.58798622934887
94789,6.43036492073937
94809,6.1096156477616255
94812,1630.2576638988617
94816,5717.1661147705545
94821,3145.4548380990063
94826,477.6333141647049
94829,3196.045742077288
94831,3.912091498062799
94845,538.9989239277401
94866,73826.47448860624
94881,2323.947202488594
94883,10766.08349200344
94889,2588.243280143724
94901,49.46055733559094
94905,785.5147934506816
94924,107.09607526797112
94925,119108.69946704518
94934,750.7016993991748
94936,889.0574534552795
94942,522.5460913772747
94948,7.460552326436245
94952,51.990737329644716
94964,649.6222272520426
94966,1182.6623539613872
94967,1044.1764184122333
94972,132006.24910888384
94979,192.49346022815814
94987,654.7168105120077
94989,1678.385864105552
94991,5.997863039975522
94992,841.7119435082749
95008,13.811868798812835
95017,491.3884395006702
95018,590.3027131942396
95056,315.07789977816213
95075,21.997761178606293
95084,9151.135787909065
95087,7095.216825426456
95114,248.08963485556424
95121,32.20848818434532
95132,170743.46339891644
95195,99.28211303154735
95196,122765.47344039996
95206,7089.708469537536
95208,12863.173200235851
95240,25104.608673643044
95241,101.7155925776597
95254,5.500169829128536
95265,14.059402346061503
95272,7066.439445084541
95297,0.10219605474525406
95306,38.020242148159284
95315,336.23251981082115
95352,62.85116367144096
95361,0.9858022632677276
95376,0.10331816736400648
95378,9.364960234953518
95380,8.04955200744446
95386,316.588551994652
95401,50.57399292967005
95410,2.132013063122238
95439,821.6413013256806
95452,362.7615208869018
95455,35.1672180275625
95460,4.075079020075404
95466,140.45276580488022
95469,6133.770034942962
95472,5.447603842911526
95473,5.599641665812773
95476,4709.888580154319
95485,11.546788926202913
95492,2.1378764632058087
95515,34486.44000094463
95537,19.073919292095002
95548,4104.89715777648
95552,4151.757687354475
95580,154.07208864513302
95586,78.01782600855235
95611,4105.438555339065
95612,70.83219584627423
95618,160.85156479863934
95644,10.461073929803149
95645,135096.67023515585
95649,4670.1387920637135
95664,1518.2425866711562
95669,8250.04219496631
95671,103712.0015341341
95674,15.128810528828973
95681,3.036658650763588
95711,4.903653157674629
95714,145.60071239311227
95733,243.39776006238148
95760,3266.7474218984366
95781,8776.799953917558
95792,165357.79171643633
95794,12.598353948488887
95805,61.26668927326915
95816,3714.995894746005
95818,8045.643624493564
95828,148406.02683781646
95839,1.9976607037370853
95861,17.632193829181876
95864,1369.430049277752
95901,13251.73204621959
95907,141.32487959570602
95909,2070.0199088775234
95930,4.535187999519412
95935,17035.03230578386
95951,34126.958058229815
95966,13.559331811629953
95972,18305.631146386448
95977,1643.5447477085631
95979,451.925973243365
96008,4580.23204954342
96009,250.7383054874056
96019,368.46271198605314
96027,417.94846317731447
96035,1363.0486786873614
96038,461.36759145955193
96039,2515.885301853118
96048,61.31839661594342
96060,4.1376954008840485
96089,117.71276999905166
96108,1264.7579043687715
96120,3329.067432846356
96144,196.96290016114904
96161,3.748077558499543
96184,29921.887875563003
96187,24754.16076984365
96192,322009326.2141061
96193,202.00819661986776
96202,948.7399586097711
96204,179.35733902936525
96206,358828885.15315235
96233,200.67144893675737
96242,28425.470561808663
96246,3921.7064283423992
96254,32.21370384843649
96262,864.8170847772502
96264,168.04557960267522
96266,44.442554406732626
96272,58159.55274329477
96277,269875760.7088795
96303,226902777.06763008
96312,74403.3458693572
96356,286.76154342982363
96357,17445.546826163765
96360,923.9342087237088
96369,35404.20957522082
96398,22227.216093392624
96405,336239883.01787764
96413,22240.95496951716
96419,0.0
96438,168268.18952346768
96443,36.9477545964992
96449,1087.9641447279819
96469,21.9383857870211
96471,4165.353506205036
96478,56.59108409655639
96485,5943.834213921741
96507,1797.4290499790027
96508,25596.799378956002
96510,9.92745467491035
96520,172833.9928087807
96522,13157.327010841485
96543,243282449.22623333
96555,196.50633778305445
96574,2729.178185454962
96577,50193.200760856074
96586,11.70153790634835
96588,201858.53909178876
96592,1843.8699883659656
96600,306.37760200482137
96616,35.77349504857929
96648,12377.204347858744
96663,803.9963304552366
96668,620.0154155392084
96677,2506.727878377308
96688,5700.923859064207
96691,114554.491105041
96721,1893.1127264555212
96723,111204.96895660984
96741,0.0
96743,568.0912861352818
96754,0.0
96757,286316.14282503177
96758,545.189895403536
96780,21.877270103199542
96801,4828.34719054457
96809,45546.55363791782
96818,154.34271242949328
96828,86.32796101194596
96835,3.8808979179517094
96839,25221.75113497612
96845,5414.6703734846715
96847,35.97742893645057
96862,2295.3444073588275
96878,257408.6876463127
96888,99549636.21955378
96896,177.05788391140555
96901,8998.380544421692
96905,3503.621961835288
96934,307280.0559861686
96935,721.2402631448363
96936,1576.2831615537207
96942,15586.601778107653
96949,1.865325614708179
96951,89.39526021259216
96953,799.7425903254526
96985,611.826955164652
96987,86890.31109995322
97008,4872.501751212794
97021,0.0
97025,25925.377986712505
97045,1.0260572929924971
97053,24982.394157006638
97054,626901443.7834419
97061,9250.352304402915
97079,65808.59567113275
97101,28133.060175523697
97106,64535.39844292867
97107,534.0659327838309
97108,8204.12223178877
97127,1994.6978288232856
97169,312.95438386680036
97181,546771913.3928068
97190,492.18910469680765
97196,18007.25275294631
97208,6400.912100208646
97211,18916.29525842868
97227,9601.974264640157
97235,170.35935870787358
97246,9048.23600905176
97248,1.007310724853322
97259,10940.928269581718
97260,470.33417391628643
97262,9029.43448125354
97269,27525.7396148287
97273,10286.52202286128
97282,22748.287635182904
97291,7448.042279353248
97301,11.418192838519278
97323,0.0
97341,407.37480694410897
97342,154.0419725014962
97353,342.2864569363835
97362,1.9786481551176087
97377,6553.915097838414
97385,13205.339481521825
97394,6015.538688189859
97400,1669.2925582549515
97405,2403.2631751704903
97409,3711.9599682957937
97412,1.423616409269218
97414,354.41243180403416
97422,5352.618525149218
97423,65.27044269303138
97424,50.70313816302669
97430,3567.327856921777
97459,480922423.45251936
97496,62.179203800408594
97504,3809.919210580877
97511,61.588971299007504
97512,1211.7277050051457
97514,20.702239169316655
97515,111.18157955271926
97531,576635.1327808518
97534,15664.588764740267
97569,2022.8276315499284
97574,363.32682973561714
97576,14600.495385092669
97577,9958.185570397205
97582,16344.432631537922
97591,1567.7770853117636
97599,46214.46504584838
97604,472.9533270615439
97606,7670.119090793148
97607,0.9740301885575049
97612,0.0
97614,3323.9976950335486
97629,573728.0285751257
97634,1508.948133312594
97644,11965.95398422969
97649,12869.451819713839
97678,1856.5924374082294
97680,373796907.244014
97698,602692.163932732
97699,400.60427902000856
97721,399912998.1990681
97728,38.387539030085335
97742,16597.19564852224
97752,21.893169351055594
97763,442044361.91033316
97771,2609.3046998727173
97776,1224.1093573206153
97792,11144.009039674269
97793,791.8372173290062
97794,29898.991139373702
97805,18464.821232215494
97806,9680.2989662417
97841,21.549505251089556
97850,496.6533253675786
97867,23.02876278434633
97890,1737.3852177289725
97901,8199.70358913551
97917,551.1680876240712
97939,14723.985440024757
97941,25669.58464864157
97956,1530.4831551642715
97960,507.100281127047
97962,8.781374721337865
97963,176489.029788821
97991,205615.49464998516
97996,1402.1929538872992
98000,146667520.00814974
98008,1442.0014016697437
98011,13.375543071150643
98014,303.0321077106631
98016,923.5978748881471
98018,168.90331811026792
98024,1046.4127662890085
98058,967.5930120941993
98061,137009256.30618787
98065,211663.89805375013
98072,82988.57170049853
98084,1558.1055251439684
98092,1036736431.7847873
98094,1270.44113190933
98095,426.87779811173357
98099,952.3772057120256
98108,55.7438304752499
98114,1555.7567779384772
98130,17218.193254284168
98138,1180.0764395551655
98142,0.0
98144,0.0
98153,644.9279662103945
98169,2893.079254832222
98175,5289.272271083725
98182,821553306.9325937
98185,67045.1990524475
98186,879.9830077250728
98216,12879.457887385308
98223,350.08627840142395
98247,932853871.0399953
98250,49873.45864755082
98254,1040.6976920480006
98255,8016.076401424791
98256,11300.02474507827
98257,784.6913123692399
98275,705.9507100595104
98311,11076.006399077596
98337,2426.4736182549514
98339,362.61335067309756
98347,5988.087156317623
98367,185153.57259449016
98374,5059.078033430684
98389,0.9880975177314029
98392,17659.388861108546
98399,4079.80936573616
98419,11195.240899626
98424,67113.37142792702
98441,396.90319858836074
98459,168450.64824834527
98480,5161.182031940269
98502,140.09250237743854
98506,12512.633255574314
98537,5597.723942498522
98543,115.34763980263119
98553,0.9898464321568813
98570,71.05487221505636
98592,1053.6866133800595
98606,1193.4432918242662
98607,190477.44421310828
98619,890.8384233997591
98631,5602.80438843626
98635,98496.81899680769
98642,2309.68261589274
98643,53262.97973243288
98657,2824.3615728393515
98663,42602.447659877405
98675,5461.7669871538155
98696,116792.95729100994
98709,200.29519756932217
98721,9599.15130761049
98722,973.7969122323241
98767,1097.000919771534
98780,1185.6142323897486
98781,132126.8028847561
98816,10505.751751205518
98832,252.39312023205824
98833,1495.7539380532992
98844,1160.0297753470632
98892,1539.823123162088
98900,302.9356042363589
98911,8502.883330182949
98915,289.36480785450794
98916,562.6818156185128
98920,975.5388518748746
98926,278.29731866994234
98930,10.720759936562894
98933,67582.44702062676
98937,100088.23375330359
98944,796.133221509592
98952,76.06867293261205
98959,2003.2286741471287
98965,163770.684014853
98978,2981.1695973992037
98983,1840.4292159215963
98985,861.2877666545314
98997,1.9238017179092135
99010,371.7459062808741
99023,69.38151126673368
99036,73.87328348047565
99037,483.1732783289673
99042,217238.18012644912
99048,17740.42092782418
99062,0.0
99072,141.86742286856662
99080,0.0
99099,1844.7378844759958
99106,620.3140079572082
99107,115277614.45689647
99112,4401.340192625873
99131,21264.5573442881
99134,475.82539419158496
99139,263968.7386728959
99149,106353436.03269456
99150,1760.0104332930914
99180,10.141875418239266
99183,1474.7507133222468
99208,200.64021052971464
99211,4649.337435688701
99213,15246.415761361473
99227,17.25203080594072
99235,308.10565570396966
99241,123.20699529566522
99278,81.61539248375308
99286,475.0785213703778
99292,509.0310798831392
99293,13795.700288897184
99304,1.0923315115391654
99316,129.79608936697008
99323,0.0
99339,32213.827197040082
99348,28.38429171627633
99358,281.58153629878353
99385,671.8702589173474
99387,1694.0803276326967
99411,1.0405661321461612
99415,13466.52474700809
99418,562003839.8541235
99423,99.66566622659496
99436,3777.4472550069254
99447,420352.9038575031
99456,504163522.4616777
99463,504.81104802009764
99476,24727.716143223155
99482,23930.759531036772
99501,88.24385851082648
99502,2395.7273317137206
99514,2843.7934792164947
99515,8778.689833684775
99516,1054.0254463923588
99524,32905.301473844534
99547,34.78950796111631
99561,8.381791202739874
99568,373.59940151474706
99581,0.0
99600,53.164727969307805
99605,17751.37990935794
99611,0.0
99619,20.109173027743395
99656,31434.846851684073
99657,290.87556079674124
99661,0.9694730153264954
99675,25785.791955149292
99686,9599.49706840857
99698,35573.39529519055
99701,27760.096178604435
99705,869.6978269796147
99720,134.16323815193485
99739,5063.301847203544
99751,16.312030215171106
99754,35311.42340531431
99760,495.5677442647573
99765,35517.02384460502
99767,3.1636299889092645
99794,1376.5984112445722
99797,212.61354605847848
99812,23255.90171672663
99815,57312.33256062181
99816,410.55986506902684
99821,159287.61720072886
99839,40468795.3802269
99847,245.56598008882003
99856,12217.282406420942
99858,326.17980994436994
99866,12769.178625106257
99867,0.0
99894,697.88443769783
99897,11761.469453981717
99916,874.2350748048968
99922,345.2426612801389
99927,115212.25742332224
99931,37370797.984268546
99953,4.599212246501112
99954,0.9408102359447867
99964,30.355367992255122
99974,66263.54857915035
99976,360.5792528181479
99992,18169.98695453212
99997,0.5524505569757494
100000,93114.57671267535
100001,2432.5054917848806
100008,24064.630251430714
100012,106867.7448456388
100020,638.5495342692577
100024,107.64774687511687
100025,92422.59658722304
100045,102825.91052036997
100053,24583.68687091182
100054,95.78401729380185
100060,569.9563024810084
100061,100512.96439540971
100064,221.43830356204379
100069,96306.24259124014
100071,23137.23808793516
100088,142.73492244396311
100093,2.0913652462221077
100106,13934.156729516582
100113,4386.738206383165
100121,94.9529482923937
100128,29839.269191830037
100141,35633.31449363053
100161,41627.487962142346
100163,215.9535775229608
100170,1626.4733086178528
100183,133.74219067050973
100185,986.1633769962175
100189,7141.45022864958
100206,27423.546682720822
100217,44.06197101370298
100225,551.5251302215186
100231,30522.912872106874
100234,27.38242292390006
100249,353.66675391749567
100259,216.75519330170184
100287,0.009750222306622005
100289,307.26804862089404
100290,6492.2071477607105
100301,0.0
100309,0.0
100310,1233.8661175378095
100315,211.20694541702468
100321,255.90981625450362
100323,3281.697249673324
100325,293.90581848229897
100337,666.0001986659225
100350,203.73241257659956
100357,3241.069140883162
100378,1.062573311373994
100416,59.36083902612158
100431,19.553710331777452
100437,997.3431319795977
100444,892.7862267236314
100454,0.8697519269480057
100462,78.4761428211355
100490,1.0410073793929762
100496,48.3417335164566
100529,1332.7209460950853
100539,13796.561493341407
100544,1956.7703275658146
100560,5937.301958536266
100562,1610.4638619425912
100564,132.23813249467375
100570,1.0237673858184295
100592,6862.0920592157145
100595,2403.0157867054145
100630,135572.78335754352
100635,1382.8250666266374
100640,0.0
100669,1023.5428086800092
100670,995.6339738394023
100682,3.011430674649934
100695,17.40827659544027
100708,106.06744488497282
100736,4315.297536526131
100739,45.55445027697539
100765,918.1681726020945
100779,722.5740617431173
100786,971.8336775627886
100788,4201.835290678597
100793,5.939210051974515
100803,1995.3395939677584
100807,16002.494603859113
100808,1.061895761519363
100822,2386.0492718411097
100829,118241.47795485021
100835,8.434752102851046
100837,4053.148736346731
100844,1936.768753353928
100849,520.9145357574284
100853,15764.48040555174
100861,24577.256599455504
100867,4.897520094645764
100880,2497.408977917609
100885,3.077032990124235
100891,357270.5351667997
100903,102.09327858454425
100910,3819.927305866137
100914,202.38384428971457
100918,223205.0757734253
100929,31.14766405954835
100946,2742.7091877510256
100948,2371.3100683661146
100962,178.64537198814844
100964,141.83196734602157
100969,204703.72210530034
100988,3589.451931312732
100990,25.462727340623392
100993,170.98736237251478
101003,5393.498947749457
101004,9839.8945833003
101028,119.79791340042121
101067,282.69168613780005
101085,1.9977120917277142
101096,480.793605151533
101098,4313.264215480679
101101,0.0
101121,245659.77003869307
101136,83.32099268691478
101138,3684.9687571426844
101154,879.6251192401037
101173,365.66728415216187
101179,61.59341365422314
101180,19.275773404542566
101194,171.64380482178072
101197,11314.384871358447
101204,750.2463122666843
101206,654.0822810432134
101218,31.7008698928858
101223,4925.192758360637
101229,1652.4698612399266
101239,569.7438560122097
101246,154.2768891351251
101260,524.3833969992864
101286,304.45158408085916
101317,28.13276033556229
101319,408.13818040490776
101321,5885.731714568444
101323,15.00120236697773
101326,341436.22276300367
101327,5561.520229959879
101331,20.73606250495949
101333,67.67461392443452
101335,7277.040344176024
101347,453.28430529370905
101359,271.1361272803555
101366,68.31815560539599
101368,98.86173246377547
101396,1011.9424935682636
101398,223.56037467920012
101407,4609.575744343998
101418,3272.037419596684
101421,133.42381577741304
101422,64.12643610380677
101431,529.1083841249499
101433,4104.20860482528
101434,5.569031122809618
101462,109.54689876073235
101484,74234.62145357337
101489,246.15714011266414
101498,2993.7926302769206
101510,397.87032090747573
101532,0.10486967112757875
101549,7569.259084159193
101565,124.22841305432627
101583,12242.662900004734
101608,1103.8605370839316
101615,41549.711678999614
101628,1902.0591075447874
101630,1.8522216485124365
101633,0.0
101637,0.0
101661,32.83016524432537
101664,10809.038889576292
101666,40925.68221708008
101699,1325.809985591586
101703,22113.97426885636
101715,51079.21054814096
101716,308.59185777182256
101723,1.9297866395009204
101730,70234.1882417529
101731,5603.03651573505
101733,3687.7610510457494
101736,50.42174671363355
101743,3918.4159367518946
101748,53413.92292872775
101766,51983.55633302784
101798,719.1864660233088
101821,2.017471352350352
101853,148.71615164724702
101863,1787.6633743023733
101865,11.296806156971238
101868,396.1552175866933
101869,147246.87353836288
101910,2766.716950529006
101919,11335.16005395386
101928,52.112440014893515
101937,128.71927526345362
101950,18157.7588314719
101952,99.35190699062252
101965,134335.17362009527
101966,106.98584647956241
101974,32471.00145252987
101979,301.8569584816377
101981,608.8116365547287
102016,6.623818054334108
102018,23.113077646624102
102023,29436.59738679378
102041,475.2944406333377
102045,14.553930440453192
102049,10.10453082140194
102071,918.3642482491541
102078,13523.917528979826
102094,2302.2661632957756
102095,193.39108082623923
102097,96416.77370480135
102111,0.0
102130,279.17683544092307
102138,1864.1815755563646
102139,11.180175591353189
102147,0.0
102153,5249.212737489422
102178,1910.5980167417604
102190,5754.351236027443
102193,72684.66252260866
102194,142.51293103098993
102208,141891.50589200796
102209,8237.942683575991
102210,8438.839797649713
102232,4237.595297074732
102240,60.2879803560756
102253,3267.211061442761
102256,712.9599764207594
102257,1732.5051925069029
102266,256.9171862615243
102284,1870.1027416474788
102286,250.41897739215054
102315,4935.217784169459
102316,9231.034199707608
102325,17.46520086680996
102335,4791.737029380654
102357,196.14972416908017
102359,789.9834915819333
102376,1436.3037497648124
102400,372.0012763504369
102401,4114.331837785903
102406,439188.4395498101
102434,3042.495913975232
102437,68.19384542854493
102439,149151.54428821846
102448,416.8089053194195
102450,202712.37953918808
102452,3070.0669012117796
102464,897.3918481416181
102469,181982.4322108802
102474,654.1559364146684
102475,643.9348019489512
102478,581.3354733100658
102491,114.86982158275529
102502,4000.8754764021246
102508,5.106891491283396
102520,99518.71760037933
102568,75021.01188173234
102577,36.0481757252346
102582,0.0
102590,49563.897941480835
102617,0.0
102618,1.9770350981970894
102638,4144.151144708475
102645,6054.673086345893
102679,484.533336800456
102684,76.70696854409819
102691,41.10256050324266
102719,1828.1935213896845
102721,1808.0728808643232
102725,18914.996562090728
102736,18.637290222712924
102743,9594.074818931902
102747,40521.085212106205
102758,223183.20735678342
102763,380.0178762964485
102769,47.90031456195315
102781,8.574365964734216
102785,7931.313512947521
102800,1155.7942977732487
102807,6122.477835912207
102809,29.769034397293296
102810,1178.5711680883508
102814,316.0148122137791
102821,2641.9676319362047
102834,16267.192648656857
102843,2513.5389756993122
102861,95.60019794851418
102909,105577.75018796789
102915,0.9303223190393202
102918,76.40108443248364
102919,458.1167115551697
102956,29215.08144454304
102961,81604.5967312308
102974,0.0
102984,4290.255963409456
102996,0.8878280209750389
102999,0.0
103004,554.3092173029421
103009,0.0
103010,0.0
103015,0.0
103032,209.781714047024
103040,2339.8839092897297
103051,154.39985046914208
103059,1984.7609455471356
103066,88.47392695882405
103072,275.97980118778287
103084,442.67674273747616
103092,170.80098568728303
103099,514.6276207231706
103103,54.836758966253214
103104,5634.157583275796
103123,8559.648324844831
103126,4055.5054696137704
103131,94.84700986847422
103139,423.12079208943896
103149,4.397191026238977
103151,144313.13424466175
103193,49150.661911656396
103199,186.19233048248606
103211,633.8603084723269
103227,971.2791278324007
103229,9.267324199141257
103237,354.2637417063534
103242,728.939794983919
103264,36922.83615815309
103266,693.0049071108197
103270,161.61373051538743
103272,0.009171408206138402
103275,75.18563135091442
103280,91.03130087425086
103305,0.0
103315,3631.193450907605
103327,23.192004320745284
103335,537.6717485189663
103342,20.442692589965315
103343,8874.46392553207
103359,19.25623003355878
103360,558.9120338802129
103373,11.279378267385239
103387,3112.1838507256152
103391,9.621155823189294
103406,12785.501729811846
103421,9323.38234599017
103436,56.34928686816684
103480,154.77181792389825
103484,361.8155987582581
103494,581.0457900224918
103521,1.9124934579151573
103536,80725.84132879939
103542,16.609346815636826
103551,2.1149304080304896
103556,27.162783168674853
103576,3558.945056904995
103584,40.86355559034738
103596,11713.437138430674
103602,14116.66894125048
103620,3568.0626722559214
103621,6738.804771433487
103639,2.9339667929035285
103641,107.800711488088
103644,5255.1728840029955
103651,10.244190993877854
103653,4253.465773945687
103654,13323.150377819999
103657,5848.747230349385
103669,122.15061397731174
103681,733.4454647536119
103686,7315.4259133544265
103689,13613.424950714068
103701,10768.475711259305
103717,6779.1878007862515
103726,0.011209677937585191
103729,0.0
103735,251.39748702466127
103741,11969.508274625374
103773,120.18072468170834
103774,277.5562864732234
103791,388.41978502706644
103795,662.7583854256678
103796,12.523739628793077
103809,98.47607107959607
103823,4.980682045234402
103852,6.0413463289280145
103859,3622.7173329560724
103896,322.91800668300493
103898,3837.913325538076
103909,1.853916134628794
103912,19375.663507174788
103917,4149.932440363264
103925,4385.4675271659335
103926,5665.947116104702
103927,19707.850557404283
103949,4450.5432118996805
103972,466.5268484864706
103984,1312.2933336115098
103990,27.825236989617494
104016,138264.94608873338
104022,2731.0598773290985
104023,5926.765095924309
104027,395.1638735513991
104029,145.78037797316168
104037,2193.0457030297807
104040,16891.79894796578
104042,2265.531527660483
104050,6.801870204245729
104054,8.947266670678133
104059,89.97014942626897
104062,289.3642833985489
104075,393.8950595143073
104080,64.21873241625445
104098,10510.36933187341
104117,107.28088934540338
104120,101.81201506319772
104127,8635.484710531413
104130,29410.159413816775
104132,543.6599350748141
104134,164188.94192909333
104139,28450.686441011472
104140,1130.6322589901868
104143,178494.55676316403
104148,384.2458907045742
104151,3713.0555550790064
104156,334.55879813241035
104157,3.0893096333332375
104172,835.8941384218036
104176,3790.1961562759734
104181,5786.6296880161435
104186,225.31886735318534
104196,6.15914273874492
104221,67.09977046654157
104240,10464.886907642102
104253,0.0
104259,672.6091550704944
104262,0.0
104268,559.9479843721601
104290,78.81207860020507
104310,0.0
104324,40305.48549168199
104351,80722.32155303897
104353,33.8049786694751
104368,817.7179593749663
104383,49257.979029016766
104385,155280.15937640576
104392,198242.01930587352
104397,79.18613556692178
104409,25479.171334374805
104422,225970.41412318256
104433,1971.1990507384594
104446,1310.108879426742
104469,1.0595363987198245
104480,399.3763995849431
104481,51.13552049433981
104492,3.2241823886777885
104511,143.66075831805023
104516,1385.536593467611
104519,26085.994184116065
104552,65391.80913256374
104562,58633.56176661242
104576,220.9886599559811
104582,614.6967363249835
104586,156.41567042947102
104587,2273.5899655661774
104595,1708.9000401001128
104603,500132.76186709164
104605,3159.1025065262406
104606,852.0193697039704
104627,19343.985661750932
104635,35073.304148878386
104639,45717.258835323184
104648,8893.216459648303
104651,102533.54960752517
104652,24.336357090882757
104659,9.814495773587307
104680,97.49003385156671
104684,1961.4159702758693
104691,45302.830623627604
104694,5297.755291060036
104702,8428.381545909288
104704,0.0
104719,124.74454652742978
104729,75.19046602555872
104737,208.3181819922066
104739,11.504740669743947
104740,53.29124046155727
104741,58687.427931904334
104754,0.9600299356862204
104757,6279.527484591873
104765,60.026205999855776
104768,14940.21883296357
104781,43.971821200656706
104782,80.91498526622121
104812,0.0
104832,30267.251995690334
104843,0.0
104879,454.62785373642856
104887,837.347338809416
104888,5.4066906875471865
104903,2280.8057589443138
104952,161.01820381118475
104954,54.05259279741186
104982,139372.4245771224
105024,4789.445514919614
105026,988.3973718259763
105034,15765.85197752149
105056,17.848096850054386
105067,27335.80404604839
105070,351.65962529965753
105074,53869.4835328603
105076,69305.86880922703
105077,8109.681378736591
105079,6.591683331194647
105090,141.49959212556413
105099,12.78869630613559
105100,11221.15758050843
105104,2038.5831070734348
105108,60506.14821136763
105121,160805.53021909896
105135,309.2476786306061
105171,698.2207523533763
105184,883.81933658116
105192,2853.8084502136103
105221,8117.9451514505945
105227,4.270449671920299
105235,1.0297054282947276
105239,136.2891759715444
105240,85210.39223202766
105242,673.8937493779953
105246,1647.5757072745887
105256,3906.7626006456358
105291,0.0
105295,0.0
105298,73727.19460926426
105323,0.0
105349,539.7744969597596
105362,34.74905108103448
105372,1.0333350229212714
105417,17.127109438033422
105422,30.663533091527636
105426,152145.58592492662
105433,52.94538854611959
105442,166.0179891820595
105443,1536.326088114454
105461,1981.3244794492343
105462,21.18701615750604
105487,310515.80645417486
105493,1993.5582277188191
105504,3442.501884884532
105509,5.412747390380106
105515,27.96581048117544
105530,17.819398675797228
105534,342596.81463188527
105537,5.494926712499847
105542,44018.61818598984
105558,31.389537474223697
105586,7.014083122419931
105610,7298.292839699541
105611,5173.159622577927
105614,8131.934355506259
105616,295.4367098939666
105617,314469.912403582
105621,390.1047983854938
105624,5991.093942643243
105627,152.71312544405308
105629,13823.049121837716
105637,72.36898254738396
105641,2043.92118990755
105644,272914.7722186229
105670,142.77597816964945
105675,41.25347980408001
105678,79.87978483192869
105679,42387.68715340704
105696,22.616283212746843
105699,236.77346994844768
105703,3994.9842839351904
105722,5.056453288366943
105724,66792.76818922779
105728,125250.45287915862
105733,0.0
105745,74.76851306619974
105764,62.9207407571405
105791,30677.871269547464
105795,4952.709092521339
105808,91723.11283415089
105830,364817.97191766807
105834,100658.99829119885
105868,60.96962685879567
105873,51678.14579164936
105876,63.229545779165385
105890,1.0124581966680413
105913,22.576206543263304
105958,29108.623985149174
105973,37.472835920404194
105984,3647.586955627773
105986,44612.28899321982
105992,152.9687983714109
105993,51.417872250667294
106018,65.77923741311041
106053,30.582707786574083
106056,37908.19180759323
106065,7226.470446922955
106067,107674.43139638641
106070,203218.3712251749
106088,198.42889113736626
106104,3336.9050232516815
106138,5.421309566095491
106139,16.467688525764032
106179,192.81703776403293
106219,0.0
106253,0.0
106265,5847.599392159311
106269,12014.744758891244
106270,333.8694940761296
106282,85998.1974446359
106295,176.54336316830987
106300,8696.615607377686
106301,11676.1602702519
106317,312132.9326577409
106321,92.26395965664315
106327,7406.18393399627
106364,15484.930111608423
106367,42.35892636681322
106369,2214.793188184512
106373,1234.171536130318
106396,24087.654140397448
106397,265.293118540352
106404,1337.6965941292176
106410,368497.6731501097
106418,314.47888593170023
106435,14.792205290863023
106442,17418.33930693607
106451,3245.5152800591286
106468,366825.0505091364
106480,25.337186066268067
106485,260.704254228449
106490,95.77227399702478
106494,5404.220840685815
106501,302.3273958377197
106511,187798.8923961958
106532,410119.3299417647
106537,14468.616319857043
106539,33540.97145393414
106548,209923.32779332707
106553,1684.3738401168303
106554,228.01905621370352
106556,149.20850431300934
106559,2019.8423474030274
106567,10.647639266976924
106568,23.90648354054622
106569,603966.3392597978
106571,136.1888513892246
106590,5277.8738109941405
106596,113682.52959273523
106606,171.74901101912778
106610,25512.541591092788
106644,1.0353077967307964
106653,199.32502967142327
106654,1323.1143610567724
106658,3368.242704886006
106666,1967.488145862301
106688,20.014045415752125
106717,6000.835988684687
106724,48.18476650648217
106731,0.0
106765,0.0
106766,0.0
106770,0.0
106773,77.07763647265207
106777,82.18420517747914
106791,20.455197634537676
106797,5218.027932985871
106803,15.134617428759409
106818,11200.610543498697
106839,4589.757552591932
106854,9740.845953036827
106857,5.029264423221108
106866,58.75924112255645
106868,5245.623519950328
106885,245.55001562664233
106920,55915.524477555264
106925,1507.1298031030883
106936,70.97437217430077
106937,17.38872414482303
106939,22.945341586580515
106950,556.9757310443978
106951,4070.371434354277
106961,687.2505288215596
106993,16.060996278157038
106997,1.9450800330721056
107003,1585.523875087464
107025,1056.7253120446915
107030,2331.981462278325
107043,2353.9508384659307
107057,112065.53898865964
107059,1244.8993462869903
107061,183727.84785610889
107065,112.88009384178918
107069,94.48887198278499
107101,217.35065177576845
107104,26758.302790408303
107119,18226.22685069345
107141,80195.95149910117
107157,1356.7369927646037
107171,202.41125930227227
107197,0.0
107232,365.16831956609434
107242,101.01198652424746
107251,5400.501597744062
107255,2.1593358963784537
107289,1407.8872779323883
107293,1110.4514135640788
107304,88.50005877969433
107311,583.789372921815
107312,6.495450503485351
107323,14680.224011332624
107326,937.3153847043674
107337,30.091219348016885
107338,35.65106817852005
107343,23151.65285692728
107345,3.958183056011643
107349,7265.186973793957
107354,15006.565657925134
107370,2044.8184160088226
107383,89.20476425365369
107397,1113.8912323323577
107402,10006.70749709415
107407,1114.8305356041305
107411,407.63596609594646
107420,2241.1320339719896
107427,114.17157111511754
107431,58.77761627433169
107440,86.2102422332394
107446,846.1334517773491
107447,160910.18710050135
107464,3389.3894612129666
107485,815.1899982538941
107492,7200.22952885676
107495,79991.87962343279
107520,1150.6040327917938
107530,5.329230202634728
107546,5909.924216501037
107552,2024.870772669231
107556,254.3689857746429
107557,3095.1553359768036
107559,612.4794581381302
107568,1120.9227805662454
107575,0.0
107578,7.714299814098131
107587,16257.756713112856
107589,20.035427759415235
107590,0.0
107601,4779.671239816826
107613,10.434967353351302
107628,217.2063657505854
107632,525.1411597525258
107639,601.1808536343344
107644,31.81170273324858
107657,46272.85767953461
107672,257.62861551786347
107683,3037.7171721287878
107697,5394.7511674341695
107725,3179.6545616119647
107738,1215.0508656305617
107740,92.42370563324862
107759,7331.043761166048
107761,1343.7167130282946
107762,178435.41088583728
107779,4.714737870876169
107797,20758.385585682703
107813,2467.6960453157744
107816,118.55529282893573
107828,66.20547597739184
107831,12478.742838650505
107837,1940.724522810814
107851,35249.769655084914
107853,9.592991848093158
107855,6.464858963255201
107860,692.8986912071526
107880,1100.2597012425458
107896,167.91861496306376
107899,2081.941054825594
107907,11.070530365655088
107914,188.38663030065223
107915,200.69522457135304
107930,3044.141171662133
107933,3129.196808606504
107934,12.012117010612542
107936,1038.790609365539
107947,91.44059566349148
107948,268.6689317172652
107956,5.5612723806987585
107962,1.103922192733773
107965,3.1701601038622984
107967,3229.6297062412455
107971,123.66784311218166
107973,9.780238652541282
107975,37500.10801795249
107990,96.36531982075138
107994,0.0
107997,0.0
107998,277.57648229395824
107999,6.3847069273842925
108002,0.0
108045,246.10893561470166
108049,3.9965024477027153
108055,4.086866945940911
108064,339.89218269787517
108073,2322.797861541813
108078,2518.994937772338
108079,2.9308317285938257
108084,1.0200877311930086
108086,1930.5309256560731
108088,16.291015513285668
108096,137.13116637259145
108101,4547.593530243419
108117,11.55151730234667
108132,87.59445236947619
108141,2.013720510154131
108153,448.6655460016761
108201,0.9447797789872414
108202,2435.580494670739
108207,27.717539883394274
108232,96.64580415564983
108251,273483.26519588486
108267,797.3472299355524
108272,810.4387709990992
108286,45.871217384360115
108293,91.41280035396197
108297,3290.5418605270047
108309,0.9587596284696255
108316,5.130853843104768
108320,195.07678790081613
108326,33.61135908905889
108328,2948.870192639037
108342,415168.5128587484
108353,412.07090040263716
108363,15236.726209397371
108373,135626.85979432584
108374,34.755241253714246
108377,174.6368451987091
108397,40.58429860308591
108400,1.9332357083011396
108406,194404.93258904282
108418,7392.9731158179475
108423,4.1171342374725715
108424,2.853658124131976
108428,1132.8714250707067
108444,419157.3316589929
108461,1606.3903290415196
108463,199.44515294183861
108466,245.94581979076577
108469,87.19897987926274
108474,37.67918112907529
108485,463.94922169990207
108490,1966.7436043158032
108497,10.567095116992496
108512,7.614967528419242
108526,0.0
108532,447.1176927872722
108538,0.0
108543,13701.360031059297
108550,1.925817086165993
108551,26.75855248666669
108552,192.8881030558902
108553,70.60341376907792
108556,2309.9679747978507
108570,169.91437828797365
108572,12603.695972197364
108596,449989.52503315447
108604,41.568030991877585
108613,506.00345312761664
108619,120.21991347579446
108621,1155.8707260043955
108641,2.046320007411828
108662,7402.972241724617
108674,120.71850838094248
108691,141.71286775442093
108694,6960.409859485485
108704,339.42048250181335
108705,47.96429447265056
108724,28.489141606264212
108729,3254.6665529889683
108745,1388.6945359299496
108750,146001.9730889831
108790,35.30851795798566
108795,0.9528865977783575
108803,342.87932429940037
108806,32.432103661695294
108811,82.99564427955316
108818,209597.87554102732
108832,156.07204202518562
108839,34.35234424623944
108842,14.871353939218999
108854,6.655112058444034
108859,236.3198608246565
108863,529.8391829868427
108867,4029.041439587376
108900,14.01933525784502
108902,608.5797509223923
108922,15.604129718473573
108926,8.763381972168304
108941,0.009344636394272446
108961,142007.2021422356
108965,333.34532889757816
108998,0.0
109050,2254.1788716875567
109055,222730.20769376642
109068,586.8566000633076
109081,113.65072088519483
109087,98099.82278941653
109092,298.8570526293478
109093,38.260849999923956
109099,0.9617580833700787
109102,57.2912240460016
109103,36321.08419754041
109108,89.65273194108013
109112,53.84487938589338
109141,1097.5569361404991
109153,65.11867388191351
109154,73.44304428350429
109161,21452.282811064008
109166,27.315533512946068
109177,47.07056507922598
109215,383.09691283873536
109245,23.611304389450186
109250,97.22673210646121
109274,117.41786557460517
109285,16.168714059273373
109297,161786.40437931198
109336,4496.767547305028
109340,241.0483489130386
109341,4678.42180523075
109347,713.5783088991274
109354,6.227730666725047
109358,949.9948433842382
109364,65.55427887491489
109378,101.44463919853784
109387,160.35947463385898
109388,86.48113234489028
109394,2.106702088852977
109408,38028.02295447005
109413,0.0
109415,0.0
109430,440.12537761086463
109434,116.25467840818568
109443,854.4768745075864
109453,169304.66173369667
109459,0.0
109460,337.9097230355048
109476,10355.774416222048
109491,1284.1776223403397
109496,294.3188688865973
109510,54940.332104251676
109528,8524.903531898337
109542,4762.393644789207
109583,13103.154189077983
109601,161.2115049109592
109609,174496.64798656089
109623,6.37820976369025
109639,1263.2398019739433
109641,9976.286118532083
109643,2000.392451481694
109652,3198.4291064170507
109658,1346.3062895908631
109660,5895.960479816274
109663,54.29310154662259
109689,4798.9002977671225
109719,2.9362014048910807
109722,9013.325295265426
109734,8004.685251565673
109737,5651.056425218496
109739,1063.9988229305786
109741,224.1058850354508
109743,85.25105820362958
109766,626.9560463553464
109783,17.977478922299074
109792,25420.382179211127
109806,33106.29696516844
109820,11.755284630829697
109846,3320.57135144313
109850,9.092854633516337
109852,154.9869397372273
109859,296.84899966786804
109875,38.939942036520826
109899,8858.539590739303
109903,1.047901447355747
109919,2308.0282498519537
109932,342.2831610993479
109945,0.9923156807570651
109953,6.080766084894339
109958,0.0
109966,296.5420659692492
109979,15356.939306677103
109982,104980.85054563991
109997,126.9448266936658
110038,30256.572374700216
110051,78.86469134515167
110104,2.111343747928653
110113,2.832126762836464
110118,36.355226439670545
110120,7427.60381223551
110125,65.93071241313423
110137,5.097396184585499
110146,8145.768317585646
110147,117.99529671747513
110161,2625.2683565584266
110190,3329.2553644841605
110199,1317.3275562439223
110202,90.75589425804432
110247,1.0009988354247994
110255,804.3067062499074
110295,32.845277129420104
110300,21.658213104577076
110310,562.0355231229594
110313,968.5170878920148
110322,20.819108872624557
110326,18.079899970358536
110327,856.475010447409
110343,5990.934414000265
110360,4.811627243642381
110365,54.649097235713526
110366,417.4857844633466
110395,9.773288505074383
110402,456.63817136717614
110415,0.0
110431,2914.9851582842666
110434,87808.43955763435
110438,831.458462396115
110441,2404.470508035813
110446,26.623959911912394
110462,1.9992494013830209
110474,7101.896865700579
110488,659.0083331240861
110498,1730.6580324445824
110510,1888.650213188999
110513,2216.597505971517
110520,1371.1024165449599
110532,432.69808186906295
110543,20752.51394975824
110557,283.3944521436812
110574,17273.9129260127
110599,73803.94497963494
110617,167.53685119944367
110638,0.9386727207554559
110642,3.7687554864662016
110643,1467.5228417423514
110654,328.57013154712735
110657,4953.271521309683
110659,864.7148932444093
110662,6234.770817492928
110673,8744.762117123542
110674,57.47666823344549
110679,289126.44525282737
110691,1013.8941610181975
110695,311.4315713376278
110710,4540.764954315262
110714,2710.0932163951584
110727,139225.36613578376
110737,116094.71186678733
110748,21566.251963478164
110776,138750.65132617348
110779,258.7712567871201
110808,1731.699267864895
110845,157.5745221446823
110850,62111.51887055845
110854,23041.924461194125
110859,751.1353401858473
110875,0.0
110882,88730.88322437236
110884,0.0
110890,203.45595683305734
110897,235.95517021280816
110901,16559.197748744133
110903,1953.3562388202329
110942,0.0
110949,305.9345170396127
110951,141.9372502928348
110959,10.157058367125924
110961,6.4135449231189465
110964,25.976617400523004
110973,3890.575064464587
110983,12869.85444628153
110988,123.79478428879302
110996,224.17250797540476
111044,231.48523174018584
111058,138.35247920538689
111065,146.1216375620297
111096,257.6052898377352
111103,21177.57550833595
111107,62.50928528383836
111141,4783.081105591229
111150,0.9452601458471832
111154,13666.456067727684
111161,2.0116914349553907
111178,250.86006118017696
111193,8618.894940886488
111204,105.35177217716705
111206,167.50956205623314
111217,6431.459947771713
111249,554.701405171875
111260,182.1081628294626
111267,654.0395454057699
111269,3163.196363475857
111270,43.59020805057203
111271,60.75911090179274
111275,12.898387511122833
111287,310482.5908287127
111295,5219.443165740297
111298,199732.69665963476
111301,189.55072250563782
111310,14785.010997704425
111322,9550.959511381165
111349,25.569831363253414
111359,1492.3250927483273
111364,806.4447725998617
111365,5.268289132526398
111367,3.2043381478121713
111386,238.27121972096813
111394,10.034364218265125
111400,3214.690616185828
111402,928.1244025593588
111406,11.358793764722495
111411,29.965565414892517
111422,10.34529188401594
111427,15405.651864203159
111436,0.0
111451,102.0341766923228
111453,129.7795727118755
111488,1947.1296058354108
111501,314.7590209372171
111503,22124.072743658937
111504,2204.563210032039
111511,19.116921462827186
111533,13.907114517389232
111541,11.98334304426618
111575,814.1657460024545
111587,24615.54695205713
111598,9061.67230768197
111633,121.67747907602751
111637,180.27043097413912
111647,195.36352680342512
111668,216.262397014172
111678,30319.462012130567
111706,178.02383589732426
111707,414992.06346354156
111712,79.90678745105645
111719,5.224393876755233
111726,26231.762211801626
111729,6572.852171948766
111731,132.82824542178452
111745,1250.2147328472731
111748,46048.49531086141
111749,532.7716412043471
111750,12238.088292553442
111771,305.85098983159315
111784,11133.686307418662
111797,92.86346311293447
111801,51945.76683988081
111815,193.4098956359603
111817,42295.44035544927
111832,811.65777797739
111841,9605.54830256597
111844,31254.026243762328
111845,47.06080532208366
111848,1984.5019286807124
111859,658.8946214772883
111862,137.47619602946816
111889,23.192033209738906
111892,8321.291434614894
111906,10.11257906452836
111908,29913.8637828956
111918,7497.547309642228
111923,0.0
111924,0.0
111931,0.0
111936,492.8483599314273
111942,209.47493332692324
111970,0.0
111979,37.00900930154611
111999,73.93361323123855
112007,15.069421614390894
112010,23493.072570596905
112011,4.2747530983854265
112017,524.960348475893
112018,13.921421667961322
112024,2.0565448639118697
112044,3276.763141110817
112054,65.05378481044795
112079,3.944157231819088
112080,25653.1910214245
112082,83.99201385192856
112085,598.0546721982724
112098,522.3676020010528
112119,3.902276107400821
112125,2.0314577949787793
112149,4.889584662815123
112160,1536.810996118209
112161,569.0856239318346
112168,2.0262822786626575
112185,12.534185302933944
112186,17.185236393906983
112187,66.55250903178931
112198,1409.7153616752903
112226,4645.631673755941
112227,1816.8470147784344
112232,9188.193078448357
112245,518.0222892379385
112253,30868.653721540733
112259,22918.431348999162
112279,9860.06662318285
112285,20919.695822098372
112289,402.0476917404573
112307,1011.5791093197403
112309,43.94583629965422
112312,129944.2374396284
112316,35.37211765029125
112330,3728.159398084835
112348,7064.078959309143
112364,1462.1247418671687
112366,103472.82127666297
112370,170788.41840383864
112390,847.3098484201031
112404,19511.684482262823
112405,0.0
112409,0.0
112410,0.0
112428,84.34234062053908
112442,24848.694766191533
112465,290.6549847200799
112469,177.85446537622474
112471,0.0
112496,304.528650892269
112500,6295.671517250444
112516,270.35932716573785
112518,207.20344825009096
112541,25843.800040500857
112545,249.50067385750174
112569,239.9706174848266
112586,0.952411034648826
112601,543.0285090264539
112606,37052.34400596597
112610,753.0193263481858
112621,149026.32115410897
112626,3091.039512689088
112633,685.5166522896812
112636,24124.62279744436
112649,953.796924390252
112671,0.9253338204121623
112677,448.34148366797496
112678,71056.20964625894
112688,349895.75953218504
112706,54811.01582593418
112715,429465.7603138311
112724,6632.5510734971385
112730,1758.763861546694
112732,4858.977506006778
112737,79976.89477732658
112748,123946.45078146447
112767,159.59235461413874
112771,10.251159008171609
112775,118519.58024577686
112780,1108.5067144797426
112783,255.97528378517293
112793,48.370077038748924
112795,7790.904207322031
112802,3431.907265376048
112823,375.8908358055857
112824,49.244098501043645
112851,69867.57174224163
112853,0.0
112855,128808.62224405895
112862,250.13708737944557
112869,196357.54989925606
112873,0.0
112901,859.5716087169111
112902,207530.83352493538
112908,180.7828184895841
112935,19.984709755541424
112944,233390.47277219105
112955,128.112855444083
112956,2.7953569433130023
112993,1894.91966760737
112998,132.48497107523025
112999,3417.1974216076005
113014,326.99745913179663
113020,181.95971051368218
113021,174.05333475847456
113043,247904.68210688556
113057,399961.1742184219
113063,9873.736467337894
113064,60.256436954496266
113066,205977.6919051606
113069,108.6175328748087
113070,7.832935580069252
113072,704.2275559060931
113087,10457.157843772919
113094,1048.7932832579472
113097,5687.834281327589
113099,420.6976978818172
113135,21929.245625899308
113140,751.0076773710227
113154,280522.4014196302
113160,162.75263185988877
113162,1253.8207711424802
113169,1170.9266964742233
113171,1640.8563392837252
113180,235.76681289018256
113187,369005.23471097584
113189,27871.322401750702
113194,1631.828021185818
113208,407.255185931646
113210,442.05956735576086
113215,1761.8467083905189
113228,1164.4605244744557
113243,492.4836538838352
113259,7914.505196475778
113264,875.6844963549617
113267,771.9474651895998
113280,0.0
113281,588.9270640198845
113283,493.66716414816904
113289,0.0
113296,25.659378294097728
113309,9940.370740232214
113321,1558.5609284292777
113325,220.49764270455182
113328,823.6268793798696
113343,16461.669150182242
113364,11.569725668009848
113369,181.40594451977125
113375,14761.459873354639
113400,445.20299175524343
113407,985.0638211973913
113410,2.9621774871007838
113411,171.34733045284997
113430,12634.385668496623
113431,9069.145041885438
113438,5978.238434460562
113469,175323.91413135114
113477,19672.439214846385
113480,20.04825663054083
113481,12556.463238921537
113508,37.65615142376228
113514,129289.8911449749
113532,845572.2631195367
113549,29509.225162138686
113553,58.62132876036265
113570,187.18702997063616
113596,10545.966418916054
113605,54358.88521016336
113613,2454.239925509829
113632,49487.836207870074
113672,309.435016125783
113682,144.9567213776185
113689,42116.13751739315
113699,1530.5769741305685
113703,0.0
113710,11112.581620538998
113721,288.6462551927981
113725,9505.54238109494
113728,0.01002109443216067
113733,1051.4122278788295
113734,34756.247498062185
113735,285.01359885004024
113745,0.0
113749,0.0
113760,281.42555103342823
113773,321.0907541783603
113775,32462.186849012625
113798,133.35324573690858
113799,40286.193562614935
113814,1683.873248171038
113816,155.43584489731197
113817,110.5709340220859
113826,203.15271830465466
113844,59238.21523277603
113847,6399.386155699704
113854,3778.5979197719053
113864,65.9575550246826
113868,3519.6049774159346
113873,60.60657073872307
113880,22.742192807077863
113884,25090.898592064255
113899,37.915620869809466
113925,499.5846381320216
113936,17.47190356909394
113955,11.449640211654266
113960,74.98319146539232
113970,140.21363487878222
113978,23109.290254889278
114003,84.50199964088107
114005,16122.55979516633
114011,95.91442200164526
114039,29.0857507706623
114041,12.023865087872279
114057,10.510652791359776
114060,74.21351547524782
114061,85.9453426995964
114096,25.93712724516591
114102,1653.3183776987694
114112,115.4742290756027
114135,51124.65104071287
114142,0.0
114175,1342.1788661704702
114178,1208.1556782796715
114182,77610.91343799658
114194,2860.1247279992976
114200,103.08453422563764
114227,438.66995359026237
114236,38279.97833121872
114247,69046.1848541103
114254,77.31025833553076
114266,63031.36046243042
114275,96.51905478638736
114279,2079.7675725012637
114312,2010.1360572845213
114319,108071.27046185781
114328,3462.2733658680936
114341,90.85127236379431
114362,2667.029136283326
114363,356.07607329641746
114365,1923.61478841879
114377,3100.669531693582
114378,0.9200016534704573
114389,154.80808856365672
114410,7586.349818840954
114433,6302.207027086793
114442,6509.500131512442
114452,361.5597536422901
114462,319.4101694234865
114467,10.684248713794727
114470,304.9855693346073
114494,3096.069813394268
114506,3652.3315226724894
114533,270.2351202268334
114541,68.76282714631833
114544,1.0529676566501402
114557,98479.60591200233
114580,556.1805227374126
114598,15.208516116055645
114599,104.07363869260294
114606,320.4781900790354
114623,0.0
114625,0.0
114631,858.6967040436691
114633,0.0
114645,301.56139179002633
114659,0.0
114668,0.0
114691,63.48035656129781
114695,186.482572481547
114697,272956.1396381547
114701,3368.417689648908
114705,2.828005544486846
114722,347.8291223017678
114727,5655.933627572517
114760,22147.605367058117
114762,8.314128085151472
114767,1575.4240632191297
114773,731.0157135334513
114788,174.43535091835344
114795,4408.102872657303
114808,262956.0049256576
114819,199.16562965465695
114834,306.57017325695324
114838,21521.76745118053
114860,132464.4998367264
114872,307.1938178360125
114886,1.028143875053055
114892,143273.0456185517
114902,38.86300042028013
114910,13.413392841284082
114914,5215.098635182281
114917,101019.48428188908
114934,274.4591549994286
114937,33.61311621231495
114942,23.03944544094533
114955,215.64661762706655
114964,216.90137996445992
114972,11158.21717570558
114995,394.28876751016026
114996,1160.855553608058
115004,1569.0429581038502
115008,320382.79169389885
115018,0.996374065932506
115031,16488.713886773632
115040,31416.93077923724
115047,134.76103336786068
115056,47472.03908000154
115071,1414.909055910332
115077,1189.6399186559784
115094,0.0
115101,158.14336716029078
115103,0.0
115107,0.0
115108,342.20237006863465
115121,5166.017656545923
115123,842.8080853709514
115127,1197.0701401545493
115137,0.0
115147,0.0
115152,12956.34276012899
115161,0.9886166390707541
115167,224655.57203332026
115168,16.326651552648723
115178,19059.88374253596
115191,539.2204380371693
115199,202.46443554184447
115205,850.7848995893394
115208,909.2422976266943
115211,23707.49314187744
115218,8.9631894914575
115219,3181.922118394516
115240,61811.21819392398
115253,2325.1289699062727
115260,1312.8343638042888
115269,14968.753401775786
115283,138838.31429121492
115291,2488.6670003066033
115303,686.8319753909124
115305,263106.8616873578
115322,836.7234854720048
115359,5600.781917649508
115405,106.21385792249045
115407,196.44162308188405
115412,3524.7868799882417
115416,1606.0165074203426
115420,61726.66891181087
115446,260917.98749359607
115447,228.34184763015242
115452,79.08078236942562
115485,10.977704817008402
115498,29.170380942800524
115500,632.0445917195788
115534,30454.005762355642
115536,0.0
115539,0.0
115563,505.5848091788787
115569,2075.8546537718858
115575,133.83808939349856
115578,607.0641134506862
115587,0.0
115589,1962.745395382061
115595,0.0
115615,188.82020906172008
115629,21116.223377363014
115630,6999.726000481603
115646,1.0389228877708698
115652,394.6063338210567
115655,142664.84289254315
115684,741.300937894789
115704,154.24490701587567
115739,5912.377491013754
115740,8.070198718434153
115754,230.16792223256934
115758,233.01989387941342
115763,521.5042316945751
115770,2.447069834040994
115773,2278.17341940979
115787,117252.17513277482
115798,691.8223917837948
115810,1.7107117860888976
115823,1752.7483790172428
115825,2.081211577742075
115828,186391.6403218898
115832,82061.67234816717
115839,872.1418130303231
115865,2.931473468916396
115880,2464.542371346256
115903,3840.160948969733
115928,3592.2075811118452
115931,15598.630146078316
115947,21.429631198196745
115950,5.104697828913659
115961,2987.629350915206
115964,8314.940098324745
115978,7.130165650508214
116007,28.670228192475378
116008,1.0560020262842646
116010,1361.260839195408
116014,4212.409853523838
116017,67338.05281263162
116020,880.1245924265734
116031,106.4764688792144
116045,407.8304943393645
116048,3.1592953243927604
116054,2250.9173211420157
116067,0.0
116070,0.0
116078,0.0
116083,64.06885102913066
116093,534.3142723775634
116120,4.95796965530015
116134,5330.282647063968
116135,325.2770820664749
116161,11548.665424582518
116164,937.7527509401834
116168,5808.299304526013
116209,1101.330448752602
116225,3785.595476378651
116240,656.2957258290452
116248,78177.60090660362
116257,166072.77590577284
116267,947.892846696405
116270,2639.3850722502884
116271,1.951910089234175
116273,1320.6645971806931
116287,121.03769006770459
116303,144538.12758555746
116326,8.237983527651442
116328,8075.960891590754
116349,1846.266211846075
116373,223675.66439837418
116424,1629.524421162567
116448,22603.53966379982
116455,17.326413182768334
116475,131.19916936427262
116477,30906.662390038942
116484,1388.4500883597923
116528,18992.93625189033
116529,187.43382741081848
116534,0.0
116543,23343.73844226385
116564,447.4776103434531
116566,156611.4419250621
116574,515.4853275976321
116579,0.0
116580,0.0
116592,19520.998824967886
116596,0.0
116599,24.290479431521728
116603,1.0774165593231266
116626,2576.966275167857
116631,4272.89370850054
116650,18859.654062294452
116658,152.72663801830276
116671,3.9011890346708538
116688,24.639408675278275
116706,128765.2956563834
116707,32.765216320844374
116738,45941.13029890494
116748,177.06965814370326
116749,10808.897220773706
116783,4479.6257302665435
116793,99977.22351857794
116794,1433.40372167763
116797,6.185174470892385
116801,180780.36789916325
116828,166019.70071193622
116830,1201.5326308383299
116836,340802.13575134496
116866,4094.894791250408
116872,468212.8880625002
116886,927.6846214227596
116894,2073.75398279095
116895,65.26924531820693
116899,103283.75018188535
116900,2165.6709755712136
116930,264285.6141453784
116953,0.0
116955,1.0644055857481705
116969,8815.414578509739
116980,3337.4037949349286
117006,1640.947703891164
117009,1.0258132898357712
117014,5889.878164808668
117019,181457.47686201913
117020,20.266890040114177
117031,4519.144116386159
117038,3953.690722500121
117039,68631.82154661386
117046,12947.120925084842
117047,778.5268328709918
117074,3177.408874326986
117087,192932.72551962407
117118,674.4224564821805
117119,1662.8163278142263
117123,66157.69577933992
117124,2192.6084924882016
117130,16202.708870806255
117137,0.9891024662165901
117144,115426.07780742335
117151,2011.6848199961364
117155,152940.56132441058
117159,131.12788382932177
117192,81.49084661899859
117202,24.57928862896469
117203,56114.789185117406
117205,4655.317495035324
117207,1051.8477711006508
117211,91203.68075952855
117227,9.087455143918856
117230,28041.154204404844
117232,6080.679632259009
117241,15163.292825688683
117251,894.3314266047353
117263,366.9094030394875
117268,13904.153446879664
117269,3.230801955224895
117279,548.3169476908623
117282,184019.83641710447
117283,3809.9990084643805
117300,819.8615001470408
117304,226.02359197678652
117310,3758.1984356179123
117312,3.148450778044818
117331,4.082800286625514
117335,313370.8817322682
117339,404.3120598765226
117366,399648.45626294997
117373,1319.7494697132838
117376,2.8531414104730963
117405,45587.23770761016
117422,3948.5559368998843
117423,102.81384027223339
117438,278154.6366779614
117463,2205.716501517473
117465,82318.12423346016
117481,235.4341633382735
117482,1149.5035710880893
117488,553.1219122661777
117490,117.94110723209243
117491,67507.28656303725
117492,0.9611460484909099
117495,87.5809223687681
117513,267.7125611846532
117514,73.39447560100879
117524,379.3388814687333
117526,35834.156633130166
117533,347.84800147052584
117544,227.73477807258112
117546,0.0
117557,5931.052920714137
117574,342274.90074511315
117584,8502.141270948341
117603,789.1829621009234
117637,144.85571982226844
117647,39448.66535800256
117648,37.944038318049905
117675,1871.074329860745
117678,162.69356058137578
117698,4065.310812023515
117715,13353.397299223403
117734,283.5529239100127
117735,331.7270250301837
117738,20814.30700038672
117746,28276.202127118868
117774,120.35649186111536
117797,529.7406397793286
117812,45025.397995722575
117813,226.37285231342096
117844,3.1077223984051843
117845,100.07513724016641
117847,8525.25338508473
117850,516231.5161780503
117862,5369.960199182271
117871,518.7300448305505
117875,4687.347150311917
117902,70392.5479646693
117903,8.226754336668456
117912,1.8788564005109563
117922,12.428483745610853
117923,2193.16409090854
117939,21.06323259894753
117940,2716.4449246390545
117945,130.3059680021461
117957,6185.675763732371
117998,66662.4397361077
118000,28046.454592637754
118006,76322.34052065975
118018,0.0
118022,83.03149395388996
118031,7719.546842052787
118037,189145.29447742607
118045,5291.419949560683
118060,0.0
118062,0.0
118095,635.835705250375
118117,11.94391041537183
118133,4676.501126927573
118141,5736.262985525217
118174,106223.67793512212
118190,33483.96052256218
118192,81.83194165910898
118202,125956.47558158368
118205,8295.149797109494
118206,3488.3650768331563
118220,1.0577801672978058
118226,1868.4297709540992
118227,9.191195669522198
118231,7.811665318467428
118237,35083.41798321165
118241,12614.630586942912
118244,1591.2294766584403
118246,2901.3217787152416
118283,323.9417955596193
118294,11648.117504058502
118300,836.4728601750586
118303,139.6882055269434
118309,4301.840397704214
118313,2963.9264840586566
118317,50.89260238216401
118321,805.17467107416
118331,3054.245651002448
118332,49239.9522089647
118333,4.661821304680759
118335,519.4160152532578
118340,151873.26467898313
118341,2198.494221333184
118342,40427.35835412786
118354,853.5020772975369
118368,911.8999382616099
118391,831.3272320688571
118410,3065.3354037865356
118421,312.99141053850815
118422,5967.604746713763
118430,194242.80118142633
118433,12.869785073714871
118435,730.4775662858483
118440,12.386504890986249
118452,155.97396648519126
118455,34204.83761849041
118472,1010.0383780935965
118479,4035.4160985759836
118502,551.4339381982082
118513,105793.22984921215
118514,1208.9250737437399
118520,2756.937276591547
118529,0.0
118535,1281.3484369877572
118547,18.853416408408748
118555,1192.9417332245766
118562,823.5740287515576
118571,0.0
118572,8.957481032905811
118580,0.0
118585,1094.8546149203569
118602,1441.8336543876412
118605,1541.9214829849846
118613,20.176064714714048
118615,60.595373660081506
118617,1904.1394076451145
118638,43.71739570985608
118642,27.8854165308408
118658,17890.33526851177
118674,9554.29576928762
118679,2067.1906592055293
118684,202.22583084966098
118685,175.27638923578672
118687,18346.735412190086
118702,10327.260769403498
118752,82477.8665117822
118768,170.54007878989765
118778,138.80652380129334
118790,1808.7770442994681
118794,26.150179862540853
118811,1175.47257407166
118816,1561.8967460606
118818,50883.39023419791
118825,5464.4842007516545
118848,36.33273581193326
118856,23.035943245663393
118860,2249.9171472702474
118877,221431.25791835456
118895,4041.4840249309045
118909,382.0335620988217
118911,191.0844337623883
118914,1912.5946493683703
118920,346062.0173655205
118943,105.17771664921771
118944,2702.974653815307
118949,143.26445089935098
118957,1580.9143816943442
118966,339.47976277004096
118967,58.66349333459785
118996,45819.14654002539
119010,948.1739592418431
119013,1130.5067483567439
119023,35947.155836165686
119027,54309.10756054649
119032,0.0
119035,2115.5633606921247
119053,2263.7121437743203
119055,88832.80510738528
119066,2074.4063727193193
119082,0.0
119094,9.152072706360016
119103,1704.6213192227412
119112,63152.52368338881
119113,64149.647795328194
119114,16919.220112348583
119117,12.495639790381286
119129,74096.13095209314
119141,15.775923839033062
119146,97.56607888957946
119149,288954.5978714704
119150,4.135312303951529
119178,13.172177942133416
119190,700.4178509776006
119214,449.25660181186566
119248,1823.241169391009
119251,145.55151298833644
119252,78.70449961334782
119280,14.63976215417077
119298,4416.696744860812
119307,38.05106118891784
119318,611.4927013803003
119336,41739.238960452276
119364,4670.05139623868
119414,1918.0938736194346
119427,315.2208814874287
119471,179.32530173188368
119477,109395.83601774256
119482,0.0
119485,97.25288647301403
119486,16.645631089464075
119489,833.5349259467445
119491,1.0675990527483947
119504,741.4738700961624
119508,1233.802197664763
119526,105.85562732257546
119550,83.79656510899189
119554,2419.618809686593
119555,496.26668064198344
119559,1066.6070497555124
119573,43.71079584767422
119575,2637.8086292421463
119590,104642.65458926783
119604,2979.9704068106853
119608,692.9986584658893
119614,61.595138112915826
119620,977.2603561644953
119622,737.1382498452339
119632,1090.8718446142943
119637,58124.7860936448
119649,496.68549222119094
119661,62409.81755299363
119668,71.51749652877575
119671,696.2076641808757
119672,804.379935143169
119688,623.0430353408675
119697,106.0608537919583
119744,551.691114844946
119750,34901.16925438184
119759,107495.30406517713
119770,266.38970313891144
119775,7235.567851457546
119778,7727.582057679398
119793,182673.56963666689
119797,2419.038040706817
119834,6.108128792659356
119849,3535.378592293932
119872,30.38273966772879
119892,0.0
119893,0.0
119901,0.0
119902,0.0
119907,13525.788548445127
119917,43893.169544133016
119963,257.3951092449037
119996,54170.07746727955
119997,4858.304428545727
120011,61.070553514519034
120013,4279.446647139026
120016,4.106915251112391
120022,28.388362530285338
120045,28283.814363742582
120088,30.5034623658892
120099,1336.2901787434953
120100,16.875561517577886
120109,16855.721620819604
120125,34945.28111807668
120136,341.89065472246085
120151,1360.895445051444
120158,381.14847143004727
120161,5721.63421286817
120167,4899.657398741406
120171,2192.5171988110724
120177,80617.60370931283
120190,5189.437512646114
120206,40222.542276913475
120215,73959.30847186205
120243,1007.4830825975137
120244,494.1835103604455
120246,14373.714110706454
120255,4189.252954731189
120263,2546.7529111446047
120269,186.4157701260978
120272,1340.0254908014622
120279,10665.930553088494
120296,73.41111487122248
120297,188.01248102722704
120317,14554.047871392315
120325,51041.07801638235
120328,0.0
120334,0.0
120369,0.0
120373,0.0
120383,26.140787710231592
120390,82046.75587091107
120401,187.07136098702307
120421,16586.372019518272
120445,40.065669850057084
120452,3579.267719158453
120456,85.41212552087549
120470,75960.25426645603
120473,4196.015098561269
120477,2828.9224164609673
120484,481.62917812437234
120504,1861.3713222825613
120510,60.29594713039426
120552,115566.84059961993
120559,14.874372018902072
120562,77.47616591092492
120564,3341.6246791162425
120567,1127.3284943448775
120583,1.0580364487476828
120585,6338.9910260535535
120588,14535.077073208526
120595,24.959472801238142
120603,685.4397341009269
120610,28.791504884847292
120611,1243.6452141453994
120620,17845.141359922287
120628,4997.468268163601
120642,53.82533502791536
120643,1421.777994593179
120644,6056.212082695936
120662,6412.612823059402
120665,11487.653274081205
120670,1664.8501668357328
120681,94.31359569188014
120692,10833.270391517455
120702,201.38238476619225
120712,95.15157602966187
120723,59.18553325640025
120729,3035.514344236438
120736,436.83394402934465
120746,32010.74518701051
120805,13374.816793196082
120812,7029.164440466031
120813,2337.090733718291
120816,11238.269211161181
120821,27.303461093617717
120826,32958.83971273939
120837,208.19079519385937
120855,235.19119564001767
120864,8219.345176345923
120870,12783.558875132418
120875,25696.771175351165
120878,10261.386893920395
120888,435.4067976805641
120895,19435.401703399522
120904,7.204561386768968
120913,2207.995217595234
120915,394.2109832299588
120916,1732.3938169550458
120927,34265.84561322442
120937,237.29635520555559
120944,2226.3106224530784
120954,540.6868077003471
120955,12101.467292175766
120956,4716.958686669606
120971,10357.415354513354
120990,0.0
121028,0.0
121036,2755.7955406248147
121037,0.0
121039,998.5761916714605
121053,9433.697663678378
121057,18154.35420743124
121071,94.06744813161667
121076,1906.187399456604
121081,21244.899280503996
121083,35336.94883610368
121086,8846.554130019284
121093,3571.139484837256
121100,41.41968837369352
121107,19491.83473975648
121114,6296.506569338133
121116,77759.42509815848
121117,199.9110474541921
121146,103.12256135356137
121148,5251.967651418109
121170,219880.5714751389
121180,83.33412913302246
121196,15483.341674864027
121204,11202.604418197547
121222,37302.453267895864
121226,15738.306261005908
121231,2567.673115463349
121250,20655.288558614495
121259,28466.242043756083
121265,1.0056369215980596
121271,123.06600073087608
121274,250.53136173946658
121281,15.644395807547726
121309,7749.225135376218
121331,13.483276090089575
121342,6941.059047131544
121343,6633.366078946737
121364,1068.8921555184018
121403,814.5677083726666
121414,9.205596580508045
121418,5028.106571385509
121429,798.2819347939609
121440,0.9521526488427229
121446,14565.612583636623
121470,0.0
121482,0.0
121486,16042.016406537536
121488,40.692901977900526
121489,8.648760031148857
121491,4.61020850277703
121504,4166.569426737738
121520,21255.57961054332
121521,0.0
121536,29.863305435930844
121545,7.49145851982615
121565,7124.278658599722
121567,121.80280806372082
121572,1680.4774849060313
121581,18433.756171814115
121595,435392.7513328069
121604,581800.8873442706
121639,23.98260334805262
121642,13.265763518581776
121643,1.9307347459629822
121647,8254.139638415058
121667,55.919606063381735
121681,338.61944434099973
121686,256.8917458414233
121688,2132.7551836000894
121692,5.387555041962723
121693,51.36735638739621
121699,375.00611167619843
121700,2371.703239689965
121723,16.45738482325438
121724,716.430646177011
121726,88.39912559014088
121733,686.7297055193909
121742,1.9876514923395188
121764,236.90277085929387
121783,193.90163942094958
121787,749233.1815253372
121814,16.892906948405724
121817,550.9917165373968
121818,1736.8438170456168
121821,90.58639653341811
121836,5.986963149451368
121837,2255.0106542072563
121841,776.5388930382543
121843,455.3020459158991
121864,6.40217171775854
121866,14133.517945540814
121871,5536.559035950183
121887,647.5715767557499
121889,2226.091649981504
121891,3.808289200779085
121934,1130.8500476536947
121936,2930.161208431603
121939,2781.435347436013
121941,0.0
121949,0.0
121950,781.4139107285567
121956,909.9698086666257
121959,2768.650751348406
121984,671.9082513598187
121990,2.1624689035886675
121994,213.59345928587905
122010,6.1492442694983485
122012,21.529707093557164
122013,24666.221370728093
122034,9.79873150377131
122035,443.08166777535365
122059,15075.56275045935
122070,732.1887086310495
122078,3878.201958546761
122082,483.20133208758836
122088,250.1913392130784
122090,42.19507463724134
122093,3154.720992123924
122100,736.3975948766345
122105,8.541458327476176
122123,216.86867529804292
122126,3.083029117158273
122129,390.8119700820928
122140,20.1305192846539
122162,17.66096599941311
122172,205.90764098546757
122182,973.5037809965789
122183,778.7442588595308
122187,0.9178398669616672
122188,0.9957263565286992
122191,54163.37991017532
122196,1158.6280654241723
122208,430.8520000310736
122225,203.44187410726695
122230,89.39102744990129
122238,96308.22831797601
122248,102492.31214934957
122253,658152.874550504
122261,602.8044760695534
122265,0.0
122267,592.6075229860639
122268,206907.38123485207
122284,52.661560052183255
122302,1044.4297518932108
122305,1038.5443868683637
122306,118.14420538873324
122310,3738.6416294628893
122331,3305.553563787594
122377,10580.685606572584
122399,159.19490685497294
122421,115.54058519383274
122424,725.0902260359404
122462,753.5569585927186
122475,43414.18672543867
122483,1824.7862151996417
122494,7.569132939354686
122513,333.7240181580527
122516,3292.788044838343
122517,6431.933390183276
122521,14894.62258890803
122532,1103.1841937780891
122536,3085.181346091461
122558,2199.557768864805
122587,153.36853722947103
122590,1015.9052737234956
122602,895.8717262006688
122609,21.13588818616
122642,42.22421507283569
122646,2036.2352421366513
122648,4177.653799208044
122661,105239.21880542701
122663,175.6701165730614
122668,43.98131171446451
122682,963.0469025533672
122684,1999.327231952197
122690,9409.124509944508
122700,490.57725088557373
122709,5590.944660487384
122714,242502.04115867912
122718,3760.2928873105666
122722,154628.1523309659
122735,5010.486554610185
122748,0.0
122757,5544726.6910237195
122761,27324.345658608625
122782,96.7561458530611
122797,2323.118117018037
122800,276.08398810121105
122801,855.5590589876197
122804,893.1592706725123
122805,31134.735922710835
122809,388.3575237223422
122815,157017.42214390726
122816,17317.874715989303
122841,186.02213463009173
122846,1687.5222472154433
122848,10402.847066915654
122861,3844.7971466336994
122867,1586.494776895283
122876,100.07373729832747
122905,22478.02497329226
122906,97.77291318772669
122915,4104.973851477967
122918,967549.6878813633
122930,4498698.337129429
122941,96.97703043400298
122942,6907.502045973793
122958,292.7726300793618
122964,252655.0593207479
123013,99.11241436473954
123014,280.82548019793296
123024,122348.10123192071
123027,7468.638796665815
123039,26096.75499438845
123049,139498.7498859348
123057,3484.548007693985
123064,30.426354448399245
123084,102.97553879358962
123087,1740.0587162486192
123089,88991.61874159545
123096,92964.74181528758
123111,25228.551633682495
123118,8559350.222109461
123128,17392.182388277117
123129,98.23256708939554
123161,2234.7186502670334
123166,14740.168938104982
123174,977.5007078213854
123175,0.9814225994600324
123186,1356.4176716205884
123188,2647.132054823755
123205,101.56224224783105
123209,294.3933395229939
123211,1230.6942325446273
123215,28071.967866876792
123216,0.0
123218,5580.856488484541
123234,32403.66849705662
123239,9.934758993422019
123245,43766.274872588925
123256,617.4213243471138
123268,1630.0050438541703
123275,41717.71658333555
123281,1159.7043982542293
123290,102.19708725299033
123313,26241.917457979027
123314,640.4060469370132
123321,591.6734135938228
123322,3412.878413444556
123347,104.42851294298467
123350,17438.699914799687
123352,1166.811863031332
123354,556.8535916386505
123355,105.31467108049746
123376,3.0804198863889107
123383,14.67940648351482
123386,2.0123577962408183
123387,8.010084091514564
123392,25.89262855343479
123394,16.373990691791725
123414,48241.13620907653
123430,194.88963361853337
123438,263426.79872693133
123453,21872.127815656455
123462,1016.7964994301735
123487,7717.790733093438
123489,103.53377094679041
123501,15117.81809694518
123515,669.3953532491341
123521,5885.39214747223
123534,186056.3377434929
123536,26941.70791028429
123555,696.2734342860548
123562,5993.59394785646
123595,4116.6316992722595
123610,273134.09416109725
123618,22976.213392294074
123619,2898.4932325056116
123649,2958.280237658327
123662,1316.6326264016132
123664,2649.7946264613875
123667,472.87460889364974
123670,723.5465067419973
123679,14559.27264473878
123706,968.8782271216822
123714,98.041335853821
123721,208981.8863225657
123722,75598.0051817785
123764,37.78399869085079
123765,30.32413210837488
123795,299155.3388518165
123813,331053.86616774957
123834,982.3825800532871
123835,51498.901007100925
123887,103.18415815535617
123897,1425.8567013297222
123901,114278.34323018265
123902,107354.91452163103
123906,104.16486749310603
123916,150.86568372793332
123917,1193.1448640965082
123922,29677.448775924153
123927,142357.38346026774
123942,114884.9383815904
123960,195.128126935508
123968,24292.852759289588
123970,1093.8564621697483
123983,49493.65185495325
124003,31900.152184860228
124012,27145.283256540202
124027,187.13563814910836
124029,104.40988846876742
124038,138919.53001485846
124049,4782.563833253418
124052,285.58342022758717
124068,103.56037279027066
124080,4742.584930936459
124087,8315.576062939475
124099,96.94519857610418
124101,504.63658779385713
124104,1204.9027082657617
124110,2968.514300641354
124112,9218.518249205195
124113,5348.117002425968
124117,204.80575790972523
124133,3002.1330302338565
124160,208.8907450388755
124163,129031.59250589485
124174,105.20719199817593
124185,16.66765812687345
124211,76907.01315788215
124217,4211.089886378884
124219,815185.5024192127
124224,1164884.2331572934
124235,129130.93465182294
124239,13883.64222203625
124258,10375.266824707314
124259,436755.2306091192
124262,213.54104666415853
124264,10625.035596338075
124294,297.8006600224707
124298,586495.4258342469
124305,2130.748621864974
124329,10692.477725269815
124349,48216.58439765127
124364,2609045.8586779167
124367,12141.254118343744
124377,680.9034646687742
124390,2818.331893868309
124440,39202.72486822851
124483,1240.2022371098753
124490,647.8989672334083
124522,3297.335255246216
124528,32626.640717414786
124531,401.5979807555851
124536,1312.8081645300103
124571,7589.263649762265
124575,40472.71030321213
124585,3051.757915487685
124599,549.1510184134142
124600,320.2037246361036
124606,44.07013542968545
124609,10.394369543521995
124617,1.9871779030728438
124623,61577.215463340355
124636,4008229.2402500664
124642,33.72117207260412
124644,5735.283735587575
124648,27252.7114988
124671,32769.59461509662
124686,40162.08085951915
124691,2552.8361622176003
124705,463.7011705163842
124710,107484.49589413762
124721,3788690.7154318583
124733,527.3007949160314
124736,2132.073595867665
124744,216.9775692682523
124747,188.69459040638876
124766,11371.408385491119
124769,56703.50783088185
124785,38703.52999342016
124790,6325.324328599325
124802,45.92013890528415
124804,3902.569773765496
124805,840.9906617113797
124828,216.51408838213032
124829,16664.761437745983
124833,295.2147986072656
124835,184.61172312989262
124836,306.67025068592994
124843,1987.3096873988893
124858,217.68296463491694
124868,7553.572937331419
124882,902.6298497952828
124897,106.26767193962363
124901,1495.9601639621471
124907,7620.749245893584
124927,93.80266134058819
124939,92.33624444636366
124943,194.42666333856408
124944,2008.5032046746296
124956,99.34841323692577
124958,18693.49879794384
124962,209.23185296400834
124976,1014.1016083794527
124982,98.78308477229375
124987,1.9105338743928044
124994,3.122534356221367
124999,123674.27771578156
125014,57684.22823036212
125015,99.67479002155815
125031,28.774409679933903
125033,7887.8160078264555
125037,92.90946764397872
125038,4482.421388019791
125052,10648.632110458906
125065,100.09914364506783
125067,38.408464566390975
125097,97.96976081116743
125110,413.25720963998094
125130,3968.999158089224
125131,191.03333854364456
125157,235339.03963384128
125167,195.05177992292266
125171,709.4343039625652
125185,211.9414480425919
125188,181501.25248548563
125216,31794.265276796723
125230,787.5983172121853
125231,104.56685149067128
125241,294.6986245322575
125270,94.29987174428763
125274,11262.263976176082
125297,23362.467773298053
125320,3461.4315583808743
125335,3609.7523074067653
125347,3.0638813517238193
125352,414623.6521415714
125362,52267.14253115586
125367,65669.06924363092
125368,119939.53267861476
125379,15502.103545677344
125388,213.0508858450761
125407,334769.68124381074
125411,31539.979678635216
125416,38752.32378831473
125419,794.8623556215292
125441,5394.125115791088
125457,374.50950205171216
125461,40885.33398357623
125480,200.59360029826973
125483,2964.081173891924
125514,87.47517711813549
125533,196930.97965901386
125537,8532.357718947454
125539,17984.24701416207
125542,305.99465999642456
125545,4976.111865168272
125554,962.0945576030157
125566,1742.4360723416366
125574,437.97884438498545
125578,22046.647353609464
125584,93.99917414967761
125590,383.51874522221357
125616,162640.01565087057
125640,3334.6669163599604
125653,210.20353164063786
125660,871.6735719567058
125682,100.76614137692069
125690,2.0958530098059827
125699,3.0968022624026847
125701,29.603266800846825
125703,1865.5681260032331
125715,39505.23455148321
125729,17079.472759293534
125738,179.81291448771304
125754,110.45228640701204
125780,5676.230110645771
125789,82.66598532787313
125793,29289.419057385847
125814,96061.2333797444
125815,34394.49343467909
125821,3622.492905325077
125860,107.51547399970494
125874,11010.848900900735
125880,15181.43384721308
125890,20557.908496005675
125895,2924.782523533806
125911,137033.0875719487
125932,9.874806380632922
125933,93.48307296549427
125935,12796.189576754798
125948,4400.6637832951055
125950,3234.82719565364
125952,2241.2079566123575
125955,7555.299793496265
125970,20870.907781090864
125984,0.0
126017,105.73029834250664
126028,4724.763509495625
126041,133105.80805509735
126050,2467.036505505378
126059,72.19187013990312
126067,30.306006907058688
126072,77.69314532684477
126073,786.8109315241545
126080,8481.838394521432
126081,3557.5912785790724
126090,1723.7093747576955
126099,30.079066373926103
126100,34758.092566445004
126102,3956.0041509733915
126103,97495.7310130705
126104,94.15729004276332
126119,6510.307815477737
126126,55299.518782539686
126148,569.5812746211083
126150,673.5509651480494
126156,193.4497060015682
126168,152257.92021314867
126179,195.45164049723235
126187,13863.516189446575
126196,98.74901372864858
126208,92.76334625328468
126247,198.50204643557657
126256,407.7878512598452
126270,1629.484398339572
126276,90.45383557613202
126279,1203.426654923874
126283,110654.67600137342
126320,3997.0610476275006
126338,2270.0579950633223
126341,101.14609971526009
126347,96.65415670918973
126366,131740.33576522983
126379,102.97958191732035
126393,1127.6697871373867
126409,27.495133591735442
126427,129621.05147726471
126430,103.54063234936626
126444,2870.7739626709836
126448,621.1926010746304
126466,415.70564343619213
126469,6771.611713469849
126486,9419.181905499174
126515,1671.6211466500624
126518,215.41410277983698
126519,195262.50630810388
126520,2596.879796473183
126551,186.2901472188057
126570,211.90319475625162
126593,9.568635893999867
126596,8763.52739060489
126599,451.74241266466095
126606,109.60271420946368
126614,11942.239631681285
126622,194.62658128233156
126626,99.89454622386368
126628,309.61801427458977
126640,5461.258249190766
126649,191.53095624030806
126654,1892.6731994109161
126659,44.270892941760614
126665,0.9865330276736184
126671,99.17255441002924
126674,140172.05575986434
126721,43.518146977802616
126727,4053.451736239031
126733,3666.9761585606966
126742,22797.978817199957
126756,104.80618122658268
126759,22369.054435268692
126761,5130.531797776288
126778,387.79301352298296
126781,615.1571886487179
126797,95.51272413259933
126811,693.4675408924683
126813,519.5613136641185
126824,489.14674670299206
126832,95.57422559727782
126838,14193.893377857747
126842,100.80896700366822
126844,100.90870062006113
126851,101.96307530407753
126857,103269.0446704929
126870,15720.567253406627
126878,57118.2200046736
126897,94.3691921767645
126898,5189.204567119308
126901,287.6334585828203
126919,386.7557909231549
126933,194.15700652339316
126939,96.60890965082898
126953,10822.329023820037
126972,0.30194621747007877
126993,16986.139349241486
126997,13000.4396514613
127000,334385.43888410623
127015,23496.88300979307
127020,12820.615403153786
127024,193.41048687942111
127025,105.65874105835469
127027,49072.59417998603
127028,518.1200582686342
127054,207.36271931601715
127063,191.4453636034605
127065,13574.65649636175
127076,13633.29132609807
127095,200963.9055043705
127101,462.59616368831325
127103,5141.994266124327
127111,1578.5454933127048
127112,504465.832824509
127113,18842.66350666159
127124,5327.479608379004
127129,3644.5950850595614
127146,13569.807869250959
127166,1352.845364264237
127177,4436.911721159328
127178,237399.39318304084
127189,872.8253150609644
127192,87248.9182884111
127194,459.4574410865985
127200,277361.5174863641
127223,207.7527113937876
127234,292.14997400669785
127242,2330.5045141562427
127249,476649.56019947026
127254,741.746392056067
127261,37019.872894925305
127265,95.86378762763354
127282,101.21239675798674
127283,9054.396972933402
127303,238028.54509767884
127319,3909.503420759061
127325,45968.636940535
127328,3211.210129231193
127329,16350.805466235139
127339,67722.66566028372
127344,102.11333827671103
127400,19629.243792270987
127406,54538.62217892009
127424,27844.541249028014
127435,239514.71660473835
127446,518.9046794504721
127449,27700.775432602863
127466,294.0162878587422
127480,572.0334635394254
127492,21143.026573892337
127502,192.68122539278357
127527,2919.5873173443842
127530,6021.521673576821
127534,29172.895855756888
127547,68406.13288905733
127569,44333.01452476419
127578,39024.6920074672
127597,1206.952080005098
127598,834.7086254156393
127617,5641.720826789681
127620,4257.501107654628
127628,1244808.7359676454
127639,380.1345398010008
127649,203.5072466519096
127673,2077.8551058726944
127675,11840.416457025804
127683,45599.250860230626
127697,300.5057582466476
127755,38081.201820569586
127772,125553.86808113939
127775,728.2206830788322
127783,98.6863644543798
127797,210.13464391110853
127810,1.0082689521026236
127813,24971.902243816876
127819,92323.90398855573
127833,28089.490572653696
127855,37153.279866589284
127880,551798.1395519121
127886,47.780395590784394
127909,101.2138224353955
127930,103.11103562175265
127931,120872.46063417073
127970,14.194946208599363
127981,710.5213717570176
127988,9568676.14340094
127996,13189.816965627939
128010,1621.4797809709505
128025,758.0833102543916
128029,94.60640979979576
128030,100095.18561287386
128066,15343.54512066916
128073,1563.624824107758
128092,1039.1109456332704
128094,17194.75088413016
128129,1361.9171359685915
128130,103815.84082701041
128165,92.82125963684793
128175,209.78565167313974
128179,1418.813454623168
128192,7049.633563786283
128202,15.876459636985368
128207,1.0206659900234085
128217,93666.41612922451
128219,103.99545834973023
128233,169.97554993474392
128245,289711.3353450389
128263,41363.38031145903
128264,318715.9958909488
128287,18882.785960815407
128304,446.4006691970332
128350,338784.0351471688
128361,1624.1373788515173
128396,15227.587975335311
128401,9576.280694914298
128404,1309.6337232860192
128410,18489.351556633676
128414,5620.656998778132
128418,2312.913206527476
128419,216.77968979496535
128436,26780.134075142323
128437,7879.353275842747
128438,9.335478438494514
128446,12390.183520384724
128449,8957.12418459403
128458,8576.464136142593
128462,612.7239037795905
128483,1410.991788028557
128506,433.15037308443374
128509,42803.71328182462
128545,7310.953123472098
128563,384.8643075437868
128570,18573.58962458344
128585,83457.4216354521
128591,2007.088381610799
128602,40194.3064935084
128606,31337.115805210386
128615,827.588796613821
128626,36134.78163578278
128627,428.73923808521045
128636,33.49739414356424
128641,62.49229860840273
128643,416.77265743532377
128645,1.0295738927129219
128649,309.4565437240726
128661,3931.5264752709622
128674,202.469598819908
128680,3147.596303631049
128685,8419.060729871018
128694,33786.59777322803
128725,2021.7416937437313
128734,923.6272779368501
128739,28747.47470624338
128749,314.27643157733246
128752,2639.2666722704603
128753,17583.993213899936
128760,4670.154793340863
128769,308.95339202844826
128770,276.57983718601076
128772,4983.621322494152
128777,165724.45149635876
128782,18975.38963582966
128790,12069.463058807469
128793,283.24852590732223
128796,15380.234691925607
128802,3153956.6581169814
128810,4937.2064350909195
128811,187.44620060204383
128813,1078.1441786557923
128816,702.1571228529943
128833,138.7332254182872
128840,3.0229385566394713
128848,902.7173872915113
128851,39808.95819899232
128873,44164.58542398269
128878,39159.38447888832
128892,1221.08966756002
128931,176646.54620965204
128948,42557.81275858487
128951,900.7871199675784
128952,40110.59343977803
128972,1322.3148536318472
128981,3049.680982895088
128983,1502.3354860416828
128991,2896.1148873274
128994,8263.08211850761
129001,42897.61912136598
129004,19397.85427020293
129023,231616.1983236269
129024,383.14783276209425
129025,32296.91505590827
129043,318091.0132519698
129049,2361.8710303601606
129053,2279.9159076000765
129058,621.6701314374775
129060,8.035916813878474
129064,9.256706946424707
129071,3.0618082967793665
129081,99.36065899784379
129090,48753.07808959814
129095,4099.112917889749
129099,83097.02467724265
129102,13603.17978405536
129104,56511.739219702475
129111,99.96031760648808
129126,27.294747902743428
129127,395.41189174277116
129136,1063.0387463524878
129150,39228.832356034414
129152,180714.25609141935
129160,225228.6969663427
129163,1671.4244864797881
129171,91.29104248931355
129177,1989.3407202657838
129191,296.98927385948446
129231,214335.2249873715
129236,16749.23330261913
129247,102.42754046482032
129248,3415.6095771546907
129262,493.6828540965181
129264,16260.11432111989
129292,59073.20844369597
129297,26762.71283968419
129321,23939.41094621945
129325,1379.3720262772476
129338,11670.996082914655
129344,205055.7339352115
129348,28603.30422359234
129363,6033.441865083655
129366,7812.480641867233
129368,10880.9783957411
129370,1021.02759772619
129379,603.6721960001676
129391,1809.4439862912361
129393,6299.173512317684
129401,650.5941045599146
129409,717.3520974800947
129415,21390.3565181169
129416,992.2558558761796
129419,18510.4298357535
129426,111397.08946983478
129428,37449.85080785139
129441,6849.342504122847
129450,7289.442289321048
129466,124058.96103276266
129467,3789.007979381872
129499,64.16847479535751
129506,23279.969437389533
129508,107.98822943433748
129509,193.6140165333916
129514,10209.367406266985
129530,53848.23941916578
129568,29754.75508903289
129578,98.3799815520342
129582,209.76998075013128
129588,26562.140560629046
129593,2245.0079159634274
129597,8065.937184909649
129602,855.8667138690421
129605,165478.90421557822
129606,528.7725424397709
129610,2019.9990982955617
129629,71379.49786551826
129640,21494.588558787647
129649,997009.0365946366
129650,15055.959120267295
129658,64220.15785485759
129661,13708.529946904264
129667,1072802.3338471453
129681,101.22474035778981
129693,17824.9438478221
129695,22712.984777106452
129707,2470.5545590831216
129714,3576.3339924109473
129721,40445.69251997861
129731,304.26451034735527
129732,15102.900687816062
129742,11545.42171868413
129756,203.80833176569996
129775,101.44756621167006
129783,101.27633128106683
129796,373.40726038808765
129800,28028.598619499793
129804,7241.015660068005
129814,732.0040943775151
129817,5278.960886919873
129845,10763.52576057825
129853,109.9880541291748
129886,2.2776709158169153
129906,874.1647794327749
129909,28646.21675933945
129915,822366.9078568836
129920,3644.1987159675896
129934,187.35375966002513
129958,302.62342684173774
129968,1525.3850883223665
129969,35252.99250911147
129980,468.76987269316714
130001,832446.9576278375
130025,98678.3626170194
130043,4279.784470260757
130044,237301.19131647694
130047,26990.22920285048
130058,98703.99677489793
130063,104.16998657976863
130077,439.11968841117243
130097,14421.078692524108
130101,9982.592273579625
130103,50769.74180698774
130110,22924.190508469204
130122,96.52289002623372
130133,12897.432848958431
130142,7539.731946877398
130147,103.38982431163339
130165,189.27496965418064
130171,10139.76067905194
130178,50585.04278776447
130187,84635.29015920093
130197,8218.6621922479
130205,104.44998564477557
130224,19186.518960661466
130235,96.1397275193238
130256,322.98496660275134
130264,99.04534836950359
130271,627779.8472211177
130278,4860.077778453093
130281,97.01807798502702
130310,98.41496923844272
130316,78.89916660022543
130326,1.088853444021672
130331,50.789900577680356
130332,36.1975353083832
130340,4661.915553393954
130341,531365.3889096843
130342,296.18640363422463
130356,21820.125964832114
130359,103.4294491364605
130395,24214.35626899027
130402,10190.230310872157
130428,1894001.5693040544
130431,732.365571880483
130435,529499.1734671074
130451,202.76088274715485
130456,97235.77845283433
130466,105.84035687059918
130497,5318.141289821355
130528,15642.045188688937
130531,3515.404266129023
130537,4807.54546959228
130541,8235.428760811681
130543,1911.4370773016917
130549,819.4826921938765
130554,12383.79195103375
130567,1882005.5815807234
130578,1404.0051265280815
130587,407.3139937384105
130592,4517.727914103719
130593,288.95012706976854
130601,5204.850032548127
130602,1483.3235525285036
130614,488.7258780621575
130615,105.82391899682028
130630,6130.259569877322
130633,4959.777315963695
130643,13258.103843213847
130644,19868.62348986471
130652,1096.62202995282
130654,35250.58112468668
130704,17679.26224098679
130716,5833.64743716597
130747,43375.45456197897
130754,36157.39473053549
130758,1174.4157174592483
130772,2333.2669116339534
130774,22.81650582743326
130779,6.205854132452923
130783,7879.09411219412
130788,10308.221487196035
130821,199161.3656927484
130842,64306.178840570064
130845,3947.6777982900962
130853,43675.33304335234
130857,7644.716173892686
130862,137979.23064975467
130864,23762.728556095055
130877,3643336.149634735
130884,11653.037642480866
130885,3253.4086479904313
130897,425.5329383474936
130902,393.168288689669
130904,101.15740972063168
130906,123039.90726209467
130926,10254.876114361101
130928,2426.98213718578
130937,12001.747218321727
130947,77614.83488159975
130965,888.0229402513238
130966,1948.2895418325138
130968,3996.9289685326585
130985,4795.996081014183
131003,534.7768798480627
131006,98.27863264497051
131007,21585.95324708959
131022,542.1556929975276
131038,9046.95334112412
131052,3084.298147530692
131053,892.1577015483416
131068,107.34998157492397
131069,828790.1662467698
131087,121157.2869972472
131112,99.04076047431133
131115,9021.51703302095
131131,7795.972334962523
131139,210.92279260724237
131150,697.4444952609745
131155,40817.56007534357
131178,13606.101044074836
131188,4043.203353539373
131189,26612.110822775878
131202,68038.3560998217
131203,702233.3688272402
131220,1590.2128587900659
131227,2881.107877209026
131234,6493.335129827902
131244,1108.0024915850086
131247,28.28852518856622
131260,50.48648487748594
131261,2.8468599316081415
131272,2020.562286964204
131276,2611.7570831846083
131286,962729.4368962235
131310,4682.461884478521
131317,387.5052176249902
131322,2476.3362682896204
131326,283.96274459710827
131350,2163.005592637168
131351,1215.6192816094594
131357,188.5372357122555
131377,41.118880545467526
131378,193.1369148226455
131384,2368.186327170685
131391,98.06198750457774
131393,2502.5824160431052
131395,209.49050343246185
131427,2505.315314601481
131463,8816.135626184412
131467,4478199.2850861335
131468,487.773413601167
131485,99.7558211214796
131488,2985.2286439574427
131499,2602.5167641741054
131504,3426.658421120918
131513,327.15838729260815
131517,10.323096248643518
131518,1722.5605585540193
131520,2416.3627725228775
131540,103.57383559932232
131565,100.31974239217062
131568,101.78329104629668
131581,469.49556646388527
131582,42748.25772173457
131588,11087.424663477423
131592,734.1209337776965
131596,173112.86688748
131604,737.6299809942783
131617,572.1545289987192
131618,1736.6737957661346
131626,16312.489370768119
131629,5916.777081518713
131635,179.94545795805064
131645,3966.8923185334593
131661,94.08571362115275
131673,310.4949227861204
131681,3188.4804625316065
131691,97.5334585940672
131705,4133.243599611585
131712,1649.3052370476214
131729,494.05666400750596
131736,50.365417776120346
131747,1591.835175437078
131790,221.42103242364993
131848,606.9252140451346
131849,15705.299499134922
131850,32982.96414174674
131853,1201.3665896901941
131863,87596.2416791867
131872,859.5931427857471
131877,37469.090604628684
131878,2903.7109930182282
131892,1199.1670940053966
131896,496.99967242151763
131935,877.972334904516
131947,96.21691694434426
131955,1375.0027225376657
131957,0.0
131958,206.745017633721
131965,8460.735202710937
131969,398.81818132411655
131974,18496.24176854666
131982,103.785379361221
131983,1546.238008594703
131999,498.98921190529165
132006,21019.271257380275
132007,488.2034230868706
132045,97.16176604390562
132050,1177.3352005332745
132063,1344.5504877788921
132087,1325.5793707485964
132088,6.336800869779505
132089,110.07326523454
132099,37.31320288877055
132102,203.28208081941557
132107,318.5636359475034
132108,1651.8725190413863
132122,40.1084436543816
132149,29341.72877621802
132150,204.83278110173
132152,21876.41835825589
132160,96.51801875204686
132162,7006.176355173623
132172,101.53679808763316
132178,2949.3161087384447
132179,201.4572412390736
132183,1225.5111368110672
132205,97.06582556031832
132207,284.33219482394827
132255,98.04706729901035
132257,0.0
132270,652.2100164004027
132276,227354.09610653776
132286,518.9949339917623
132296,597.2556737943173
132310,197.89908126644232
132319,299.19598653250256
132332,28.852076954288513
132342,83.98920104959201
132347,801.883322254875
132365,741.8633006734148
132378,50747.26324207825
132386,310.6932859912963
132392,85626.47596842123
132396,189.16049329317474
132411,15666.426900060063
132414,197.5599390635324
132417,7015.543033066804
132420,9622.772240559534
132423,7548.55436918125
132430,4786781.154831859
132432,44758.31035921549
132433,6826.5413033801815
132445,2571.778230189141
132446,20514.33175251062
132450,203.9635810043225
132454,42566.24661888125
132471,828.4883308637553
132477,195.51833073345585
132480,52167.09394122267
132501,13713.541618444728
132512,4321908.635746814
132541,1735.156202955155
132547,207044.80689585814
132559,84579.16922426425
132569,189.43177676983504
132572,4561.125912137285
132576,22320.393435917882
132594,31464.417865768162
132603,29970.059119971862
132622,831.5177586588076
132638,12.682441326651077
132661,1555.9482468330993
132662,3929.9570913836865
132673,95.7494086229184
132682,36334.29824398158
132705,210.76472636347478
132746,35000.332457180215
132748,389.4090310951442
132753,29.100807930378
132764,50022.70988104926
132767,8115.596906128983
132779,1631.3358167752406
132791,27785.871813778045
132792,50863.661720206255
132807,7952.1065094020605
132818,693.1821681696481
132832,101.07690185511329
132840,5598.065499865298
132845,580.943188064447
132872,4825.474787318125
132873,0.0
132892,97.48356311361917
132897,10978.784308977556
132904,98.67673509624426
132906,411.85336500542337
132925,607.1484239242868
132926,3141.917576229491
132947,2135.0509637118107
132949,16487.712831884386
132960,513.9394158741877
132961,93.14348600824918
132969,3525931.739975618
132980,70055.87733681271
132983,22336.46972001059
132995,33476.97417650867
132996,6419.614347112152
133010,697.6133717661412
133018,129737.24150388315
133029,9248.377773482427
133041,75733.0749818814
133072,18369.784863233188
133074,1100.223957489629
133112,287.74865096958445
133130,33820.739340258064
133153,1756.2974506817545
133158,17619.70830704876
133161,8051.977220040435
133178,1633.5444449975803
133186,81835.1747099425
133187,102.21640853068172
133190,3119.375448032889
133192,88983.00760751123
133202,6678734.6034220215
133212,2454.062115445011
133232,501.77157270384384
133235,32886.00264192174
133238,14788.540589648814
133262,10594.18851911425
133284,82.04971290804156
133286,94.71256154801694
133298,821.8851806002318
133303,155882.91731895108
133316,99.9708339477866
133319,93.16457517469541
133331,177.51301980309083
133336,7869.322787946624
133338,99.91463643876686
133349,9834.014406515364
133368,101.55592182402467
133384,95.04108329418288
133411,82.88934432330672
133413,98.44228257148285
133427,198.413128136496
133436,39.54258895824744
133439,1103.5459180240307
133440,3226.854417153617
133445,102.26705010717122
133456,3796.0033700364693
133459,101.69605353838111
133474,5796.379601549671
133481,113.25881304818499
133487,17491.945495820546
133488,5.753748453285999
133494,97.92342607154667
133513,199.38952243963502
133544,16171.275508232342
133547,4486.683627335632
133560,3113.721550397927
133575,264.12268498769754
133581,484.7279054233493
133603,191.28229757816575
133604,4219850.028589615
133621,233045.23966650647
133643,0.0
133655,302.4165091414854
133675,221.8327975943651
133682,104.64911685264515
133696,6506.388011991911
133707,33168.86821502039
133742,19.6130452226258
133745,24.6856845541176
133757,1038.7745855336877
133771,9.954605035914007
133772,99.35913727957143
133777,30343.690627358374
133802,5566.463913699073
133807,106.84430201394588
133814,99.89206577821572
133827,7836.211895693057
133828,3472.7852285233776
133860,19.939573090035775
133866,2209.644100005391
133869,9.853849406993465
133873,412.55611370295975
133882,725.5287774562772
133899,10656.582458772022
133908,1097.6249039928375
133914,103.6649787710678
133927,1166.3644018416442
133935,91.24918672890527
133950,97.72630273377074
133952,189.56714993332983
133968,97.58891577855437
133969,598.978138855039
133974,479.32282948090807
133976,7436.083549765623
133996,2777.5577732138768
134038,101.95120072285498
134041,106.8023025077173
134043,6132.835353271413
134052,594.0869206084799
134075,90.7558730673768
134081,180.89655883238248
134087,5198.1909405135775
134121,2874.5536283174292
134126,521250.6440725765
134128,3203.7849025020146
134130,290.81614656052045
134142,3575.947381469131
134154,3662.3558459043998
134156,3009.843156198208
134168,4209.528234912193
134183,1849.6853638601124
134185,181.03644046148077
134190,1908.1454084596428
134195,4348.632563893218
134222,673.7631165242028
134233,98.31880815619999
134235,182753.67325177672
134236,3368.2503159015487
134243,204957.0169346177
134246,12179.145826507316
134249,205.27258465480904
134262,44577.24551812142
134286,35232.181391893544
134297,195.3035358784022
134305,86038.54057334855
134334,0.0
134344,5699.946911672671
134357,198.35566590611592
134362,0.0
134363,199700.63624342647
134368,77504.06702326264
134371,90140.81141221458
134382,566.2797793005064
134387,119003.69379966488
134395,113.12874286442813
134401,34367.597873758554
134430,70127.92167471808
134432,9905.527574921061
134438,24.795638466556134
134442,195.88846918323463
134466,202.2002326601941
134472,142894.26765546584
134481,71336.38299713952
134489,805.9205848658008
134496,703.3721550724824
134501,2141.090205268708
134503,5236.796208705705
134508,104.12205488827708
134524,0.0
134529,182.9192513710475
134538,828.199420131026
134542,9.75007349134215
134549,4216.967563402543
134553,88528.82199788591
134562,103.76217936516119
134576,116682.63711069961
134595,197.21615368059463
134597,385.0143791523132
134640,0.0
134647,867.2194567122008
134648,165046.6686131906
134651,101.63758011673063
134661,192408.1621745534
134688,498.33639839641216
134711,43638.11520866117
134717,81795.06583719989
134722,366.51992426889296
134723,103.48919514527624
134749,24081.120451574414
134752,607.5844138347468
134756,101906.024406651
134774,191.19259215689686
134787,26840.939559999555
134795,13003.667668150187
134798,229654.2977025702
134808,7269.036692224143
134829,6.311281821009159
134832,102460.69135455096
134834,100.96987939861775
134837,221172.2174782749
134840,192.7522657610727
134873,19047.483510896134
134879,101.60341909152805
134886,5579.007417709996
134895,4005.467247209085
134896,1721.0994089014114
134913,152354.8510994571
134920,14733.311704877018
134922,4924.34791977577
134946,19050.839427024654
134950,111193.46030101186
134953,8415.347812646634
134965,376075.4837628489
134988,5763.701552617325
135002,100.24478574194917
135004,6496.10820380371
135010,5133.82236585613
135017,287697.47965173813
135027,96.35698510370545
135031,20195.234263819562
135037,83338.02115853013
135048,98.66145235114418
135052,1207.9586150724317
135059,100.62642994331888
135060,4.076172903194716
135081,1279.6202863538697
135084,41593.353713932855
135096,169350.852486547
135099,296.3061186421793
135111,41471.67105131894
135115,93010.87564254779
135125,4254.9093627255215
135130,356333.43264680624
135153,222189.0261324828
135173,41.589044744214334
135178,3284.005550651078
135194,58.090388281500665
135204,317.81775249142515
135212,73.34084965890652
135214,230.23727763475785
135222,292.3026749400879
135223,228.77626140207047
135227,1408.2587840268748
135232,355.16409432539336
135251,29.651891247420902
135268,3209.3720959834336
135283,37.10349170095138
135294,52.15239950446286
135307,594.3889724060662
135311,172.52575259633966
135312,18.873658055038653
135314,112.258589512253
135321,203.6582566511398
135330,102.62158968173604
135343,75.81605148639609
135344,458.8691781624835
135353,654.2274327826334
135359,39.75528034770621
135365,10.337761566969599
135371,12063.781230395416
135388,93.39587492992317
135391,118.36228604007299
135395,4935.819472751824
135410,18.9931434776751
135428,3047.743009386003
135433,147.46910445806438
135437,233.5216999368475
135455,19.071277931505243
135472,9.644391856235616
135473,299.04640066536444
135488,1.0220017256361293
135489,1666.2876548726651
135493,1479.8621327613682
135500,10.861613596978984
135511,143.0921206751059
135513,145.2919709524123
135514,24112.437996151926
135520,13169.668473731892
135524,4024.9878282267446
135531,877.6068362878381
135555,160.8945946342841
135566,267.13701448122237
135572,389.2803292514009
135573,2182.8088055801227
135578,153.25082427182613
135584,166.77036870082725
135596,401.69784012958473
135649,266.5987853326999
135670,134.32300306758492
135684,2642.7598529029115
135685,193.04433309637582
135699,668.4174097218026
135728,68.25355794923424
135733,424.94780769623503
135735,1064.8611967751003
135737,152.39101951335087
135749,964.41979269483
135750,596.4007787759812
135759,7036.331091239549
135760,403.94230158732745
135763,45.89125624545707
135767,22867.853243038895
135769,10.65166595096722
135787,195.39936341524142
135794,150.37222854954453
135803,1390.9201091684824
135805,209.91456699681987
135811,1013.5395397023998
135842,65.19446742954256
135856,55.320603972094474
135863,160.5324079699905
135873,130.51978999084983
135876,808.126541321169
135877,171.0845250373238
135884,55.19189146025967
135886,8.716563943628628
135890,170.62826400794822
135903,19.95031998490437
135908,610.9244549324517
135913,6156.910373913116
135924,258.28369760219505
135926,366.80611319523706
135934,1982.783576176659
135938,235.3431656039454
135962,143.03140872092592
135968,352.97782836444316
135972,299.1987669655908
135977,495.2159132329639
135986,2911.968958634812
136007,588.6233062882219
136008,48293.94282711111
136023,339.4337470104472
136032,1536.0729649737493
136033,18.234349201394355
136044,472.68456464713177
136051,7.956941249520584
136060,20.188170917472668
136069,5534.0064699603345
136073,8.918043824893068
136079,940.4622571646373
136082,19.578859387677028
136172,31.38203437146588
136182,81.44766913114123
136191,1430.2805583388947
136194,9.904752544273288
136195,347.9835161264796
136196,243.70978207090386
136224,116.46288630622328
136232,18.332200694365643
136234,9.474812400589386
136235,277.96204086404737
136242,60.436106090717125
136256,14767.546437683193
136262,30.25246196250393
136266,55636.08648645807
136272,28.2268780323845
136274,280.21479984140274
136275,47366.02971068898
136276,679.1686359829633
136280,119.94706222340099
136281,120.28846146606963
136293,534.2065279207369
136296,273.5506619286243
136299,28.81432876804797
136302,207.87627127132998
136310,19.322897614338014
136311,1205.239902418913
136329,827.9874963051225
136331,37.6786961373411
136335,654.6969659651489
136350,105.05708559372424
136351,2227.614421456718
136373,105.62901474720663
136374,427.566153669944
136377,6.714987915451301
136387,333.28161597639496
136388,5302.429843846021
136394,104.46482957313856
136429,181.82179422297827
136451,395.27748946636774
136455,804.6549127928346
136458,749.7342866728993
136459,52.96425496487276
136495,139.70839976292405
136527,13457.214134665328
136529,891.1937321079774
136539,3029.4986311785547
136544,406.31716352129206
136548,80.33632287338588
136550,329.58997713885685
136561,2572.4182708312264
136562,1315.9298795737584
136563,1060.155327219027
136569,127.13550220909308
136590,956.610892016271
136598,64.88188031063454
136606,971.8004181859034
136612,14200.36828095063
136615,3257.3769719678794
136623,829.5001529883407
136641,18095.930997394975
136653,126.52165007947072
136654,338.5838319940159
136668,18169.931812813313
136672,91.5066589117235
136684,127.46042481077114
136697,1355.9093973755732
136700,337.510702635633
136702,139.10656171323186
136705,79.31451532811191
136712,1838.6399404243764
136713,22921.80573427688
136717,132.302624985849
136740,1834.345970222947
136745,115.10016230740123
136770,284.08047241283225
136772,111.78926992134777
136779,465.11793144391373
136785,22.950515322812755
136788,1060.7850603785387
136796,1909.7753347618336
136804,7594.859697275876
136805,131.44147992262396
136808,96.46156750175932
136809,422.03889829076775
136812,115.88255807072409
136818,1040.2669902847172
136836,802.2966030680001
136840,55.1872191024813
136848,714.7532486410785
136855,22797.573706620697
136867,411.1925634781273
136869,13.878334403361638
136877,495.1873815823394
136884,21143.882441323443
136886,119.49009448395404
136889,728.1071690503751
136894,210.18850578299634
136908,5544.6919644467325
136936,62.21558966081907
136941,93.26060800623738
136946,380.7426744088464
136954,7.067348292089714
136968,16.26413163686987
136977,1849.3237962366518
137003,372.60993847708295
137006,1355.8377643454655
137010,806.800203579808
137017,2049.9876763626767
137031,1555.8795533499624
137059,24957.1070603804
137101,84.7467782210848
137105,18246.829702017316
137113,74.23277678734111
137120,4.6965058866906295
137124,20122.461092472233
137135,32.28252884828888
137136,99.76180851260176
137142,156.44574848627383
137152,31.946442293302198
137158,889.2150454500892
137159,4.8090876148139365
137161,20940.637954973245
137165,3698.695219136848
137182,233.6254894806241
137211,293.35480023193884
137215,230.57547146870317
137225,60.25078663797755
137246,145.71193651353022
137264,146.886394676211
137265,34.44880911582765
137275,3512.3420704572186
137276,10129.6421829506
137279,34.23543245561682
137285,3509.5019591008772
137292,480.5959803836496
137300,89823.69964838952
137304,3448.5902187637794
137317,3969.142593243645
137335,3555.1609108580665
137354,3405.666896141668
137365,67.29488311190671
137386,479.072892281823
137395,166.845719326992
137396,195.64570982797088
137423,5037.574647138037
137433,3553.55134861467
137445,102.50563657867713
137452,40.59239462742571
137461,180.69915488700252
137462,4957.1414946466275
137468,548.6424498620839
137476,3.723169727982489
137481,202.31027462283896
137487,9054.04489803816
137489,8508.17905776322
137495,1894.6895693988904
137498,303.74376850765714
137543,23048.988645796726
137551,336.6907504894322
137552,72.98050452064706
137567,67.37387268599294
137568,540.5893815016926
137578,4894.459177085222
137590,123.9883845277994
137592,18.471216236308354
137593,1260.9558734875145
137597,532.7798901822665
137599,302.8908684291198
137605,2.882089448130562
137607,23.8175885606521
137612,17.732164564707
137614,24.344768400287705
137631,14245.65982625593
137641,3.6331904030261226
137650,67.12347523775962
137651,392.4402554148027
137653,3023.2530154626534
137655,7.202458021323736
137690,86.696925038519
137699,4049.881227267237
137706,65.32231372515797
137716,378.3824997427603
137737,5.4437203714895945
137750,647.7307111087778
137751,25062.73181484745
137771,9.116791711339186
137780,3521.5174535742913
137789,15704.823330351346
137795,24628.46991364836
137819,828.3408000999327
137821,1.8885407015768074
137823,61.48721657033262
137830,157.5197432341949
137874,260.56714667284285
137877,14.575369233222423
137879,140.50963269695833
137880,27.104377119846262
137915,124.10039203968039
137920,181.76312292862693
137927,368.5024135201071
137930,79.25832544556765
137933,3093.516633203868
137936,9839.09575436827
137950,1580.907076794272
137978,206.45296839114195
137987,155.20647438988996
137989,371.92478352881494
137995,1642.0135355676712
138008,10.80002567877715
138014,411.1437385692489
138027,8.427672835757678
138057,4130.674195510149
138059,302.8918167132382
138082,159.91575788356434
138090,346.3426357897263
138091,18.988881451534198
138098,67.38048725070477
138102,785.57165031451
138104,78.05112059055742
138107,131.36875944614258
138122,1190.7595294254645
138136,82.79426479695233
138145,172.97108183069506
138149,80.05585559154734
138152,130.84600472268025
138159,64.70111196283942
138166,230.15928116005725
138176,419.7654025819507
138204,419.82159118760103
138210,166.0517379480842
138212,1224.0524485691578
138221,42.94874797777767
138223,197.43536530476447
138225,177.98753906474496
138229,3914.5754493702757
138242,3435.99356729992
138246,1422.7342411621091
138255,480.84036024484936
138256,21.470687900686514
138258,177.1630492169029
138259,466.1225493149172
138263,10678.987437116048
138267,914.034591991782
138287,443.1528298163089
138303,295.0122476329334
138311,1691.5698091940305
138348,5964.950112985066
138351,420.96623514068386
138354,2226.0822227328053
138376,694.7583804349381
138392,385.2026496131049
138421,560.1756114883392
138435,212.21072838537782
138437,3268.1103628706355
138438,520.5958321272565
138439,3184.1516378309148
138440,9999.436597484371
138457,16030.526334403037
138458,531.7021455793123
138471,42494.70142490523
138477,1672.5958158512567
138484,132.70427212902126
138485,1537.977995990458
138496,44862.36446012959
138509,232.9522422211537
138533,119.44685426916193
138547,568.2916607270074
138563,10881.293214079356
138572,1027.8597939850945
138580,20110.75602832181
138587,476.10956655283485
138591,29741.86689910928
138595,571.6389520971522
138631,1468.7903010857062
138632,38378.29517787142
138636,121.18496703990368
138653,15071.946891030062
138656,195.06911682264493
138662,4917.464369131504
138670,1751.5898764803342
138692,1839.5945820570503
138723,15816.918039800963
138733,43916.09687513899
138735,23563.49124706015
138757,204.64550296158123
138766,7956.740363775249
138770,33858.59354995391
138790,46893.654517397175
138800,1897.7113124988462
138813,1677.4428955901817
138826,159.45399835409893
138836,24.70334831484119
138837,5166.713073079296
138839,52665.34178771057
138858,4696.6084222711825
138874,1495.2947379133968
138878,852.6176847571386
138881,194.46673254555176
138891,28998.3877192847
138892,22916.734986313848
138893,831.7793424311027
138894,20099.266842045534
138915,188.31988270213458
138918,6464.669246313396
138920,2281.330133608061
138956,18.423135316267466
138969,18.42084295660514
138973,28.042949083760355
138989,23.352363563876562
139021,28.668816065815776
139033,6629.055782119143
139037,10.978524642656433
139043,4487.083285133545
139056,1994.0004946239997
139066,2179.015588062092
139067,6175.178043488727
139077,19.458308347282433
139084,11.571167281665868
139098,65.33242691851808
139129,4830.810613393514
139171,43325.45440218048
139182,17.780878991605768
139203,3975.74288937827
139204,3581.5716564375216
139213,64.54236668599555
139217,253.72520569488873
139232,38.94814387728635
139240,11188.216493741107
139250,131.0243179161852
139270,116.56974663798125
139278,5896.382781184307
139290,23.227691202222776
139315,290.3379335635745
139320,256.94107901907984
139321,6545.9961125859345
139331,45.494999685492154
139346,269.56086642647426
139367,624.0848718784902
139374,4.776735221796899
139378,123.54331838944061
139382,8.768084737426516
139383,1751.1285916042355
139386,621.9133278582194
139401,431.7200409228397
139424,28.90224065107953
139426,3368.9658364622665
139428,9.64259752181164
139444,216.40950240038055
139447,578.1985689527837
139448,5.0753168878532176
139460,378.34997132483966
139477,6671.081382111905
139488,10.306151751108441
139506,72.27654994552732
139514,261.70622255002263
139521,224.3217310886229
139524,54.91147217776484
139532,2855.273744890087
139534,293.2463066715397
139553,147.56542574118652
139557,164.65599033192714
139572,138.0664963561153
139574,31.197907408423365
139580,151.98495770194023
139588,347.3829086111335
139596,98.45043856753747
139600,5083.699323740971
139608,198.70322293575893
139609,1382.05465583201
139615,44.6748324911227
139639,2796.4857724700887
139661,257.72892925299396
139665,25702.882762934336
139666,601.9889627871862
139674,91.8252193375805
139695,116.78086158741418
139733,47.36336958156606
139767,2848.292081448296
139776,221.26175096825992
139780,179.01133321027316
139799,169.46226852875708
139801,4.038566522081577
139808,5.112873370092005
139810,3.398617238878635
139816,58.01064332911857
139818,130.50500781702667
139862,2520.429282668178
139887,13057.348467178452
139889,280.4342396712417
139909,0.7089420293932223
139912,443.2216744122184
139918,30.15180651279001
139923,69.30650275578996
139928,17665.2718831491
139966,12961.932692844663
139977,1.010407311449344
139986,638.6354476316438
139995,28.81599264684804
140004,144.52044580391288
140007,129.96363428639356
140015,45.38560236822767
140018,1479.631666190992
140032,523.8930078155116
140036,475.9989683690434
140040,269.95477601644103
140055,201.06696845232858
140074,412.15685387820474
140077,234.428783746624
140079,3.751006220303743
140089,642.250712405993
140094,290.3613022822509
140096,17.25258325380067
140102,11715.963593763936
140105,41.22759295020229
140124,20.56059706277232
140130,18.218248781898353
140135,9790.39222096336
140137,70.3828665019609
140139,15.892533908715613
140145,263.5920261207359
140146,12646.73696916653
140155,16661.030748348086
140160,1.4853872767384713
140182,250.9235015420533
140188,1.0167506976904757
140201,460.5919479625451
140202,473.81283713192306
140217,14.467614641274253
140222,2019.815801397887
140235,41.61821300776148
140237,63.720072027576336
140257,15.16223558661983
140271,501.9569776864322
140274,556.0744609268361
140281,3142.2970891292284
140292,11516.251800256427
140293,333.96218078582285
140301,1235.5040418405217
140302,5009.155525023429
140303,1406.0176111116289
140309,8310.879745210634
140333,4133.765472365782
140337,1055.3221911552157
140341,823.7141417258186
140344,332.47124763790447
140345,552.910241073072
140357,693.067259710139
140359,4217.605690726825
140371,5474.7452697901335
140376,140.02995604641922
140389,11829.3945652933
140393,11348.822842786118
140395,2973.2431176232726
140433,54590.034290627176
140441,725.2305470210342
140481,183.29613066752788
140509,58273.70439096863
140516,48.81567115403693
140533,455.89406311399824
140534,78.15911951364436
140535,4188.840041919568
140560,1367.26075890312
140569,2255.2463871355053
140570,90.42741620150082
140589,1536.9601766973474
140620,1576.362883411365
140623,134.718604448237
140634,2828.9957273783257
140643,99.06315641237958
140644,115.88699222342225
140667,892.2004520875354
140673,123.1294722179301
140682,16315.71568676303
140684,423.2874790221282
140688,2311.505427806108
140693,1062.7871046986743
140704,17.971926275554225
140718,9.45921846791752
140724,80.88073344004543
140731,1265.388940266184
140735,29.942696576428265
140736,21.33659491673052
140738,571.7656012167196
140741,60.26251486589749
140749,31.714331107300254
140759,19.437767836606533
140765,1216.7669164993945
140771,14662.526179183198
140776,104.58201617554339
140780,21.239064585328435
140784,29.91981256967614
140789,1528.5012001952462
140813,19.380013525103152
140818,1177.5150051675578
140831,27.61507167302964
140844,397.3064397204623
140849,35095.07435535493
140925,166.4360750734906
140937,355.2740505094713
140942,66.46854338262048
140943,881.7298971816878
140957,1688.519267911521
141013,480.25828828051414
141018,767.5041593782946
141019,609.9392454454526
141027,149.14325217419096
141031,168.5624372416425
141035,39318.24873981077
141040,535.9771335391225
141044,1126.1702186089608
141059,42940.79371954105
141094,48.96048155889947
141113,638.2142958161648
141117,2709.7651723281206
141121,807.441689938303
141135,8969.597863185867
141137,9.84428099912025
141149,353.51559921116245
141150,137.10615123223562
141157,10.518428325797249
141179,133.80666394197098
141183,595.5458024964335
141184,250.0367552305747
141192,9690.76733852697
141203,21.886714530264868
141225,20.483355866763894
141249,40.30803839328427
141263,2031.207735686484
141268,3659.255960182071
141269,157.4937377640863
141271,2473.893896048311
141279,2088.7751909583376
141283,2608.2230000952786
141284,13675.60678368194
141285,102.56048723937907
141286,515.1210018191213
141288,6309.139718204034
141291,99.11579885162396
141297,20.775778526387512
141303,10.36299726431488
141335,110.61928015081394
141345,154.48191143874698
141357,76.65884525117264
141395,199.70458439822497
141397,10.98369659600095
141400,29.03854672972252
141430,434.2030829672717
141441,151.94502298701426
141443,525.0261644947335
141447,114.37385327739096
141450,1324.2811471519951
141452,169.96892726802798
141456,4674.847608709218
141458,520.6419619886007
141460,148.47610625398497
141492,28408.078513471526
141493,559.3311658635791
141495,85.12818818792167
141499,363.78960564521964
141512,9777.493805249702
141520,249.5348057096914
141522,114.54032755819689
141534,32.85742276309507
141547,635.7879027744875
141592,483.40824821723623
141619,78.73543905268245
141630,606.4592065938624
141640,2695.0712378919216
141643,1763.6736458587254
141646,419.0485126171258
141648,1095.387117890764
141685,73.6049729751856
141695,20166.405986608293
141708,5026.401125809607
141711,46.68402896956197
141712,291.9154490429225
141714,44.479059270350454
141717,19.61516596406928
141732,36.19121003696474
141737,2957.7668587728695
141747,1080.9516707962764
141748,6440.341778181131
141752,30857.81479485087
141772,55.627568054848965
141775,104.48902416046768
141776,38.911513920482015
141777,990.4688822031841
141784,702.687851336607
141793,549.2278301614043
141819,760.986231120089
141820,1337.296269363797
141839,56.07515741481399
141862,697.17790753723
141879,20.687523901409275
141881,256.87638776922284
141887,96.10825650856685
141898,162.66906201731032
141913,530.2843023772483
141924,80.09862819912875
141931,3156.3179666440647
141948,418.9354667396656
141959,1383.5724608996363
141982,1841.7015381647989
141992,117.12559465680259
141993,3332.7683388435935
141994,3881.431101669887
141997,220.0319772711433
141999,10.39944159334034
142055,63.956694285530524
142057,337.42817626027386
142060,2378.4894674761254
142078,284.9683287272701
142088,80.29047049565904
142134,805.0225286962988
142155,727.2976146731147
142164,159.63805022916668
142165,2342.672620789671
142172,10.017816694492975
142175,42.610981457437035
142179,296.0593301310835
142186,22141.62071919851
142193,49.72646398739629
142199,3292.569931410501
142212,281.9346763139554
142214,36910.92660105316
142219,19.945976034119127
142221,3028.006653323726
142242,174.52100808334066
142256,20.574166220308356
142257,1272.9078926772152
142265,4860.782229998747
142275,9.425822487974983
142277,3623.0261994443013
142282,8683.020229255668
142289,102.52836821285483
142290,904.2048840122088
142336,1554.9973609817011
142341,1854.2682769349867
142357,5721.775776049958
142358,312.2425979521621
142362,25262.602044134157
142363,223.60414526905438
142367,49.6810973061235
142371,2323.5638414081404
142388,664.4275743178076
142394,486.415754196136
142436,5733.8673555072255
142449,527.5850810485172
142454,517.8087182705359
142461,2419.104953072092
142462,58.74864944363282
142471,1311.951037956312
142495,142.76172856478897
142519,335.3576802857012
142550,3264.0905457972535
142555,303.68850612639216
142564,533.7430765360905
142569,60.52012031001597
142576,10547.974938744263
142604,358.4516046143812
142609,149.3741134486249
142617,51.3960455996046
142639,644.0690923466238
142651,114.73271818418675
142668,52.56387480575416
142686,853.8191854992982
142691,188.79449868831009
142694,10.210662009155222
142721,307.2325960337322
142726,19.747672850506532
142732,22164.45506905197
142734,808.2234911788385
142745,7455.779261076867
142761,6435.745557927439
142770,537.6999039483172
142771,1309.2148450765426
142790,188.60003763967651
142793,10703.76671410102
142797,77.07821937918392
142799,46.923520621214074
142803,1012.7839732195771
142804,10405.66324895657
142815,16114.042134898955
142819,183.10818375831877
142829,489.31522783909304
142845,60.25160298426388
142851,214.69496863157994
142872,58.429046676009925
142885,19.64865637826693
142901,14247.371117009448
142907,4168.776508110232
142913,129.71903351183767
142915,422.8197560041394
142916,227.05860730150087
142934,497.8639753572292
142936,6415.6948974969555
142977,196.9174722985227
142985,132.91874005913442
143001,812.3686484090994
143002,414.55515961809374
143003,10.32690003197468
143021,947.9869786353406
143026,161.5307611865939
143037,951.2537986057697
143043,389.36187674848003
143053,40.20473582928382
143061,246.5058394752372
143069,74.1978737737744
143080,577.2884374208031
143110,39.04903661901612
143113,288.3097457524067
143116,231.81443260703014
143126,66.02097085417552
143143,2031.2857352260169
143154,29.047651375031414
143167,183.77337165167006
143171,49.895516858194256
143175,284.15344453113465
143177,9389.527976773054
143200,51.41827540881977
143201,60.28491990292173
143213,30.660126778042386
143217,71.16129903788001
143223,66.0488931687041
143233,8056.0835804847975
143239,10.14627025142639
143243,142.8847779172895
143249,3034.377327472196
143268,112.0277867214358
143275,30.983604688051642
143279,3436.037895829241
143300,4039.7829151245323
143304,5006.7914934065775
143316,33685.63856845323
143334,6856.152896802719
143338,208.95339527140018
143354,190.39526972847165
143368,5765.373728750885
143378,1694.1211956884645
143414,267.9787038119878
143415,906.3704403909732
143425,203.47154524818768
143436,362.83401528021943
143442,121.21512111928489
143452,404.1975896485205
143458,38.147163532768346
143464,48.837654826186146
143491,10936.533016014184
143527,1689.9436242184902
143532,1211.0610588987035
143539,3483.3295909311078
143540,84.37011557562778
143569,263.70101286472925
143587,143.4517158568997
143611,22115.05432146
143625,20.931648138039325
143632,331.64032387486503
143639,22740.418042763937
143640,880.4662866858554
143648,176.943734190254
143652,163.04185470334141
143659,52.53468988019488
143670,23048.153981109084
143708,69.6752972604213
143732,48.88709488829368
143750,2676.4955005108336
143761,141.52455006132107
143767,141.59155058823634
143768,20452.042122371604
143774,126.44266024578761
143775,343.941107492198
143784,7447.894776033124
143789,361.37950311798915
143812,16527.25461230718
143818,86.59562398459722
143819,430.65600379569486
143821,3921.244285118741
143829,175.61269895587645
143832,211.18517286607573
143842,752.5695258458356
143848,5677.632247919257
143860,12600.875556764087
143862,1768.1541424959544
143873,175.4372808960719
143879,560.9159035116384
143905,9201.672178288321
143909,15911.33859252342
143910,441.10880435309497
143911,1479.8179815388196
143933,7651.954140020422
143942,136.8622319396367
143946,3621.073568663802
143962,2691.834229106527
143967,11.05599434884034
143976,2308.5859556298756
143977,21799.94205627851
143981,11045.95939113369
143998,19.2260053202761
144003,1609.5766612190494
144010,2375.130741606082
144011,10.119443402334912
144013,29.90889512551352
144015,102.79428356080311
144020,206.57080093700623
144034,9888.211342626822
144041,119.65866000384521
144053,397.4703026195317
144066,37.440839382508194
144076,2098.95388966219
144082,252.9448346649885
144086,9578.810842931012
144095,201.75119109663237
144113,122.77232271479376
144115,27567.861554111583
144119,10350.93439996609
144121,1290.2752638399038
144124,49.2479230547033
144126,208.80541743613549
144133,60.472989618107185
144140,38.26348476498352
144144,18.577140136731465
144151,10035.374199722628
144171,114.5960032784655
144192,357.84685077288924
144197,101.9916218408827
144206,101.36081393852558
144255,3205.477021067422
144262,818.3416177547689
144275,3203.800926842195
144278,4166.913732409445
144281,12100.13038106895
144282,55.7206455869281
144295,104.06082028097738
144302,9511.594405860946
144314,907.3058583639748
144325,3186.7718531115393
144331,103.55835043476948
144332,663.0741460482352
144337,1325.883769711209
144339,494.1360049882004
144343,462.7920340751819
144345,58.64556426763927
144346,639.2981913671229
144359,17593.23191388607
144375,26.172155184070427
144377,176.43700096644383
144383,38.25645600891653
144388,22141.292848412082
144389,15249.558903327434
144427,653.3346155396865
144451,622.3128442656316
144452,319.4081214021172
144477,4.833907421121491
144481,1147.9500597749834
144483,96.68219621930139
144490,12.173400366127755
144491,128.85058237943932
144504,438.29297417503903
144525,2.281718877182961
144531,179.66162587605456
144538,229.10356931967786
144552,231.2408973627273
144555,2204.7155793607244
144561,21.65720332575899
144564,44.81664715000196
144571,300.6292883087655
144587,4198.187254352372
144602,27.499365518030093
144608,4360.612808811011
144626,10.514070216505658
144647,247.28292509503837
144672,3239.1909704482277
144676,582.2239413067216
144677,542.9685993083566
144690,30794.94446208098
144701,5.872129063368717
144704,0.9825468876160698
144708,183597.79553286423
144720,8059.552309998267
144721,2283.7989016281063
144722,6469.275075574562
144732,7667.198174753427
144739,514.5211735233554
144764,694.1849138069142
144766,1112.0435378706793
144767,38.18595314180773
144786,325.1479821352249
144792,2074.0799607564622
144807,9.502162326909227
144819,1562.9190275057151
144821,437.8832780080691
144840,663.0405816304813
144842,456.9620915792029
144848,320.89724485876036
144852,601.625775836235
144881,657.5337813009314
144883,127295.27822944874
144889,1708.1959915582354
144896,523.1510352255792
144902,4.753473285254349
144914,575.0780821879596
144919,228.67339123642685
144927,257.00445805850535
144944,153.53475161754253
144963,2.5495600960865747
144965,225.4660755152999
144990,219.38199018807907
145001,1062.554484058437
145004,933.8397191847644
145023,539.7702404387107
145024,1662.8491135241711
145025,492.7171224747079
145063,260.6155073271296
145075,279.75762810456644
145111,609.4783690752008
145130,2361.6540107753203
145131,20.252757977500167
145133,493503.927131714
145146,0.4089684284512347
145153,424571.78841498744
145157,1405.7332533654887
145163,2.3700316907862113
145173,150.43643830774025
145197,2671.6846722977316
145200,57522.14589145581
145209,6659.432557229547
145215,1812.2035848237706
145225,144.0248980978934
145235,415.6425528846258
145236,92.27047956562676
145239,1007.7958634046682
145245,21945.230872127835
145246,5876.546090965306
145252,480.4774089141501
145255,192.00876364930355
145264,3003.544910738527
145268,5705.724125569232
145286,184.52216510982277
145301,1523.0179447893472
145310,532.8257973154788
145315,3274.350569756188
145335,353.7881501804415
145339,3825.9592012742387
145348,0.32190691844175984
145353,67.24593817581831
145354,520.0074842424233
145361,98.96856707708602
145365,10687.75482169832
145398,10.608836003788175
145400,0.1977610247246918
145404,503.49197022166163
145418,1.1337575469771792
145423,522.2456601549736
145435,19.09738114790069
145441,192.60508139158375
145442,0.521831983068733
145444,0.41652671206017766
145448,4568.5698283269385
145459,3.719496885443599
145474,425.0209506390327
145477,13.254485764718915
145489,68724.84204717776
145493,1220.9139729053982
145496,481.3188982715221
145555,49.39199391868329
145559,69333.72784481406
145566,2.025125547871765
145579,3366.8248967188138
145606,31173.1344201151
145608,1331.6113283554178
145616,6423.685551382583
145647,1569.544126360355
145649,75.18878458976131
145664,2267.3042141970504
145669,31.044883128518634
145718,1250.0303240041421
145725,693132.5667837003
145730,85.14010062204845
145739,4254.301496923224
145740,99696.33603562586
145748,153.72485792795683
145751,22.3628654660777
145753,74.98223968180018
145761,146837.63864238487
145791,17.2002591421617
145796,118.76098830211575
145797,35732.816160260656
145811,628.6407310092017
145814,3357.9070868883427
145819,61976.8579421303
145821,17826.81914912409
145831,204905.99355872758
145852,7.033371757507921
145854,204295.49239177143
145858,307.67395742700575
145862,157.08441032687972
145870,65137.90949480573
145875,857.5225233062997
145883,2353.3209773464478
145896,1592.0275134010067
145899,281574.95690790756
145902,197.85772287218637
145905,2652.21319977228
145910,0.9244963497087689
145931,12548.611950329443
145936,1.9350686468936829
145940,318.4541760477283
145941,263301.37574781285
145944,23.126959176656822
145951,181.0876934320793
145970,295424.90081277484
145980,1696.917171015495
145984,298991.13214752724
145990,11.1983404005746
145999,3447.4811926338825
146007,17.872320995948666
146009,157.40423601865373
146016,22754.98763801042
146021,331.02712759573967
146026,296763.6266333543
146039,24.29169607506331
146050,2948.4432781111905
146054,235.5655340083354
146062,2368.2964098540924
146068,1031.260627316451
146069,51485.55320341754
146080,3.7614728398532256
146081,3805.8415509250244
146086,20.57933223867019
146095,2193.172017214021
146096,917.924476001839
146099,505.1203506499639
146109,6.825128719135529
146123,691.9495268419238
146137,67.49530633043719
146141,1543.4402470490554
146144,875.0684950937995
146149,544.2216276731443
146163,234.28725531416933
146171,704.5583914757045
146175,19.24884793360627
146192,263.73740135621875
146213,25831.398877357402
146215,19.01550229772786
146228,29608.675874662516
146280,156.50696804203184
146285,17648.37663523813
146297,66.68122639383554
146317,78.51696169545542
146320,0.18731840892365628
146322,1644.781490204943
146330,227944.66610700352
146351,157.90657225421793
146357,710.2462534525827
146358,46.318248722701
146369,13.416111053420632
146382,5.612170920954823
146393,127.24079520166211
146396,28.710379807513462
146397,51021.46866173465
146402,2903.736327325188
146404,166.37534172546265
146407,313.8540368860745
146429,333.2807522649659
146435,402.14234368263925
146446,274.42354643616625
146450,224.07392432876506
146456,4.812002619450396
146470,2875.7769596368785
146473,27.073303242115173
146476,369.24153579348854
146483,100.25907946023447
146489,63.09960081395179
146503,308.80064856173607
146510,29.054949586746922
146531,142.89876333160348
146539,255.71225095856624
146619,9.17696973764019
146630,0.8361597782415567
146655,21.45385716741786
146660,38.148381411920575
146664,10899.341835624917
146666,10.705897209905558
146669,561.4488028908266
146679,0.7052061015147616
146699,794.8362929913923
146702,21.007119903279158
146705,593.6581166180547
146711,5070.683246957888
146712,0.10213854003209305
146721,830.5906528367602
146724,26.585953097618283
146728,109.78625388786905
146729,15.619473945485863
146740,2.043030767227137
146752,2.8750707158083886
146767,33.97467437917886
146777,0.0964104376012918
146784,56.382255363512265
146810,119652.44026906317
146830,300.968769602563
146836,4264.061079857822
146841,320.3700928104326
146860,5.439303470948062
146861,4.299036699236864
146865,101.49235666631868
146897,2584.639630939833
146922,86.45531606837186
146931,149.85686773974217
146946,172287.12064443642
146955,24.151397922200243
146969,1577.7973374084954
146974,5553.822014282576
146978,639.0402927101435
146998,2392.0642080205016
147007,4863.892828356822
147016,7885.110192741922
147026,14860.199882220742
147027,12741.167230177061
147041,35.04436286868308
147064,243367.82878890232
147073,1.9934077388892137
147075,34.186330524585685
147083,1293.0134279000397
147094,22.546830680784744
147100,33.459972155391384
147101,6349.025973913305
147116,197.70725222571292
147127,11309.7707701554
147131,189.2829238683025
147136,74.6546600890681
147139,139267.95987916808
147143,5.530438230417156
147146,5040.852216819842
147147,0.2075271677445124
147152,8527.512667541305
147155,1751.389491466857
147161,12829.759225629696
147165,72639.21654595515
147166,5539.917655592346
147176,21.115514213192938
147181,74.77750036736103
147188,250522.51422219642
147189,27.732404090372842
147192,276.9119220587017
147194,20.45747719497117
147206,341.1756584064078
147208,10.437044072921767
147214,87678.56904117459
147223,17.53170106040843
147225,11693.039194892412
147237,11.566044264850856
147262,21.94980681160515
147266,8.896454581365637
147272,7.495064414569389
147279,195.33721043217028
147280,2175.78071085701
147281,1927.900479945076
147323,2253.656376002745
147352,7534.142850204938
147364,50.258295855175426
147375,351.09558884317835
147394,210.87091689867063
147416,2763.654194251246
147424,458.4046751822249
147434,331.77909854759577
147446,3635.783593254211
147456,240.6706124361278
147467,39.853153684413606
147473,1728.1412204894575
147478,29.53075720914721
147498,554.249673410288
147512,10.514135630793964
147516,560.7625289724158
147520,84.8629217448773
147522,35.094612778161256
147525,115.40648236350863
147537,28089.768507512366
147545,7.685935220280804
147563,395.98622015244536
147567,18.734505288016493
147569,667.6744426922287
147572,4888.188366613378
147577,324.0816032424188
147579,112.27833756412004
147584,648.6345440966554
147598,128.90077592688172
147612,242.0054096392042
147617,6.610429171240299
147622,0.6594764650876694
147642,6.394291740937198
147662,141.60094924181246
147676,95.21363868335766
147691,1806.5490943293728
147696,18.953057431938298
147704,7.358725949944496
147705,35.49068500333307
147712,191.29483674083806
147719,42.482786023324785
147735,94.94114912945047
147737,1.472366223987088
147761,11.593469390556391
147765,0.29418314276341756
147767,81.99173060883814
147768,2.6465206995641757
147769,3.2740235857887816
147772,28682.73179140928
147782,5.090677781144893
147783,215.30134341963796
147785,1.8342980807786133
147805,189.6012571469797
147806,2735.3810528238514
147815,173306.09944780223
147825,8492.44470371703
147842,334.011975516596
147847,7570.014803072215
147880,2145.2419036731244
147898,52.67102881292703
147911,355.9646405204388
147929,2558.9573376347107
147931,28797.830173153336
147936,6972.372259122127
147949,55.7764141968078
147955,5536.1266035313765
147956,3612.2817707109457
147960,972.5036318257593
147973,1.0655321130856648
147979,16.85411888099453
147988,314.4306277063335
147995,37123.99757526512
147998,141.64949730515673
148014,3401.164912829916
148028,7.435805368755062
148055,6.729394973670841
148056,7.536253918013759
148065,49735.564882542814
148068,55.918129448561544
148074,4609.940703407048
148077,332.67717148647216
148115,542.8176342631789
148126,1.8972159678570313
148158,23221.5500274975
148170,19.17226553520273
148171,101.66274164540647
148175,3208.384039399712
148176,28.255519468319658
148181,339.5570358040203
148203,1339.6994609054445
148236,31.59389134795202
148239,83.27639656939091
148242,124523.19472765223
148247,5491.855859945587
148268,3657.874203472663
148285,23865.347807183738
148313,69.14856393377822
148316,1646.419746897148
148337,911.1260290203398
148341,1586.279902558247
148347,18.871601325426617
148348,50.32070892384455
148360,7059.93404580488
148362,82.40730607006738
148368,1388.6978275235701
148371,962.9435597328614
148376,76220.96690806051
148377,588.7365051712064
148385,182.41289481994747
148394,5447.050217080483
148403,226.32605650046224
148410,19.28093796951892
148425,4919.11786190939
148459,2552.675974078694
148469,1729.094458511041
148472,2.5525286920369052
148494,29.630732599750257
148519,103.64521981184203
148526,5.364389727523325
148532,14343.95618004845
148545,358.7402959203964
148546,83.91326123914598
148552,544.6769172339162
148563,82.28328648701363
148578,0.1995415564841869
148588,6.116653841650247
148600,290.3245318085538
148601,1.4482451197848816
148615,42.7349196314734
148630,0.1875077200209453
148639,17.181949820393374
148644,71.60906462812683
148646,330.1904309307322
148651,660.3017602228286
148655,332.27065295576017
148656,0.1023964390635908
148659,208.65923692680104
148660,114.18911573161665
148673,7.141479356149933
148674,246.33599506512473
148679,3.8224573661338135
148687,11.150204461158959
148688,1029.0908676126905
148690,79.02424450445497
148693,71.52732060224123
148696,35043.692974220095
148716,22.922200332113892
148721,2.0633674387303205
148724,65.25005803044698
148725,136856.43852472893
148735,404.8606111841576
148742,8101.392291998578
148760,3453.5608425524238
148762,33.71117534539282
148782,742.7413641607139
148792,196604.10004959034
148797,900.9788431877896
148798,3851.5480790287984
148800,6356.036096336776
148809,870.653082417788
148815,194.10057145635415
148819,1760.52321243224
148826,156158.5222776861
148828,3980.4182913305713
148854,0.31282637246301326
148870,628.0639577479318
148872,39.89410950076172
148893,6576.778128018956
148903,3961.329563957069
148909,125.49990353619658
148930,830.4907861407086
148933,726.3811292997973
148941,4553.754937334561
148945,112.33378152653748
148952,6985.206051977003
148972,7550.020667663776
148982,9465.509442211947
148990,2202.3370922951517
149000,101.62896709000213
149021,2.9169647869232245
149034,48.072806171134296
149036,687129.6825455478
149037,18.31932799882299
149038,146545.8025685903
149055,580.4971865086874
149058,1232.49515144122
149062,10.95060889479907
149064,5064.1983756598975
149076,2962.724357532301
149082,1183.0606012172805
149108,478.5847023051187
149121,1240.6485687430088
149128,11.29077215578165
149134,127527.89224335729
149138,0.20903550699768392
149144,0.5218790677636627
149147,485.9073036510502
149154,443581.5444726601
149164,2660.212202094198
149169,296.6241140715681
149170,65.90788639601341
149173,8241.75705488872
149180,1184.7636083571654
149185,1756.7398952692215
149188,103.45210116009963
149195,10981.160345464972
149200,58775.96467042074
149202,720.3596013060552
149209,1365.902182614005
149214,16.748720181318312
149235,7.3159060606076896
149248,0.9395679333974468
149283,5120.886265711977
149289,456.99173869727906
149308,1523.7400900456682
149312,266.38237705992657
149316,4476.033914069864
149318,5.504726198512202
149326,81.88918689740119
149333,749.6808933211311
149349,882.666033610926
149352,15907.413943662528
149359,430.1510933388071
149364,0.5021213119870085
149365,127993.28479735505
149381,33.34321831457247
149388,1473.8153451160645
149393,28.37163496858227
149398,1728.170666755321
149408,8.813793368086197
149417,287.04311524572785
149421,160021.44754265575
149453,35007.70623073846
149456,1917.4114076007215
149483,150666.12350965044
149486,32.90398756274741
149492,3.2418525390539275
149500,13.225282260339796
149502,977.4548272764554
149507,185.6353372165542
149510,4.419927032817459
149514,35059.073024746394
149519,3.5488657705917657
149541,5564.063259923912
149542,12.010217771933254
149569,0.307262668771947
149575,7.645731844707581
149600,8.380842282156953
149601,1883.9685312403988
149603,3.0959578855877066
149605,386.159515643726
149621,1069.8334763965697
149626,372.5565193976214
149651,10.149212088354577
149652,332.8724548071673
149654,402.0319658403153
149665,3.5342994355100874
149666,7.455820032478734
149671,652.6892938219754
149713,121.73722438391148
149723,39.73506773298223
149725,547.9935286321463
149735,456.99751919232966
149738,49.426603315891015
149741,2572.426175983433
149751,87.57118251582267
149752,556.9958197795642
149771,57.69634534695778
149790,12.411287040965378
149795,2976.8747063336987
149796,62.27943226047275
149805,19.03810752495802
149813,1645.375304849092
149826,27.864918434888047
149849,42.72545393661452
149850,189057.2539945435
149862,8.033857509586298
149865,1.8155096922293923
149867,24.01738036265716
149880,2547.4020285333836
149890,2948.4546650251777
149905,16.418994981433915
149915,2568.532829226778
149917,0.2058811145924706
149933,0.48749590348280314
149937,86.86785987856834
149982,1.340354402770896
149987,31702.087026142544
150001,117.63174506270036
150006,0.9117654537379328
150008,16438.454501527493
150016,4.938631868904762
150036,446.84499090809686
150072,19.40336819267092
150083,17195.094695281492
150084,350.51637317266716
150085,1043.7104593237545
150087,71.80467567661863
150108,877.1884615434597
150109,388.65194490650043
150129,1051.4132668870332
150131,187.61779487368014
150138,93.67208006258771
150151,981.9533757422936
150163,20.029834942781836
150166,129.22324772125953
150167,376.1500424723588
150173,4.060823353726495
150174,75.33151148587731
150176,940.576501457744
150184,45364.47257868766
150193,77.50082007850986
150194,2114.6272352531023
150208,42096.851042210896
150218,77911.89170126438
150231,1927.7130310951427
150232,0.2929574115911829
150234,8.906323659763412
150241,2.585141335389981
150245,32627.414942329135
150254,82.25793226601003
150268,0.4109991282691084
150283,6247.713618588409
150319,129.3003816120633
150323,3.450559789928301
150334,2361.967506480983
150344,37.268482467086635
150370,72.1379678457505
150373,1223.2652883088242
150414,527.7653480211778
150422,54059.74523922634
150424,62.630652720555304
150448,3345.480967731433
150471,984.9907941359413
150495,2278.6556432658167
150500,183127.17123761986
150501,12069.510792951736
150504,373.95557078057834
150505,739.957809175779
150514,294.7936035007434
150517,7623.351019548173
150519,141.2630137893575
150525,1514.0369784857028
150548,653.4469769756267
150554,1207.708732153137
150569,1469.9506732679506
150577,377.66609398545484
150580,437.80285099274874
150596,17.53740908719991
150645,67924.97996345581
150655,87.59510402493372
150663,1.3895422981182513
150668,2.713044991605449
150671,1405.7395554551345
150677,71.03561200917946
150700,215562.64608923165
150727,1504.3762653427173
150734,16.79702827961191
150735,2324.360294304863
150744,134.34940951227847
150753,311254.67504834256
150756,222.4463929845223
150759,0.09447028483282445
150760,8.370886037025116
150765,1208.5490943401958
150769,120.43168707305482
150776,39971.1308804123
150779,188.8817338804541
150788,281.0683324501865
150794,740.854379117007
150797,116759.50972238944
150810,1134747.1622969685
150823,103796.4770759872
150830,161.7685541483695
150837,202.22906262980447
150839,1022.4434663238715
150841,2199.094083759729
150847,866.2485779568344
150854,976.6805719790644
150855,219.06777624383227
150872,9.634412121025434
150891,178.0466246507342
150895,1.0056922548293086
150918,282.36383142990053
150922,289.7842127053433
150932,767.8251391186727
150935,200.3981800289165
150938,66.90035832967517
150939,9.24117306168377
150945,664.506437325601
150946,3300.063234778365
150963,1840.2729985462918
150981,20.361790562726533
150983,31944.81795869739
150984,3834.8757854744063
150991,1154.1865256647015
150992,27.914910875949733
151002,494.1040518832757
151019,215.21351745500877
151028,229.77844932587888
151029,10.122315210514683
151041,13606.043334137265
151042,29.51016031406379
151050,179.40008530328546
151067,156.93275694736369
151073,15816.52182035135
151081,7.527787133841194
151085,201.27931103631892
151101,23263.414901507094
151108,308.5776917358249
151127,3524.1808010737604
151128,9.761689271386867
151144,393.6000743723405
151151,77.02699184250743
151152,255.36800587900635
151171,26.064280276122606
151182,1.9453289328286971
151191,293.5606862817217
151214,3928.149894464243
151229,57185.32500311121
151233,4035.4589409044306
151265,62252.62579404889
151281,59783.34029354007
151293,17.37801717239619
151299,103.99189514895332
151309,6.243201126893373
151311,0.20310945922716553
151319,1.0658912602594732
151320,3818.0620594530023
151328,265.30417507417764
151359,5922.1091677871445
151360,2558.0648813046337
151363,723.3771097943312
151406,2515.8716186232177
151409,4325.36173539806
151428,37.35935014049071
151436,21.694456932594505
151441,1333.5389986236016
151445,3864.71764962216
151472,8462.917770119406
151473,2486.338761447089
151483,63.75397652405439
151499,178056.1969725557
151507,40.233671815325344
151517,10108.969133476408
151553,91.10419164219493
151554,130.42778021108776
151556,38.262314035289144
151563,6132.3047664480055
151566,732.5790919088739
151578,5981.095879844275
151582,112.1715490901157
151615,5444.777406797075
151616,3657.7182983565317
151636,10.483344226718613
151641,182552.9142700892
151662,25.669683408175732
151676,36.69398614906224
151714,24051.537988239103
151720,1874.3897989127163
151744,8133.175289759621
151745,31896.76479548208
151762,105.62560900099452
151774,1437.3651319374314
151805,107.2027762986052
151811,1882.9479614048755
151813,1373.5631475296434
151825,2717.8414084750816
151826,2278.77432687474
151866,351599.84312828403
151867,68.33178642857096
151874,2848.6627533562046
151875,262.9537843705785
151886,3061.4080425977704
151888,3891.78596792453
151891,48411.81941593207
151897,171.57026768148438
151899,3383.0192440911173
151903,2978.446079982307
151912,463.5620299317256
151919,87.60403517590944
151922,1445.1736915029458
151958,244.1583721741538
151961,65.10109226060862
151968,72.86290259293187
151983,70.38423595828053
151985,14.244892057718177
152003,16.86294471178122
152039,398.76488458727454
152046,275.7882524734711
152063,150.68747988778927
152079,20.16915198108687
152080,376.86610377766976
152081,3170.5775639819794
152100,100.77126284862102
152105,335.89106044442207
152112,2637.440820266111
152122,77.63906872146042
152125,973.7606123285219
152137,34.0392385043917
152138,8.067629115458065
152140,4788.253808246167
152147,257.71797591943744
152151,19.90513944590544
152166,32.49762034084488
152190,30.0298414512866
152193,925.8573260381748
152202,2.8305799352032297
152204,47.359884751621316
152231,178.80533561327996
152245,171.71293878054126
152260,1763.8862268838172
152271,4642.048009461397
152277,7451.8854593303
152278,403.1663277414867
152284,902.9655969296391
152287,10.833911595924024
152305,8771.030643493597
152313,12.080889196595507
152320,268.07326576008853
152322,106.23345519979547
152324,124.70495391420849
152338,647.330049469237
152355,161.3427299663433
152386,2730.9851246041253
152402,28.75172809614376
152424,2247.9333665175363
152437,612.2086628218032
152446,16.025209817899434
152465,106.09033719010861
152469,1843.9493090414664
152470,3.3709393213636107
152474,6975.382329736532
152483,83.11146190230278
152490,2.4917973838359697
152502,2790.105201038215
152508,145.22217599915743
152532,8.001762902755695
152541,2939.872200884549
152544,142.74934321676884
152562,133.78899146600116
152563,173.85250392399612
152581,18.7920510967847
152582,4584.27425010319
152592,21.65252066563811
152603,15.05563292823122
152615,3.778233796595353
152619,4262.69231231845
152624,98092.35213168974
152627,24116.579642362853
152641,6.791601308163226
152642,21.620194979252
152649,159304.1666189973
152659,2395.8390165097658
152662,14729.42132031961
152667,66.28499040897017
152671,586.7818226945878
152694,121499.26673930063
152705,4634.384874156456
152706,2923.614172638199
152708,10748.030340597867
152733,1734.2958933151378
152741,52.294316170780995
152766,1276.810295199974
152776,13.694487662215106
152784,239.37436864055982
152810,40.56119904754148
152815,54.971464442065106
152821,47.02754339435551
152839,23.911205977064057
152841,23505.242232002063
152854,190.5758669513503
152880,67.4136855742632
152904,4805.356049778895
152914,947.4564013628418
152917,18584.654738254212
152924,4418.028770619016
152926,29180.325341795866
152945,3286.5582010572516
152948,81.68553453079534
152952,32752.010737592813
152955,833.2794606288213
152969,18533.18592280905
152973,17.193809327050385
152992,34563.48426897352
152993,202.1298796064181
152997,41363.874448235765
153005,18517.662359907714
153006,18.927112040443326
153009,279845.3517022839
153029,11221.893168520237
153039,0.94364389246638
153042,337.46531733901685
153048,1017.4393156698676
153055,103.23630894921291
153059,9600.455358108558
153062,0.17987528987867074
153063,228.7132987597637
153085,51.40995108909818
153086,10.047762125717805
153098,471.07209442280424
153104,922.3209642552786
153135,1024.5846694207708
153136,686.1627371535859
153142,25.549889126417984
153149,114886.85199517949
153180,556.0879645907853
153182,103723.20946944183
153196,858.307992604041
153203,69.32141525045112
153206,1499.609984176605
153212,2322.2173566081196
153217,289.3417957760061
153234,10947.123128911791
153238,191.3009577023063
153252,59.18129891902632
153270,8.700489440465105
153293,30.402463972206743
153312,334.85548055691993
153317,104180.97826224453
153337,788.1725381960476
153338,419.8485225324653
153343,455.97920783056065
153348,106052.11862481096
153353,14968.563472530113
153364,2926.177942833172
153385,16.571929232320613
153394,429.4511058443646
153410,484.6850679434611
153417,1113.2924840974722
153434,8863.424296980083
153446,782.6453055179161
153455,692.1887703164424
153463,666.2119426234582
153467,45.83286993774842
153469,2113.1917764181944
153507,32.46276585266059
153522,0.9670641470358883
153523,1.1057152155691836
153532,0.931448431564734
153536,8.356381308877626
153539,38.05522108780059
153550,2061.216511663791
153558,1198.413050737678
153563,175.91232804206965
153564,596.4511457731641
153567,1015.2336692353438
153575,972.4489828777182
153585,311068.1542515868
153587,41631.66170571303
153588,5560.1366229760415
153599,1494.8316859766126
153623,3484.727250012562
153627,132.492903991886
153630,563.3408022910999
153643,1173.256889572516
153659,3636.073756456682
153674,824.5267438626864
153681,770.603534133829
153695,30.159087774366846
153698,2835.2984323935916
153719,80.10120170832718
153730,1676.7375535133513
153733,57067.86656483677
153737,255.03395975188738
153743,3538.900847489869
153756,1894.404342675532
153767,2.542265412320643
153782,0.49926147616315214
153798,27.094003416666485
153825,4523.564332995366
153827,706.9793824565239
153828,16496.681096510267
153836,1245.8432621770673
153837,119.79174429073886
153840,2305.7651200379173
153841,237.41907481775098
153844,65782.79204286466
153845,8.186931635187788
153851,181.399355105017
153861,5.33973759117375
153869,658.5707531195793
153878,431.232030517384
153882,125.93812238033503
153885,16.643511746498238
153896,7250.740288645067
153928,674.6255905041097
153948,255.5385751198577
153957,13.369154719455656
153974,140.54706500223497
153988,78.85013033207059
153995,872.0251666354075
153996,79.62703073022521
154008,5857.464527911453
154010,54.99441654905832
154019,1020.4375374835892
154029,31.692859964354685
154044,3358.7592476327054
154057,729.9373868938374
154063,51168.110113036026
154077,8658.416492658353
154085,551.1201483137465
154111,4080.663551650559
154112,195.47338998950346
154142,10227.323878177658
154146,4090.0216754347443
154148,242.17322531308713
154152,177.1792622271102
154162,1542.2203748868255
154167,100.85005191072402
154169,110.59626113386176
154171,267.0952970705688
154184,112.73971276553117
154228,400.4656087453288
154247,94.95848530456131
154250,443.3713251871056
154270,59.99648130810841
154273,2913.9818970635947
154288,2154.8623859683985
154303,3989.5559293175133
154312,1.1818968332932542
154333,186327.1635521124
154342,5772.316102582225
154354,4.641210156804734
154369,412.5136603082441
154375,234513.19182988623
154377,43298.120573178756
154394,636.1168133188953
154397,7656.906983166136
154402,166.78447505144504
154432,5.827098934941559
154442,28.668719765738995
154444,145.99017655041732
154453,135.69490967498146
154463,34.557106345808194
154475,180.43352744376173
154483,472.67485142123013
154488,15.094838723036085
154519,936.9302259001893
154532,1502.2672518270285
154540,1262.783959379645
154552,276.2738016834621
154559,2721.1943216267077
154568,577.8765537162805
154578,105.3233266615253
154580,50.5550270246714
154586,643.710970511362
154594,1794.1346548899949
154599,65.08565942511869
154614,0.09976561227867381
154620,80776.97783550459
154623,1575.440072037561
154626,1457.4322646689761
154637,18.830011807317995
154668,28.445001767827552
154669,186.51548564901617
154685,35.24847780030118
154688,18.226712788306703
154703,124.93620390179217
154705,839.5780387798436
154710,402.59717900622394
154712,174.45601092989298
154728,3.1534758422806757
154758,185.75253532420035
154767,163.29744502796422
154789,6.224802011445991
154796,116516.49076592152
154804,95.10993128039784
154810,7256.8716489757435
154818,75.39130768269239
154828,1.2681605416701225
154849,238.1066704823717
154852,1.0138407226456443
154855,1.0674195850973083
154856,1009.9922861498242
154864,504.0695876843736
154867,2.802367498211338
154869,2.60170330259815
154873,7769.162269025629
154874,20.93109299703703
154886,4.380687464204313
154892,30.244350582440255
154897,14.423299418660008
154899,20.24882014788272
154921,5.451866641819819
154938,29.11772914962005
154939,227.864448341864
154956,14.900405661977207
154959,332.80271840255824
154980,36.652846554846874
154984,2420.7387384354647
154985,1790.8211706122843
154991,310.13196178846874
154992,3649.859718985096
155000,10124.514538447966
155007,198.37610539864676
155026,312.6109862108757
155027,92.49985443394176
155081,23.199345728589538
155085,372.5321586508264
155096,9.874932838385508
155112,370.6369060284442
155119,410.88105903957944
155122,341.19632077185514
155124,216.2524194789627
155135,87.72342176918818
155156,1089.6015462202736
155191,552.727959993275
155203,2.6034711156531927
155216,93.43124029661546
155224,6.872747927399643
155259,126.95381923464282
155267,531.5753792909225
155274,278.77134989427134
155279,60.135098391380915
155320,283.5699802738169
155321,149.76491153038316
155343,2.5711620071943306
155348,679.9009337074552
155360,407.13346816706564
155368,1106.019745551872
155370,97.43901564182764
155376,2.211310903392909
155381,396.56455428705397
155383,32.33994027872239
155391,50.751446385606144
155400,126.43174969927874
155402,4.166394091358912
155412,1.073439083903683
155414,14.08500282413952
155415,591.683265418655
155420,1142.2205203362894
155427,1991.5870160014101
155435,268.6755556837868
155437,9193.106387646878
155442,905.6532250244896
155445,257.2468536678117
155449,30.833026932538136
155453,250.84395431429624
155478,4.6698163199454825
155486,28927.31367114839
155490,670.2865292206609
155504,20.040839803719322
155515,563.9169724696645
155530,204.5140583070618
155537,42.149042131762386
155558,3.012622235644343
155566,702.914168087605
155579,1.1134242393525338
155589,20.934605548252765
155600,1086.0523134223006
155602,1210.1730499335074
155618,1024.4423486523513
155638,5.9475647189004945
155641,31.470364585864882
155645,93734.20866041855
155651,2.1521129760907924
155663,244.65031032924895
155666,4962.55939044385
155667,6740.659379015359
155670,304.4885520309737
155675,4562.832851943755
155690,1.7575754833964083
155694,4153.351802950098
155699,61.662117866421546
155714,23.513034279373038
155718,13319.002880480362
155739,1.6009713669299979
155754,146.8839246192929
155768,786.642247259598
155777,5.963032685367969
155799,1073.0983615256412
155804,269.80619937133883
155810,2186.184186606234
155818,5455.544018954769
155821,137.92610671888238
155829,298.6437918952183
155832,87601.03795206454
155835,14396.171548297087
155861,380.8436833756035
155875,2901.1647851241896
155877,4736.1978713951885
155891,2880.5049735622715
155915,35.697598706076384
155938,129.32742547536128
155947,974.0634745555874
155948,836.1297301747785
155950,91.2866228111607
155959,1199.8810254143796
155972,90.95335941256236
155981,2846.833161965435
156007,3917.032152623921
156016,27.1351976493214
156021,424.2211015879484
156030,1951.983502877032
156033,0.1996639548282235
156073,230.81193179144756
156088,3131.6003481600783
156099,81229.87600370363
156103,184.8418916244997
156105,1.231067068711961
156108,3.0079666983310753
156111,8.626727661085333
156115,6.535763480716361
156117,43.684511987798054
156125,1156.2003283004126
156137,94.90031788630189
156139,56.2106156295441
156140,4.695626409546626
156145,1055.123478516115
156166,86.74068604767395
156167,6.225941121184478
156170,3562.5631780157096
156213,313.8739498246369
156217,1089.4554579864575
156227,304.31386624671507
156228,4.057153609928854
156231,165.42782106780052
156232,39.45690496231892
156237,665.4492625305325
156247,52.52001892886801
156265,60521.6259411738
156283,970.7787415140957
156311,411.10516719598206
156314,1090.4880844030624
156316,65.87029412739211
156327,431.79755963295605
156334,107.86740837356709
156341,8457.464477372117
156351,311.764063039969
156371,5950.097145317689
156376,2558.3133688832854
156391,156.41739248200105
156396,219.01429920575598
156442,188.4838129004447
156456,447.19772115473813
156460,2460.875957594649
156468,40626.42632578614
156469,42.559701492990854
156476,1135.5001045909264
156490,604.2830355571008
156492,352.1350001078031
156527,33.12521071061725
156569,389.64113637042743
156571,87.80337627187748
156591,192897.7561128379
156600,23.12976841895152
156607,24.2007859203223
156612,683.6372484125129
156618,0.8975487161486269
156619,17365.558876734674
156625,15.201921595832653
156627,163.53120997993972
156631,37.162638745913
156633,2.091889940439901
156636,343.0761421660603
156638,31.800795820241117
156661,68.56885966405197
156666,6.237431048707686
156667,148.63673144453674
156670,11.049313913516832
156683,93.77965074019048
156698,304.6001421231887
156718,113.64647573652371
156730,109.01935658505812
156752,52.32976845984456
156758,6.066494116007196
156764,5297.879886292991
156770,37.29860693015897
156774,12.870874739586135
156776,114361.95633632744
156777,6.96905316557581
156796,838.9848781939418
156810,7014.173716634504
156814,41426.32576647496
156830,10.372569186539982
156834,81.12204035834644
156839,652.4340764436432
156852,0.8476999990800105
156857,26.199069312205044
156859,1.475913606061302
156860,10.839319566941528
156863,13.708065916206913
156865,189.9024891756263
156869,624.4114478981955
156878,64.0859389711991
156890,367.64250353091126
156901,1271.5959874553234
156902,9.793532629880477
156904,399.56758717809845
156924,3636.3239025487337
156925,2234.286949961491
156941,52162.80431965544
156946,677.1123762988124
156951,374.6752018588788
156954,17.93407769317949
156958,8.860757085576456
156959,2.9125713803882762
156987,17.531986660517408
156992,111.80430774488296
157001,11.477834197180616
157014,6.430571113897689
157044,5.966504729273607
157050,192.4655039488686
157066,59.94762146625092
157072,410.10186256236807
157079,22.489197752470243
157105,83.25611348625856
157162,9641.235394014604
157173,0.7050414290036577
157180,83716.1037265087
157209,436.2952182173894
157213,3841.208455332699
157230,120.25169998286694
157255,2109.7255290108087
157257,234.11805155548672
157262,6825.098449047144
157264,5741.14329775565
157295,8632.49731756756
157297,3336.178894786563
157299,18786.640903708972
157303,249.44249515016978
157317,1338.1759445499506
157318,97.22350241020237
157339,687.8176721925598
157340,279.9294477042557
157392,2845.5802161103034
157394,10573.367143173913
157396,8671.978175772418
157412,1638.5686333492808
157422,6250.435852457068
157442,581.317809672184
157452,0.31183950720096315
157466,731.7932554875083
157470,3.453568205119791
157474,23.294403157777026
157479,1952.546030455674
157487,34.90414230140306
157488,1098.6692108858028
157493,4.0045964315564175
157498,3965.0782566397347
157511,950.1721404969609
157538,51085.7482728313
157541,69.94135636887884
157547,1.0380504816194924
157551,205.09000025090964
157566,6.2263393433702685
157567,1359.222460044292
157585,34.175624041153924
157590,855.9203751294579
157604,19.484875747659654
157613,1065.5650974510309
157620,281.55687539066145
157649,378.38780805515773
157651,16.842555435073216
157668,67301.52778691244
157674,1004.0309632464674
157686,52.024453621372885
157687,5.26490172535609
157692,13723.301250407589
157693,211.58311258537415
157704,2366.197678356594
157714,6.461175699365602
157715,46.500273119337905
157718,224.7644354473562
157721,1833.2134190081847
157730,19170.45862590286
157760,1580.366305050761
157765,347.7348440754711
157770,1.8892476683004127
157811,1672.0832129953485
157826,57.72893257497459
157827,6.481121966298681
157831,79.27253690839083
157835,1447780.4539619547
157837,4.912928449968172
157838,385.8757863342713
157847,0.9326482336547722
157852,73.08572843025271
157871,1.0103704648418452
157879,266.8172251491579
157883,49.10877363865379
157898,275.6314969436792
157904,1.8590781895178738
157921,6.799793940234062
157925,142.6682340965651
157936,4936964.761415036
157950,255.86338994944697
157953,83.4167818649073
157964,326.42580075842585
157970,292.8567332969606
158020,51.93025047984728
158034,1113.705600748141
158040,97.68789562110517
158049,391.1109773990692
158081,15234.806225198889
158090,209.17582120653233
158100,58.73013145416254
158103,17.989605327572352
158104,95.92445545620286
158119,383555.15587539005
158136,47.32522275393357
158140,227340.13475846496
158169,3.1749109197242182
158177,8289.593704961482
158179,1.0397672229622945
158218,2.154302768521174
158242,1.0547516174394334
158247,292025.64507278585
158260,11.907284499108396
158261,54.68686396478085
158270,84.77976822567636
158276,44.97943416125664
158277,2.102759538325719
158305,26.217537425784514
158319,32.31020552227471
158324,3985.3266368862746
158347,29.582931436220683
158366,321585.33314683003
158367,8.645405005321273
158396,11.415521695837782
158398,551.4203103744568
158426,25.53432148551892
158436,1.0344657855504305
158439,2.964820456728334
158446,2.061908897137547
158459,5.19301391210329
158483,110.52769925950736
158514,1.0911695657892033
158530,1.056973109265479
158532,9.238030065129708
158550,5.140925328712745
158559,1631.0785322413224
158561,13068.071251305255
158562,1405025.2116480838
158563,1812.1825817040517
158567,6486.09692796964
158571,552672.1927308006
158582,4123.246145350946
158588,4802.7964155501
158595,6457.003470867527
158613,1051544.3499472765
158642,1921.858556710745
158657,897.2874076335735
158664,105.21060517397416
158684,2139.553086527324
158699,614.6412780134715
158703,17721.111532979226
158709,193.6713703948073
158714,900.9686388735881
158716,499271.991839573
158718,929.3407874806439
158719,1025.3190861690957
158722,201364.3822608505
158728,108.18800973129686
158734,3958.841545278872
158738,1494.4895952642712
158759,1047.8072806897244
158774,3189.677005791267
158781,486234.58367243566
158800,3615.36897124066
158830,185140.0422234101
158831,1054.64266631962
158843,415890.00085247343
158847,1032106.082999903
158851,402.1496419079791
158852,100.1700435294113
158854,10.375401721821104
158868,73013.52078767297
158870,316333.16252716316
158880,8835.774002489705
158898,587478.7460197613
158902,390916.53600178915
158911,200.6348321208011
158915,90.4865940121991
158944,54.86910649832367
158945,502.92425067435585
158974,2096.256530717128
158985,182.0885413838521
159013,18921.012627631342
159043,106.1576034089198
159045,214.96657795548555
159055,1026.499653431158
159058,266935.5225196039
159064,0.0
159066,302.98400126068157
159069,875.1043551641123
159079,484953.6847257333
159080,408.46833859472406
159100,96.79097501839601
159113,539747.572578156
159122,489.07489997818794
159124,566019.6360924174
159125,297.2795128506338
159133,286.11889665989645
159145,606119.8787143985
159157,2937.433942775898
159170,2963.342545945787
159174,98.8591962340026
159177,437.0423030446691
159180,2898.209696368995
159185,396634.4673637392
159194,337816.5389342433
159203,4089.6027782485085
159214,149173.7628216655
159219,331396.970249244
159237,355939.71221587685
159238,452470.85671401967
159245,9619.518826683656
159252,4038.0678908421996
159255,1625.2064706415335
159265,8777.198632412417
159271,287780.2848838001
159298,2324.815498014676
159309,982.9212494811413
159317,1700.3502981909976
159321,1738663.018303164
159328,8977.623115885122
159333,202.4445025289058
159344,6009.411112531717
159368,18184.31637208543
159379,14844.335905699914
159386,185.38172267582786
159387,637631.0702824288
159405,13437.46228110826
159409,107.77911440575613
159424,105.38944755896797
159438,11012.339015875272
159466,170589.6675359873
159530,694.163589791552
159534,32773.46371090787
159539,509.4170556638463
159541,944177.0576633429
159572,4154.098195375356
159576,196.74158399566625
159584,184.05827867013323
159587,1004.4011985215078
159589,959898.1354863419
159604,99.12378156776491
159633,1504164.2787452731
159641,1932594.4572022038
159645,156551.04225538007
159674,470.44190917420735
159678,97.74103336908378
159679,3003.093339574439
159688,996829.7801919922
159690,309.1048534405346
159695,201.09996711194768
159697,321.69462434931677
159706,200.8704356790032
159717,203.69989756216535
159745,477915.0322122007
159750,150479.85453766104
159763,197.37777408767647
159775,1047.5266023453194
159778,508452.0428831651
159781,247861.7994434838
159788,6019.017024212203
159790,174852.2116048917
159812,1223914.1145162294
159813,103.38938374716456
159820,99.8114484569099
159822,198.32885898219413
159832,1467.7464517625815
159841,309.5190021297049
159848,32841.83885686398
159851,94.84951492247336
159868,691105.2385873091
159871,99.28487023533968
159887,698217.7510167158
159898,780837.7382455067
159901,38108.00472833723
159906,95.99883358983897
159919,8407.66086264324
159925,571838.6136194698
159935,316.3943226447963
159936,94.35437584999133
159952,51195.33068030062
159989,809419.357379276
160030,16996.689149469006
160048,199.05837788141915
160063,107.92963899377969
160068,369526.82812921394
160069,95.66375069414376
160071,99.64920516749952
160072,376627.0249272113
160077,303976.6164293856
160088,102.42167212138615
160093,10112.846539214383
160104,1053.5259562023925
160105,499155.566708922
160108,1088.988598720766
160111,10213.67779132492
160113,93.78596970648634
160122,9328.926426993105
160145,2095.9871571690596
160146,1066600.3788420102
160154,12579.142784486978
160161,12451.356466745443
160174,12542.697185627841
160190,1739.5884677927331
160204,2437.5478383646223
160210,1243467.8721398222
160215,1726.1254532892658
160242,994.7763058981301
160244,1357.5214626989978
160249,7484.9020712390475
160264,1152.5697547754517
160281,2868.5649123598737
160296,6864.102683133186
160299,1873.5955110196044
160321,1033693.6785935964
160328,3880.3983186959354
160334,71574.83859801028
160355,267202.3901335457
160378,397.382011891717
160393,2978.2163589818683
160400,5947.4131407866125
160425,754450.714029241
160426,3859.074264853529
160433,98.5416552499434
160451,22.331692745176156
160465,860127.6293945222
160475,3173.7486306964347
160483,101.09311444015647
160485,3260.396323994181
160486,763350.4199720211
160488,207.2400786105457
160504,406432.6218779164
160527,842766.7913481228
160534,3106.1984921653093
160563,1220.9014785921047
160570,58897.92970717723
160589,707.5916724737476
160594,109.37482661910325
160608,3080.359793123137
160616,823520.2202589369
160622,827098.3836114815
160632,286.6373332319893
160686,13337.812491455694
160699,844962.4330546333
160704,1107.3895071826128
160706,100.48196971166095
160712,813154.4686685286
160732,322068.5395813737
160747,3016.8038251021753
160753,267563.5653235724
160754,107.32962652282619
160757,94.54022744530562
160759,836416.4872522131
160772,492.96444240194694
160782,406088.20473030023
160785,4111.955717462616
160789,414.8077314194939
160801,970.0756119443184
160803,973.3222472984364
160805,1073749.6919480162
160815,102.95110636852935
160823,1089593.0684401689
160834,139460.98890475222
160843,99.13648401575561
160858,53941.227726770194
160861,101.30365950969689
160863,848468.0503060676
160871,299801.5293217015
160891,46741.68186415402
160893,201696.83780521117
160896,2019.87475221546
160907,70594.17358879985
160940,1846.7996178287508
160947,4051.598941408612
160952,233273.99362995205
160971,6879.641559079682
160984,13742.068964241813
160998,464.512229147636
161001,20525.43892940038
161011,95.74618633535754
161020,184615.3881604481
161039,608.0630868923348
161044,2000.4217269327694
161049,7692.417977728555
161063,622.8096753094335
161064,1894.3937419440945
161067,235574.79936811858
161069,3127.5103340765436
161073,105.46540764628799
161084,225.93379650609523
161086,98.20658938546296
161093,69241.55739503271
161115,6248.693122458222
161126,3946.601703596303
161132,930334.8865752995
161134,68.7954275016295
161136,1048.7362999240124
161144,258496.46509576208
161154,5280.715586658048
161164,4576.862074647781
161165,1656.2662400038037
161174,395.47451420571645
161183,200.2306439949018
161185,610.3972504817326
161191,62613.81492242414
161192,158020.64200537585
161199,332958.5940466258
161200,523840.7525611769
161228,989.2510959152054
161237,100.46421818266734
161241,302727.010054137
161247,182468.41634385023
161255,206.23778948768728
161259,97.30914486857202
161262,102.91231395453406
161264,324300.42806076567
161287,91.33678476555954
161303,207.96894823358386
161304,199.98105944701751
161330,586.5443579115839
161332,263277.0483079853
161337,84754.72874413429
161339,95.52062005672019
161348,990.0490616715917
161350,497523.52228495595
161364,226482.295190746
161366,194.9870868698965
161367,22250.483449028885
161369,189.40988080160125
161385,122896.1406012308
161407,1124.9414271146572
161415,1666260.8259320764
161418,510682.82979826035
161435,2964.4094686024637
161441,1754105.9222303191
161443,1529.2432368173352
161454,1936860.0618799683
161465,2018548.5295944307
161469,36052.66862782405
161492,388.4434319727545
161497,182.56996035489465
161524,202.27784083484696
161563,1999.889370946758
161564,1338680.5813688624
161572,529.9198782735613
161587,311.4749747891399
161593,2781.434842635472
161596,89.45020493469582
161613,7085.974644636348
161616,8017.944757757232
161620,273671.1695645733
161633,3029.3182068067845
161634,1003.3030040309001
161655,776417.410886932
161664,885500.4762896326
161673,37159.65173864737
161681,104.69087490379592
161686,76028.15412950542
161687,2749.6442334788658
161712,92098.91893226956
161720,1694.142045131779
161721,6263.655833404606
161725,31.90710498303829
161734,395.37808020427633
161736,124020.82147953115
161755,50.926558114795945
161760,1.0402103349997383
161780,26275.97529991927
161791,32.066094135331475
161796,576.971444716485
161802,2.0745499135785943
161805,22056.559119439276
161807,61780.91412949723
161816,3747.7809588296573
161825,125.7818799916328
161847,0.9560732537668672
161855,27.96979758947798
161862,1506.2490653676648
161866,12.254705314628703
161871,42883.904945132635
161888,123.01927449495362
161896,0.0
161952,2515.1349947496337
161987,2624.0899455666613
161991,484.8747152120006
162006,35.78517292895219
162040,12.67877900166647
162072,1412.9749395669899
162075,109.32941946687623
162078,91861.61791490074
162081,22.37595073241355
162084,209134.26466429807
162089,1090.4306481880328
162117,438.26727767005264
162119,2713.084352952579
162128,170728.91098905128
162130,626933.5593019313
162146,762.87285812854
162149,0.9913475370753158
162152,36839.722112979376
162155,1.0431165451219482
162159,41.442886618228286
162162,27513.115121059152
162169,148.0140342199349
162170,3000.226513756471
162174,17278.63534685028
162176,5.058992934240792
162193,32335.235185818266
162224,16.015041054282868
162230,23280.82391836262
162231,218.6741767420337
162237,235.75387269113335
162242,8.822077101759604
162244,470.25805229523354
162245,157351.2565928525
162250,39.30752474242246
162255,0.0
162268,720.6738047035943
162269,16667.383285720058
162275,566.2970538709206
162304,330665.31250707456
162306,1535.5712794365422
162317,1.904376335978922
162318,162.98642553476833
162322,56.676231597503666
162330,157.93150964503678
162334,3.144893479716254
162347,13722.69798168606
162351,484851.36105405935
162356,51977.162658289046
162375,41995.8620320895
162397,5.861978065403935
162400,1425.8656455006903
162410,50.13191115000066
162466,416860.97764981224
162473,259.564222945363
162479,1472.7500938750845
162482,13004.754559819625
162502,753.2658239971652
162509,102.24149263487526
162521,6.414256934461418
162535,3982.7186426394733
162556,10.468264906167205
162564,9734.125125790317
162565,2785.9701185024965
162573,78.13400639883449
162578,45.75912472874707
162580,1781.7659179946552
162590,2352.215149327522
162594,10871.48125120807
162601,48.36379267877539
162603,40.80609000025529
162616,179540.59797922714
162627,7.364809418495614
162630,3.011323836287562
162642,4519.187537977958
162655,17.821797710562333
162662,78.80415076726938
162664,487.5106959797386
162674,4.967047472221701
162675,36470.05653195584
162715,33.69662432050993
162717,81.07841799849628
162728,3405.8067602119695
162732,99.3514660738323
162749,19622.307610317097
162753,14526.753437854946
162762,6.232810855670461
162763,122.54922549758874
162771,70.425606755091
162787,37.846864971158894
162790,124.87860398172693
162794,0.9818131155948621
162809,185.75080339471154
162818,11.512260873097688
162825,4.07800355749254
162843,947.4715399932074
162848,12.31885529010233
162849,89.19903907907921
162859,236.41055590850576
162861,137898.94765523414
162880,0.9881124673261334
162889,291372.3493158226
162896,4834.314227239016
162901,1752.1426126661993
162904,183210.59971995765
162912,1003.1341442192836
162915,20656.11239772068
162920,1719.150729782729
162925,603.2219126868642
162936,43.16254001830753
162972,440.71535737499653
162978,460.174902188883
163010,256.99888920955004
163019,1554.6784047532676
163024,7430.063154688866
163039,119.9186035909533
163046,1.996190609881512
163055,856.4526587441175
163060,229.9827582006304
163068,112.7551139680247
163076,1.0146914334138573
163080,4.248862616370483
163082,40349.44588038991
163088,122674.69352019565
163105,4622.691650517459
163106,0.0
163108,0.0
163114,12.134127269526811
163145,32.38550726566112
163152,207917.6575961751
163162,54946.995561088595
163164,8047.025837348695
163173,2319.8062705158873
163194,146.8377387195973
163198,58.14446708741954
163206,79.91506659079765
163216,179.27863843173046
163218,102.05017738144565
163219,152681.1019701852
163222,339.84087983329096
163242,4209.421748722225
163246,100.81115348261511
163253,633.0360956070346
163292,1.0206770942558006
163309,215.21192717702237
163312,279951.7642559988
163318,10719.474333702063
163339,25.354914432318747
163342,0.0
163343,183.67542083470488
163359,9405.785586551101
163362,339.65922451696815
163370,44580.87896428198
163379,6905.264535976375
163390,22979.925005531866
163428,0.0
163440,1080.0219801739763
163441,37.92984534726247
163442,1759.7767395820683
163464,252.80732203722584
163496,113.4992458851648
163497,28.50241421958092
163504,25.90084026984195
163508,13.297297640124523
163526,10225.116526387648
163538,36.48135266674523
163548,23543.403589613128
163552,2.1186640802586045
163556,1003.4553708669354
163568,109118.94349985856
163573,303.6831826237903
163590,24.302710169397596
163606,487450.99264682166
163620,106.48834491089121
163631,12.050247491342926
163636,491588.6810698719
163640,5722.727054032871
163655,17.676805759762587
163673,9825.121495156067
163679,1.9252218104880905
163681,138974.27021516938
163684,64.18273796897462
163691,2113.2042588746103
163694,14079.93734390702
163733,500.5135915831069
163736,0.0
163755,42.86739407603044
163764,19630.38937604973
163767,292733.6815740611
163768,545318.7710768285
163769,0.0
163771,11.179402973066914
163777,0.0
163784,115.23493784465498
163788,43.1626362421697
163798,19.412559766215725
163803,301794.9064116294
163813,1133.4665165448305
163819,65.65192041823028
163820,27599.795676693517
163821,20.829565305938797
163831,5317.222614635718
163837,2942.961487636239
163842,335.9564832854396
163847,175.59060368343842
163851,14.033152178111461
163856,23.355540195604217
163863,287514.6298251653
163864,505402.78557275626
163881,47.38120999128587
163892,179.81830978902138
163901,5.803565118568545
163907,50.963171825701714
163917,11834.150840797056
163918,8469.670892344835
163924,529351.6225890692
163928,6405.016553702601
163933,202.91541530421074
163944,354.5555882247653
163946,10595.01542743196
163947,7634.294593762534
163960,276.65011112920627
163979,378534.50273471704
163982,657.5670071813117
163985,42114.0887306115
164012,2.0596850449138357
164015,1002.6942816119911
164019,37117.00718498919
164020,15.18353912518158
164035,1.9077637900175672
164041,129351.99569097837
164049,10473.259915986071
164055,139220.72086064387
164061,30.481498479334498
164065,23.93200314209328
164073,159853.96192972118
164088,9.022994311074566
164099,2.032996730574545
164122,1929.5796044223068
164124,1140.9533479637012
164127,80.41757543642235
164145,2109.420329398006
164149,80.79664812144358
164152,0.0
164160,0.0
164167,12.783327497075412
164183,8318.375476726389
164192,50.84962001506839
164195,0.0
164210,11574.277534140814
164213,285471.23652531434
164227,251.55604827022188
164235,38.1824362693996
164245,4.149554272140531
164249,6850.968080979869
164260,1159.2727891732713
164264,10625.43621004911
164276,613.1992786670244
164278,6809.314996289434
164290,10.330979740961745
164299,6.023574785514189
164305,12772.356599843286
164316,0.9599310595756554
164319,114.33359540698656
164343,7713.634575590866
164366,3161.8420284225926
164367,5065.652703368782
164370,10.908074800488466
164396,32778.76613842016
164409,27722.59684951375
164418,41.99586898614135
164421,132835.44511124637
164442,10.071324232765773
164448,5.985685946035563
164451,1775.572952858805
164476,231.2127598435833
164495,1.019747771235485
164523,73.45411988697295
164535,14.426140170168022
164569,0.0
164576,35057.06738351713
164578,6736.459765437962
164596,84.14860686138374
164612,2.0107219052887633
164634,10.328066386784903
164664,1.1001228411575144
164673,380.9037272205468
164678,924.0963487760371
164690,10.902367412058247
164700,341.6751283533388
164712,459.5994576764536
164719,135781.2632006972
164734,1080.1010317269597
164746,42044.90993888424
164748,45037.812692230706
164751,417844.1075754157
164757,375.303723632656
164764,47.9209987350151
164776,1013.1111129332782
164831,1.8765636953077618
164834,18350.047940324555
164874,187.67186445029438
164878,169.92803809358352
164883,70.3825598772184
164884,11.241143789732794
164888,679.2193039844857
164931,65091.78062467781
164932,17395.841482418677
164956,0.0
164960,93.16142471827435
164962,728.3506856393868
164966,10408.22060473268
164976,264388.69622338243
164980,123.8032509714607
164982,278.4858255834011
164989,23.479133718333404
165010,286.12805831062855
165018,2.6888120935774475
165023,1.0400397080384474
165024,1.0133014848230877
165068,1128.3063699194374
165091,1172.3918690005376
165095,236.86119735523187
165102,1.074315842013539
165110,3655.237012108135
165134,138.75794989949193
165136,41577.229758917325
165140,2808.577354354614
165141,10862.618342622844
165146,45861.438424449385
165161,1517.9878132198642
165169,32955.71793929786
165186,79243.36234497103
165200,126375.0443402725
165201,40.82174638593305
165218,44910.37261668648
165237,154.68633332640908
165238,14.378722024929903
165256,303.9113866857342
165258,116966.90753753648
165264,32.07967084123149
165266,61180.10883414173
165311,6949.454982036821
165312,176336.05003218132
165342,0.0
165346,3125.057996043621
165354,2.016684824337951
165363,27259.168079021012
165379,3.6077297843023883
165398,668.3841757703048
165409,38.74138298887975
165423,130587.00027437396
165441,6.009352066222397
165445,4.166485966078363
165453,1672.365755318715
165462,153303.35563367142
165465,303.16952180862745
165472,77.38480568260789
165486,2.023585642718688
165489,11045.259345866145
165492,2180.5197832126937
165498,169.22554833205137
165499,64841.00815037091
165510,1085.70160488764
165573,5847.358940417522
165576,37.09762878958517
165610,2.9260296484381385
165614,1.033245192336381
165618,125.0092609528137
165622,6.041443525280427
165653,239.1282538487875
165669,2.001376875792962
165683,8.648028932499894
165694,13443.465552984208
165708,16.539800757290426
165719,601.3000982221329
165748,3.1078574858604746
165754,84378.53768447708
165760,14961.530170250082
165778,3.097442559535842
165792,140752.6768521579
165807,2.9657658177236907
165818,72659.20557704564
165829,35568.13782071959
165834,495.1345323329591
165839,47717.237346821006
165841,8698.485829977893
165848,32190.359146819224
165850,17.6049855066411
165856,2274.657257507981
165862,241438.9568003445
165884,316633.0455986614
165907,166.8767737871332
165914,10440.00314522007
165944,1.9592491230728704
165950,33.753782106309124
165953,0.0
165960,1.0152195658415393
165975,4.834304161876951
165992,17932.3605355259
165998,253426.07859604832
166000,19.16726644643009
166002,302.49573572229144
166014,16511.37855610229
166022,21384.014367893473
166027,162.2962403916523
166028,74372.21516210519
166043,0.0
166062,1.9950450746731132
166065,8061.604199741282
166069,50.50668637374656
166074,3.0930068865444555
166077,3695.308886651967
166083,1.9599188336849012
166092,7256.344921365592
166109,1467.395304855611
166120,7265.825184334212
166134,30.60295182330198
166137,10.20595750472584
166151,25.474562417917756
166176,61.8453514200422
166181,4.926287433011179
166203,12.118518505132421
166204,113.37281978781084
166205,29.764852010932852
166210,3524.175500942716
166217,21967.715712688394
166219,8.029515127838634
166220,4617.471077370604
166221,119313.79681060553
166236,1478.8016310496832
166245,66285.38199590948
166246,11.84070429511223
166257,123.8256399298649
166263,47020.04066447902
166281,1.8919367781668008
166290,134.93137846592688
166301,3.115246956184937
166304,7.502045162005785
166305,903.3311558370727
166333,658.5934786104262
166336,0.0
166362,97719.15939324273
166364,33.247771546044426
166375,3228.648485516262
166404,2372.3885436325263
166406,0.9998540042502181
166410,156985.13999245223
166412,516.2956401444594
166414,14.437023537242966
166428,78.75360776305912
166431,11.821608413626107
166463,2024.1008776456385
166488,45.36476772610341
166490,2649.5018360428758
166520,3.3268270132945252
166523,956.5599912129305
166526,15.51953261939923
166533,38.60958284142577
166534,73.79090286626769
166546,178787.7105630081
166576,43755.609451621494
166580,146595.17056299403
166585,8.658906605058524
166594,107.46910896144774
166599,229823.48292059873
166602,300.1517702387677
166603,7.4856581984130495
166604,10481.780405643876
166629,91.86934108820225
166655,55.87313557484702
166665,31697.374310517378
166670,14.32342773459293
166689,1728.9293828194718
166690,1.9406839970313823
166711,61.76348139730907
166729,56.08730764832788
166734,124.50338838714357
166740,0.09623943225447139
166744,2213.406806156333
166761,11.459383179933504
166765,22.079032183501862
166767,170.06028312649062
166774,2175.831708760358
166776,1625.2645296031892
166781,105.97631085701514
166822,183.66723562595763
166824,61701.362796936206
166825,5.095323754015279
166834,1235.2997421542402
166845,306.49064809047564
166846,87.38673860736316
166857,429.8866756108377
166863,924.0252886864735
166868,47.0269407733258
166883,1143.918578921315
166891,613.2150667719359
166893,1.0182143729327735
166895,67.92163885167228
166920,25.3746123341581
166938,3.885639265421133
166940,279.1871193968215
166958,164.57135660939187
166963,447.588714761877
166967,8432.50221581253
166968,661.3999244150322
166995,301652.3054490892
167003,3.6995269554980195
167021,1.983111906952623
167022,399.1856068839811
167025,7051.16340956579
167037,1.9728890424891656
167052,23634.43675697491
167054,5897.870713695528
167070,38623.80365283977
167074,369.69515324504647
167084,117599.28626398195
167097,133.04913476086867
167105,179.32932266399874
167109,5924.788581577234
167113,328.16895579970566
167141,0.0
167152,82.9615029696269
167160,4.092138752742781
167170,12.340071333658527
167178,43.71636066982078
167182,1.024980130203223
167209,672.2241718393612
167220,820.4842579917247
167247,1.9328920308589164
167252,65153.75680648408
167269,4476.088176563463
167275,371.40428318139703
167276,340.33119986105504
167278,100403.00210054609
167290,152419.49063313077
167294,39759.22243645823
167325,8039.120300227727
167337,321082.71730538725
167345,157050.65373405325
167350,6165.033106625249
167352,39537.07973793518
167356,852.114494782126
167385,601277.440739824
167400,4.2959136018701995
167401,4.544719008245721
167402,15765.058828501888
167410,18.967448671979106
167427,21.370479401629833
167429,22617.319414226477
167432,116.93251946076484
167433,45587.526750473124
167440,5.1034466049984415
167457,12442.046784870381
167464,81.28053784393737
167467,2565.4795202231917
167469,35.75462541907245
167478,1.9090948711572298
167508,15.3716386010564
167516,2.1257866638881513
167521,0.0
167546,0.0
167573,492960.83341732196
167583,36349.43728026144
167604,25.267279004457748
167610,10.426807638085515
167614,7956.697908034435
167628,396.2536643888947
167639,75504.15060175481
167641,6.99467896492288
167645,0.9880079758350039
167653,1845.4050776775027
167659,5121.660716284773
167662,20860.924783058963
167669,117721.74632920692
167675,30.63670556319447
167677,313535.7054424324
167681,2.955969556870093
167685,4969.741572580065
167694,38.327808983266706
167704,98.1538022522503
167705,81921.68259653576
167707,71832.21166478703
167713,2445.2378795053164
167737,71659.98357315757
167740,223025.93404817695
167743,108451.36073114337
167752,1289.452732323289
167754,115015.86052338051
167761,151.63216642989784
167773,38762.44686222763
167775,4614.461627121843
167778,1152.9736005109742
167794,20023.939941942164
167800,63.51596638420452
167836,69319.90552579294
167842,10.686144794216064
167860,4.673555253606835
167869,44858.35998393765
167878,24901.342656181827
167884,438619.8019652045
167889,15776.275020043373
167898,580694.5031695971
167918,118.4903485336885
167937,24241.413642582644
167951,1104.1407863927247
167954,18038.94469310091
167959,5.809980447204038
167980,56.31556727561326
167988,283.18015909842575
167989,343047.1341209852
167997,4478.108247573285
168001,10073.010113100328
168007,69.06038636507847
168017,432570.73770104814
168018,19.003195668736396
168050,38745.57388294015
168062,441069.7038546098
168064,2724.2572535995805
168065,83.53033873637659
168107,229.81504455393116
168109,173997.901901239
168111,5.697382319253694
168126,5128.018113437772
168131,16622.136429839396
168138,36.37743840126178
168145,1.9897337239645052
168147,14.095943012661293
168153,17.32025139655103
168155,9.49101769844821
168156,128.40096041195983
168166,101.19805291124274
168182,18.496891384827318
168183,83.27172875724443
168199,5.888078139900565
168209,1.0107048037306186
168211,172.81724429688379
168244,779.0304035016808
168246,1771.6005861427896
168249,137.10750724774135
168254,13590.126365899854
168271,28078.553115238294
168286,353.13144937591545
168308,196.31267443632683
168315,23.960040954638245
168335,135.7058266050633
168345,159.9664799367951
168348,14.465159167518268
168367,8983.583458867937
168375,164147.6431226454
168376,11055.2480453372
168395,7.479968584910464
168399,13.940688384279198
168426,712.2609536980489
168429,475.51254937580893
168446,13995.173755718744
168449,686.1502698255953
168458,1784.243264490899
168474,1900.0682479786933
168481,1.9127673398863492
168488,405.24898271887366
168526,4762.476201046102
168527,52.982308205901106
168530,0.0
168532,1213.2015587235362
168536,0.0
168541,83.27154932701805
168557,547.9710245372437
168563,0.9035177161759524
168570,33.68755712763371
168573,521.3804085546952
168592,22807.964192815427
168610,1135.5291232422971
168611,17740.674498232856
168629,2478.7390398361445
168664,0.9862139119996549
168669,71949.49568010174
168673,17.222291708628422
168691,8.784453380869689
168696,652.4849870321113
168701,63.99915163068803
168722,149108.91741509995
168730,172.75620090669608
168762,226631.7860783327
168764,620.8521536965569
168765,46896.05665871866
168768,192.4329554842399
168786,7456.101197462291
168807,275.23006048651087
168835,748.9434574906896
168847,2678.12172645044
168851,34.51376842804766
168859,67.4959014913497
168864,127482.83544180103
168875,17.35229060577286
168881,10.313513350619836
168884,80703.25988951733
168897,2999.4399396180966
168905,159.52629914049515
168920,157128.38485402238
168922,13277.377228439918
168935,0.0
168937,0.0
168938,0.0
168942,33.29184885486207
168951,2558.495349818835
168968,163038.96014243388
168970,225.33719535972432
168978,18.169079985779497
168993,3205.8406479130695
169002,42.92516465185413
169004,1384.907926884598
169026,232437.30080164497
169029,6595.666046065383
169045,313639.19619034865
169057,410.92680572564234
169082,59761.87753970428
169098,5.074187632463319
169105,78.8891739176848
169108,502.92860196468587
169124,38.176092802069995
169127,297653.29236912186
169128,9345.095045208584
169139,20072.62088332263
169141,2336.540604938806
169145,129546.12337747429
169149,27126.489166954587
169160,4284.671224016556
169166,26.374911065138036
169176,14.820751663555116
169178,58624.24178328195
169184,116.18810224024713
169194,999.0089139702516
169198,19.298019075528774
169203,59.01738556814445
169208,5141.225622177159
169220,0.9762981019735401
169240,25731.26667736344
169262,702.848556545487
169286,179874.88033949168
169293,0.0
169294,2916.5564727422043
169307,146.4304023155452
169342,30176.88930229962
169364,659.2851850586528
169372,13.274169298776085
169394,17.662777647585884
169429,18.355934099792858
169432,29.553977273110487
169449,1204.3158344638443
169452,30537.805784936634
169457,256061.37678170146
169462,69269.45865334696
169467,188.47589676309155
169492,6.011320965754695
169493,3.9618018068165064
169497,701.7122969507475
169505,5182.064235234248
169508,3897.55760648022
169512,310.3621578412673
169524,37379.34455096698
169534,9805.704061697461
169553,13.332650610842204
169560,430.9073169180558
169569,31499.323355404973
169570,1039.5947037625422
169571,11508.790504147286
169575,348.4746930842505
169577,7.604271030029165
169616,2766.9304077549
169622,0.0
169628,24846.328078215814
169631,21467.739454921797
169633,20.295244743523252
169648,95551.456323487
169664,3129.4717349486123
169671,4497.279411230187
169674,5.246944278660136
169708,230.22708723975796
169722,38991.64639770389
169742,18.73633238097529
169743,1397.5986566011895
169748,92.62215458365088
169802,82696.02273141516
169821,1.0086564998029046
169837,64084.090244953164
169860,204.2097921163531
169874,2411.770504750447
169881,209.71357701566407
169883,0.0
169903,662.4745273295274
169912,1.0333189628807247
169915,5.868148913284276
169944,309498.9694687054
169966,288.1717607492023
169976,283.1416305150255
169979,2331.602322319144
169983,6.886756471958446
169985,3404.541812422909
169986,6217.869851008596
169994,126939.66588823101
170001,28.206064684505062
170014,1.0050893628494826
170026,1797.4233635423154
170039,4.132467096242441
170046,1084.1182573429298
170047,5918.211088001289
170054,55.29736572954522
170055,6.8878098905147205
170056,13452.961340741065
170067,1.0116154437636986
170071,15.229669923994996
170075,241.5115102096648
170076,12.506726719333145
170077,94853.26036750192
170083,3369.7873801801748
170095,478.5340394781105
170107,219691.72184081617
170108,34.95686518407895
170123,1015.6271867743611
170126,1670.735346585311
170144,243.1484862137017
170145,125.71151551411018
170152,21991.67488907814
170161,12.63243894848064
170174,11317.43086000716
170176,6332.957838851842
170177,1383.200015081918
170194,10738.675229721935
170200,11.704895601772034
170214,77.73557193982987
170215,1.0422551941086482
170216,13828.505819377833
170219,883.3060310468218
170222,2119.604593918431
170223,161.9457685958706
170241,0.9892191768715877
170242,586.3783368741666
170245,141.07160693954947
170264,1498.6816973027048
170279,11743.02706513706
170281,162654.79615122944
170287,98.83175002624564
170290,223645.6058953945
170299,11.750610888668568
170301,5.2569572675121465
170305,8854.401053129679
170309,124.58990063022361
170322,21309.599413011707
170335,21094.343413085306
170338,2.0696705374704263
170343,1.9117093581568037
170352,62457.64399505182
170358,0.0
170372,521262.3261763638
170394,569.0367693737121
170396,7576.486170841279
170398,2744.6867009202047
170406,6076.99093195731
170411,13.782387197353424
170419,2718.256094500448
170423,4267.242117381689
170426,125.0212868878076
170433,4461.069980695046
170448,1178.5970464917013
170465,35.84636893990726
170480,62.248274581593066
170481,99.09071764441678
170486,26048.773963243664
170511,80.80546802206386
170523,3.1403151163831358
170533,818.326320775671
170538,70766.57227381227
170551,69678.39895739814
170558,6642.393027674066
170563,4.118164879738728
170565,2.96623442525417
170582,3927.1934222072546
170594,114922.42234187099
170595,60774.44652067455
170602,35.68768442289076
170634,6808.239602001844
170639,7594.968578679818
170661,2535.4684850750414
170669,20536.36114672742
170676,11.32386980113386
170713,0.0
170714,19169.30878704792
170743,34432.085482761264
170746,47.80306756597173
170753,300.88250504423445
170787,147496.62453560045
170793,38.60998809041441
170796,145.33087529640247
170802,133823.27690825018
170821,40449.55183028364
170830,41484.62698319222
170861,429.1250245988783
170874,12226.173754040276
170880,2253.1031159512777
170933,1248.417760915432
170937,6836.1943779131
170968,11224.120106036784
170971,5.198207866669467
170972,4056.9509551693814
170977,35.31312105000953
170980,8317.477767466156
170985,112.98945847109891
170993,17207.75305414991
171001,22.266856259298738
171006,50.19584174248245
171017,16.146973176967638
171034,2858.361012164997
171042,0.0
171047,0.0
171058,826.2096578848275
171066,15.034335853588649
171088,5.326423224783147
171102,2827.5149221227416
171115,19.12749242627007
171126,14054.302030553561
171134,33357.03912233408
171148,54737.38824743331
171165,21.831558491750222
171166,34075.214249678604
171171,54.930437686155706
171178,40206.34031276153
171182,278.87157157434365
171195,298.7932461608473
171200,51488.54137714667
171202,1961.4673051828956
171208,159.3031161478901
171214,6766.511509320634
171255,583.4994573805243
171259,11687.79189201322
171280,20.596195105475253
171295,94.07905539317568
171301,561.0325882171413
171303,4.188101705967185
171313,152688.05030977834
171320,93.5567417299387
171325,1604.3152118493451
171335,1584.0267902431776
171343,251094.58755393725
171344,1587.5879279823378
171356,27.67611229991511
171375,330.22321076997696
171387,12215.27806019536
171390,4.8348333569515205
171393,6.350092055623012
171394,43707.412876384675
171402,0.9675115431207224
171423,17433.24871846288
171427,550.2074093069757
171435,360.33184019025856
171437,478.95594346162363
171460,2.997052012915657
171461,276.7722633706045
171468,4.468572171277925
171472,13.239176677378229
171476,854.8691743336567
171483,242.3364982653237
171487,24.98802547547106
171488,25.026029608847573
171494,21269.69296557314
171533,618.3587017378142
171536,0.0
171567,446.80643614742297
171568,128.6481266125997
171596,12.001811537371953
171598,7254.894902564079
171630,69.43233705199862
171643,4116.266776631781
171646,272.49727002904217
171651,570.3210612065214
171652,37.2570023257985
171653,256.7482555208582
171671,406.07673467892084
171679,189.83962638395622
171686,20.097128131994054
171694,15.340348954689905
171701,1455.0234680559045
171703,62030.581209299424
171706,91.2227796650837
171709,51.271769017202246
171740,6523.588607733122
171757,2255.3863762666347
171761,3848.5907235452414
171762,21595.278731191444
171769,7819.788207991995
171774,1999.003405776744
171781,317.763043603346
171793,14254.167448828644
171822,8.423712315652546
171824,55.09235107397733
171825,22.540145921364207
171835,18.32348975832266
171849,15.783146673433889
171860,51028.20280532687
171869,5296.2226471038275
171872,2871.7122018085815
171873,35759.544519570205
171874,26.870188630754278
171885,41.130938785122005
171892,2997.1570538338738
171911,1086.6427524713201
171961,5.317081500205617
171965,1050.8288279905853
171982,212.94320031369537
171984,342.13921185659774
171992,9.321319987150924
171993,2.1139668226781874
172019,601.4795283657459
172024,3445.931830797895
172036,982.9114107473132
172048,1082.9052622372526
172063,123534.00462057619
172066,131.24100195814913
172071,2986.144176598831
172081,105.8448340329212
172092,63.36477357707055
172107,5432.957095981804
172110,6.219900812636736
172112,150.2834726713168
172116,2958.6667360489687
172130,1615.7376884389464
172155,391.7497010098042
172174,117.92124269587669
172175,17289.076183968027
172176,7.82780530077187
172177,121.41468715925753
172191,114.92042353602227
172196,1023.7586298603671
172200,354.6330612944266
172202,8.249784513717703
172216,13.157297814510269
172218,572.7082113223154
172225,23.523788630694973
172230,4.30225113092037
172238,20.92654098933305
172245,25108.531809073505
172249,23.925389632846958
172264,281538.25563780597
172266,176.71355349473086
172287,233759.532770218
172294,21592.09985965916
172315,0.9965209509485913
172329,14088.125508963702
172331,16.124767132545486
172341,47074.75435268781
172344,5377.7735534495705
172361,1114.6780596669214
172362,353.79538781935054
172366,13.002281303408521
172372,1063.4963304331657
172374,86.31599456746942
172377,84127.93729125714
172385,3.151759454504902
172395,1709.7830554469406
172398,58219.3441967744
172411,13.758232258397076
172421,246.0543895551274
172443,44832.63906577318
172447,2434.3390263947017
172452,204.06719388470881
172477,328.4256170347916
172484,21322.608046385172
172491,42.11928531208147
172494,24.290943205350914
172502,7310.105307527665
172517,2512.435759136134
172519,27092.38704583883
172527,662.1163287759748
172536,204.4821623779654
172543,4.8539929062622775
172544,71.1245231052924
172546,35778.2085380503
172547,97.01372150583556
172567,79.82101789828339
172588,31082.574481721942
172620,1434.9000539238518
172635,158.2724466271022
172666,23.467394491944063
172670,1.0733146619053733
172680,3946.0875152443723
172685,9.509749477424654
172692,49.422493789587705
172710,21741.789938733327
172716,559.670435319123
172735,10.852240392880152
172742,3862.347472878504
172764,1769.5083223941463
172769,26196.504448014304
172770,310.88633503856187
172775,2.1323122758303863
172782,5696.27640252508
172790,13.070695637837096
172792,89.83051276777209
172796,190.3811974990049
172802,51457.578908639276
172816,91615.95817881403
172826,448.7577751976074
172841,20.964317557499754
172852,57.178505820284705
172853,73.27382292364534
172858,1204.02221217409
172859,10369.615245972762
172862,823.2816576447095
172869,395.92410412499845
172874,240.07333977329378
172889,8939.230231398838
172894,7008.2319754773625
172900,2.8688322551544037
172902,14.532286848343894
172912,540.4008443369763
172935,15351.572883399143
172943,312.08572355854693
172957,4.656660711502177
172973,4242.66721137545
172974,685.5291283595213
172997,78.1760603109887
173000,98172.31381907765
173001,57.630773571557455
173007,1.112017824305278
173013,10357.263977765453
173025,21.678598669364188
173032,48.18750153709904
173034,499.6331819927238
173044,980.9410841370236
173051,1205.4812088851834
173052,8561.133168063267
173059,84418.93984234624
173065,0.0
173086,47.34524877553822
173097,82310.26480288345
173113,4.279325190238244
173124,6.8367689561351765
173125,20.220334286817064
173163,43.93349045383681
173178,1.049399265475487
173179,42646.47536424251
173183,21484.02774507709
173193,17.45780363435186
173197,142656.2410377912
173198,153128.76297674025
173227,172559.95984586197
173235,3488.198360670227
173248,4225.281005145391
173265,32882.64019209939
173270,1625.9740929117347
173275,101.07420976341541
173282,10034.105284549052
173294,18.71361183380081
173306,44971.182796216475
173332,24566.19715822633
173336,5227.124402817876
173356,118052.87583640956
173359,370.6715366806337
173365,240.80158482039172
173366,1491.8512428838549
173396,0.9767738861396122
173402,831.1672624006995
173410,5.174130680882217
173415,725.5568839221032
173418,39604.88099226248
173446,8945.498760534027
173450,1217.7679183075156
173498,2.0868294533913585
173503,156.5645600921692
173506,3595.163680704256
173518,19.597527799508462
173538,1573.1573044352394
173541,414.46987559864755
173558,23283.78585199145
173565,69.54708615531261
173571,91.27827475786958
173600,11.78245905853997
173614,154.89435030733176
173620,953.537317504311
173628,38.23616795448618
173651,3534.9744866095534
173654,12375.907528368987
173664,609.9118088914378
173670,72.2269180823713
173680,30.00037599237243
173694,4.08170099729636
173697,425.96356331348073
173712,153384.5255948351
173716,432.9236386115639
173746,17.663890934113834
173748,563.6354520060652
173759,44.327363094664705
173766,17362.148427216478
173783,763.1074014876107
173810,7646.073532015508
173815,1086.6591268878399
173827,2637.4665609731915
173834,945.2468360143464
173865,552.0538659576436
173874,1527.450538537772
173910,15968.136432939862
173911,546.6911260089928
173926,1316.5348119114806
173937,14264.619769625571
173949,153.32813965395815
173950,9.020294259556781
173955,62.87382611261108
173958,2227.001968997907
173965,53.58749476852043
173974,3761.581616012477
173980,91.9029198411791
173983,3073.8406071289705
173984,75.92952186592815
173985,1310.3284536864362
173993,7366.459583677325
173997,543.913544095156
174035,892.3401480461423
174073,161.8293029972052
174085,3834.556389688562
174086,224.70212020670678
174090,145.89367602826238
174101,4231.530772374443
174108,46.87266455901142
174121,838.7506428971701
174125,587.5789665655942
174129,16876.325188334624
174136,19217.113314958347
174144,450.8606949121768
174145,2104.585270120467
174175,1223.8925868417482
174182,8585.055973511788
174188,121.08316657787982
174193,1905.3805354144608
174226,899.8147066372438
174229,1113.9211684535164
174230,1026.5444147233857
174243,1535.2564704882516
174247,4112.113689075121
174250,150.62048945357088
174260,1416.4260554892496
174265,1318.2164263601237
174267,725.7113555859939
174269,1669.3203031309995
174273,22853.618908115244
174277,1417.357620574464
174307,995.4643937630858
174312,17306.664804672797
174374,544.9826701873648
174379,19.080430719393966
174385,580.02918247814
174390,8192.268640650693
174425,893.315816552926
174429,18381.490826388686
174431,795.0588675904578
174434,38.400825129900674
174440,6908.194372078622
174444,39.934672841831905
174470,17.337377232257847
174472,40.57992747470262
174477,516.9432886608586
174479,11.338756023334618
174480,499.6680393243926
174489,4993.042195921274
174498,131.41944446511525
174507,6.911123615997571
174509,42339.79028635328
174514,256.5723456596321
174524,17.018441157603448
174536,532.8346723421993
174537,4.374544974049008
174539,1613.301972035507
174564,103.38195050804646
174572,134.45524754047773
174577,1295.839888330314
174578,232.88020811291267
174602,30004.876255031457
174628,19163.095772644407
174642,148.86778904516257
174658,21889.97471291873
174663,931.4789304914325
174672,115416.57483253858
174673,35970.22556217683
174674,1038928.9217559907
174675,24.55975698721614
174677,1691.0460130005927
174679,413.6473392561114
174682,10906.119614109764
174687,2730.33793201057
174689,2615.231600880689
174693,159.8427779890081
174695,1692.3502755706077
174706,1159.56285474126
174718,720.1749913474239
174720,233.63849231812102
174721,725.0504054037781
174722,60.528221882043766
174734,495.64402035990565
174735,11.859229153502609
174765,0.0
174775,8099.463875296884
174786,24950.223908970947
174789,250.15001903263328
174796,0.0
174803,0.0
174805,350.99389874690866
174814,686.6181561074067
174816,149.16401767833386
174828,0.0
174838,199.07588904095445
174868,192.69852224987065
174880,27.59083626566992
174913,26973.672832333472
174923,17.596683304199576
174946,112713.72555646933
174958,24427.120731730534
174962,1502.4001184262038
174969,241.1488963928697
174984,402.11984881618037
174986,44293.27848337792
174998,55.07841703801153
175009,31091.704881356094
175023,2257.1945198541425
175024,13370.297797106348
175028,129.7190560325582
175036,12970.78168638499
175038,17811.04323072122
175042,318.3804129872119
175043,4352.8637422257125
175049,311586.6129121654
175065,25584.49436255315
175071,936.8252550638038
175081,148974.07507349594
175082,118.46466483744729
175094,533.5919651395058
175105,134.88534293939244
175111,27.25483511788342
175116,123238.90674058466
175117,42.44833533809385
175118,18657.150614691567
175124,4002.4603059840074
175127,14672.523033351607
175158,2229.699209563527
175162,2994.650703980445
175168,240.7125750999168
175179,88828.8828366131
175201,2326.0470901924673
175216,101624.97414061008
175229,950.7124174595247
175235,9442.867052785852
175240,1143.4105823482112
175261,20218.081583612326
175272,0.0
175273,0.0
175274,2558.902179390579
175275,0.0
175278,0.0
175304,579.3469426280474
175307,49472.84734535742
175325,0.0
175349,26897.023699426987
175357,399.2498407912702
175367,271.9207239861662
175377,433.55532382822247
175378,45.00710651790225
175402,297.8743289375645
175425,23010.875856518043
175435,119201.31225303432
175443,3030.574755883582
175456,346.9396873531354
175457,277.0625960782443
175463,163594.76256013225
175464,6.415478299508862
175466,16233.796323519584
175484,188.85909487530324
175511,110.97181359598154
175517,2283.5012032263085
175538,4.009469871316206
175541,0.9321494177223713
175543,2369.907925396245
175546,16.4239816070451
175550,1.9188860503071477
175571,21.959573758806744
175579,3035.3397306804245
175583,1263.1098629447395
175584,58059.10522119572
175597,10.101015998833837
175598,10.569212348719146
175613,20.84650050917803
175645,55.48730843826828
175647,2081.278025663829
175648,617573.5967705415
175676,2307496.2105153324
175694,698.5223863906986
175695,6909.401454494085
175707,598007.2518994276
175728,11648.480482769894
175731,2069.321195171986
175755,158185.66758957115
175770,0.0
175776,0.0
175778,0.0
175826,2945.8800975864806
175828,0.0
175833,0.0
175838,328820.1641695511
175841,0.0
175846,24390.072104525258
175847,4772.996227993298
175850,466.40639515481257
175857,1137.523195990683
175863,254.02203982349758
175900,1018.1568266339318
175920,47.324498577042036
175924,923836.9915500658
175925,26.765877203630254
175926,14408.472092590388
175934,4.401381150652365
175939,278.5416353529881
175952,1779200.3952438748
175955,1271347.0777413435
175956,38.03015169312556
175980,158.08662324735386
176002,18852.829382019874
176005,2463.4843864708946
176012,5271.225151839625
176016,844.6983830147373
176028,200.21270814438944
176046,1.0783547546474253
176055,34.671237520433145
176062,81687.86573254921
176068,8960.813615813837
176077,940.2053927036776
176096,80.63558175741649
176099,160.5624579374282
176108,2494.4663432467396
176113,33.60290964340521
176114,10490.208281066534
176118,1667.9736210774731
176133,112.7860433864463
176139,27959.149459932367
176140,18104.11079081189
176164,3533.1266223612015
176167,27530.08014891321
176182,68.18431473436407
176185,110.38407232977698
176186,17949.34816707305
176200,88.71281591825549
176207,1177.4884490217369
176220,20404.181293710415
176239,78.62880446917949
176244,445.9620253652398
176250,1037.2392093490018
176274,50553.75818597233
176288,0.0
176289,0.0
176300,1130.660713242806
176309,0.0
176310,0.0
176314,0.0
176322,0.0
176358,0.0
176366,91328.42249027996
176375,48267.316518900625
176390,0.0
176399,297.3577139128567
176400,5144.913686135549
176406,47054.24662080023
176407,65505.133200914825
176414,1279.8525943802567
176418,143077.17166313916
176423,1670.3388966284674
176426,35361.05758959882
176439,1549.5410050247117
176451,30.267846464676367
176475,15.80348008049319
176482,667.9266141872063
176488,131.69493260429286
176497,3285.2737343151457
176500,188.74041740166376
176522,106.89440021253418
176550,34891.90327744305
176569,29.838144644092125
176572,2750.6440912543926
176576,201.57631260672693
176590,27712.07006722958
176604,4366.337239934064
176625,24531.600102055283
176676,24945.021695531115
176691,1717.095050613481
176698,99.08727027655182
176703,154.08848119563254
176705,303769.9188123305
176709,56.978009433521024
176712,52898.96234904037
176721,10.01723862431306
176724,64.28267930258123
176758,8042.315841495876
176782,328.47693556212255
176791,9169.547672848783
176808,116162.26150992143
176813,986.7736724005588
176820,26.138711949922026
176829,35.94286489992303
176833,553.7518023945277
176836,557.5511405115557
176840,66939.57656173427
176851,1233.522221137016
176876,0.0
176884,101.94940108308873
176897,0.0
176898,0.0
176911,28161.73563788301
176923,2671.0658989511485
176929,582.7186040733616
176953,0.0
176963,0.0
176970,140554.77156626782
176975,942.1593537275971
177001,1341.4291657803706
177014,2384.4349412205006
177047,285.17172327905564
177059,2274.1884603444387
177094,10.694465013366004
177115,6346.3970316873165
177117,106.23204601065359
177124,29592.502869559525
177134,4242.455610121366
177141,333.2543927244655
177146,5928.61209722228
177148,47.3030991357886
177154,96756.00016460591
177158,7880.058620793817
177167,861.0784832925722
177174,97.90248145813588
177177,120.10938568182996
177182,17769.317761471302
177183,70714.68760504949
177185,129133.37705642187
177199,147.48161698169585
177222,3024465.9096269417
177236,14.874710434869513
177251,108434326.14766063
177258,184768.55828376676
177261,2892.750779602657
177266,9.733106837735559
177270,360.6104183466346
177279,250.15319430117356
177291,2394.560896197383
177296,59.7789268719647
177319,394.8213708169193
177322,962394.6634453607
177323,116.61779665494576
177325,1924.1598075554462
177341,7.294767924100992
177342,698787.9351755118
177349,83298.64941883401
177354,507.67035531100584
177376,44.01282313016241
177387,0.0
177424,0.0
177439,500.58230388716123
177466,369754.66886183165
177472,1.900368562365903
177516,181.01893158351976
177518,629.8212204339469
177523,179.87271369208074
177539,498242.4589083841
177547,4.269528775734658
177551,406842.7217085358
177570,33184.45285409332
177604,10658.461052178878
177609,159.70881112758252
177632,620.1905510383781
177637,35539.99471180537
177640,18.748371053076305
177642,1131.026820548188
177644,777.8433230518722
177649,34.202849483799106
177658,10.040813048023194
177661,291.4541149447823
177664,118969.4944436371
177669,846.291333791122
177683,226708.7559422875
177704,199065.60474476326
177708,127476.42876496057
177723,57.43351613756919
177737,0.0
177738,0.0
177739,0.0
177746,24.886990432340188
177758,1495.884481356283
177765,7.437602830562021
177789,18.38578227197194
177791,32.584622474471416
177811,5.865802175994403
177817,19.52010991877096
177828,2452.799722388085
177844,2.8616289439459206
177860,3.2126406828795377
177869,8.35650374083394
177875,151.39881757840166
177889,160.2687288278248
177902,281354725.99655914
177907,285.8281000250661
177915,1607.7363258314977
177929,2835.735835110898
177949,6.62423177211152
177957,3990.892082963513
177959,10456.621692303564
177977,117681.96669947579
177982,16.897731408787376
177986,108.271501009218
178014,41.93663627608207
178016,1573.0135773272475
178021,1594.803543735047
178029,58.559853007958836
178063,51366.79466792734
178073,12754.80975398464
178080,0.9105403611613124
178081,1464.0178861184406
178083,0.0
178084,81045.03471180703
178094,320.2177458462646
178134,53228.05135266471
178140,64865.03933186919
178141,428.20587790526486
178146,18662.56703037664
178176,1.0292459317686837
178212,549349.7056072659
178226,19.344185248437952
178231,2.811991980284253
178242,6293.480356142581
178258,969.6115082381573
178267,503169.639839913
178284,338.01631878393226
178295,9202.467512459065
178296,251.7437909444478
178301,4.805212679726168
178302,55301987.66509218
178308,1188614.4391974679
178310,1344.7065955641729
178327,1864.4379265157684
178346,1787.8312729271256
178361,31337.09150744742
178362,1377.3290497045443
178376,0.9531115463939247
178387,251649.3638478471
178397,1727.3962821035047
178401,0.0
178405,1128.4825022913135
178421,2312.865318238294
178426,49.913165668509016
178429,137792.450688889
178437,43921.05680932844
178449,54244.445379326666
178459,0.9696661424732139
178480,31.57500706455323
178503,1542.410582229766
178504,41.667054899418815
178507,99331.35528162852
178509,8.140236047991905
178510,157.9959850548889
178513,1068.1735599251167
178522,1327.402953253714
178528,281086.4682098835
178532,6202.632779774139
178545,230.05077848170868
178547,1.8726611827581527
178549,8041.167443194682
178552,138.45050270142505
178554,4542.586456557695
178560,201.17548047691483
178563,4930.900150410534
178585,80075.26655255382
178591,48495.74081159419
178594,5337.084675841444
178595,145.50099460448794
178605,4.113838710492277
178622,4906.807141795469
178628,158.1755145242981
178633,6658.77056821357
178641,2145.023904237155
178657,6238.738765155986
178671,17074.108903978304
178678,127.33763008261656
178686,187.29610293207054
178692,65.43477344116289
178702,390.4112387119411
178709,726.0192126533957
178714,1302.3541931325165
178722,24832.685900345874
178736,126477.94419953102
178746,1258.0885130240483
178750,14298.004917759614
178752,14406.171864848213
178760,1069.201001300202
178774,1316.3291428182677
178783,734.0291547479869
178807,669.3173658104803
178815,7146.404632141812
178828,1432.7466987670034
178830,84.55940907716929
178837,2269.332595378545
178849,5845.145317628596
178850,1.9662486279015885
178854,0.0
178858,0.0
178865,0.0
178897,0.0
178898,0.0
178907,0.0
178911,7307.080629278767
178922,0.0
178940,116005.19389920135
178958,436.7919420844069
178971,6462.971626637747
178977,2451.469006681584
178980,137950.4183908428
179002,324.1905636729977
179052,1588.1808120370997
179060,1109.6056338804601
179094,244804.3909645691
179112,2.0258190081128253
179121,36.81714290885194
179123,9158.747419015603
179136,14249.126964431027
179139,66880.34017721884
179148,18.966771247099206
179153,114.0884458511675
179165,57.907754184966045
179166,32.9305296839402
179180,45.27842099077628
179183,146.58957009878176
179187,2121.024229004381
179191,3069.245059188405
179197,19.853272883979987
179200,284082.3116289596
179203,3599.5152733620957
179205,38.83254787946221
179216,238.9912475105446
179220,504.4762108842946
179241,3219.834500698335
179275,156.42444498954978
179281,28662.25467705044
179284,14.174995238489998
179291,0.0
179299,212.85736423236497
179319,0.0
179320,835.1146279918758
179323,42635.569716682345
179326,31.518354398602764
179333,0.0
179337,0.0
179344,15.710620885746192
179385,12192.480321753732
179387,15803.055530029078
179401,1625.9412434584606
179421,160.00638464725668
179434,31.346847494928348
179442,691.393959525854
179448,318975.08395089896
179450,280041.4773554931
179460,53510544.824501336
179472,9803.469272604858
179478,123.32350381861603
179483,15.056782637824885
179494,26213.782442877495
179506,168.6378792717781
179508,122151.38344330712
179510,1301.633292938045
179527,1757.2584648391899
179528,67749.93668461402
179554,7030.9448071914085
179557,7592.469312880777
179560,62812.07633038647
179570,401.0873739523147
179587,96264.62799655857
179601,104593.8402398666
179625,473.44553256427105
179652,69.0814086674279
179655,0.0
179660,6045.056648145426
179662,81.99432092404034
179672,0.0
179673,1450049.8116412195
179678,6266.998943112235
179680,1048.719383390915
179683,166.15500597984445
179710,211.43496929554905
179713,2772.5237330647715
179725,0.0
179764,73151.64825208421
179767,2895.7078023062127
179784,30441.635783994014
179803,617.136118826293
179808,16160.420317665616
179810,1821.8817030859384
179822,48839.22522027071
179825,266.6228338761953
179830,517.9358581517592
179854,1123.0487316209626
179860,444.32859465037023
179864,14.647953169317612
179876,1862.0501128356013
179891,10.839830672714042
179913,82677.85692690885
179918,52798.32132387622
179948,0.9512593275622344
179995,392.1280477656464
179998,1355.0556015363386
180019,5916.364655422368
180024,127.38463413962567
180038,314.01290930869885
180043,981.0711679309659
180062,2900.695188935615
180063,1820.8278046539237
180091,120.45563434470637
180107,5461.599435932235
180120,1138.975012083404
180125,139.40455774143925
180158,1699.634767195504
180163,0.0
180166,2.9980149272693724
180181,1467.4389392218739
180182,2413.062327665414
180196,838.0083390719236
180224,857083.0977925096
180233,40036.22810426596
180270,1689.0915247396151
180279,1099.5542133576353
180285,134764.98437689734
180303,163796.5529084445
180306,2188638.0862197224
180308,168.37707131694236
180320,44.68697857779866
180324,13.96580131179399
180343,266.81673093116615
180345,16939.77839982122
180373,9901.977949618862
180389,407304.279689299
180399,2.080755138877898
180404,162.0248502719374
180426,7818794.53883841
180429,1.0191811139052507
180450,567247.2892310922
180453,85593.92001002583
180480,232.02516079664144
180519,166.11896408989577
180520,24956.485089533002
180527,15.851292437195585
180529,1380.7860129249511
180539,9.675377746215883
180557,38762.582048851786
180561,383.4879969448305
180563,261.11614547181233
180566,0.9651226953898706
180579,6828.069944511467
180587,520.3916296196124
180596,230211.86015047194
180597,769.3480815723437
180602,5.969276428436851
180611,162682.54765525836
180612,172.1599168903014
180621,83.5014311031642
180625,0.0
180630,0.0
180671,2445.0496693952255
180673,0.0
180679,0.0
180691,900.0593927986156
180697,294.906033336232
180707,917688.0068628789
180708,872.8742491224149
180716,468.1919555188244
180718,95.86331516732204
180734,290955.02377634204
180736,1.035779848613155
180756,17.03779584466571
180760,13.312319037541476
180770,27445.943643855262
180783,218.8484622064202
180785,6.7389206667845
180799,643.2454514289884
180827,295.1366287586966
180836,0.9654437541581917
180846,2.8851221928047983
180862,33.292971843414136
180866,4897.9144306937305
180868,18.890543878819592
180875,2.023400325976321
180905,65.29117163221527
180909,9.643654053986111
180913,8204.856016352715
180931,632.5820536903134
180932,9271.028908597706
180936,12.901398862932643
180954,1197.951012907826
180965,8952.631878856486
180968,39333.7187200293
180972,5.130033151238871
180977,88173.95242669176
180980,1155.3402916743594
180981,2652.155008030207
180984,7929.31003693715
180989,10232.556822760092
180990,1316.9711967498238
181045,1877.0625000863572
181046,7.141796156943533
181056,16370.637775657731
181061,0.0
181076,135.78200623056506
181087,12475.530837579527
181093,3077.5689225991496
181099,2514.4069396489626
181111,36205.66996515592
181119,1.9592005648149793
181140,5919.783313084835
181145,9338.33612254437
181147,1.9393055270789556
181148,1650.3702801370237
181189,64214.645752289245
181195,0.9631878159698731
181208,5293.395996647354
181223,5324.968028858278
181224,1556.9330851938573
181227,10.928557215550729
181245,1.066092269701145
181259,8891.113490828511
181265,1721.4878150099162
181271,46.07161273254886
181274,4897.293746516871
181290,9.700530507429097
181293,47214.45218763194
181324,173415.57297407213
181325,6306.315865512821
181334,636.5882846244397
181338,411.98570021480094
181342,280.4930858878093
181356,193700.39177414807
181370,17224.462486193814
181386,4779.529501714591
181407,15384.88207827978
181410,24507.88314366337
181419,889387.4027043633
181421,2601.894864756351
181454,0.0
181472,0.0
181473,303046.15026125725
181490,2117.030955829289
181493,813.5190089892097
181495,345.0822566236962
181499,0.9828666846328104
181503,0.0
181519,521.1073291380695
181525,813.4618938879443
181550,829.8269703916155
181555,18794.623027786045
181556,94279.97028248823
181562,1.0400251141610017
181572,310.47573751376694
181579,41303.92577432201
181608,3396.690316882776
181627,2806.151843249356
181629,17355.508854358926
181639,79657.3585365848
181643,1019.4032643618456
181653,0.9292223790173475
181654,36330.36723799687
181657,43791.509340656834
181660,14894.142712059831
181664,1063292.3285824861
181668,223.1451976118587
181674,472.1757448462685
181676,172311.2470328715
181707,4174.675744051479
181745,192.00920906542694
181751,89338.28325830959
181767,3.1753294051403986
181772,584.7117483674274
181773,10.792438521484229
181775,2811.5486540158504
181793,9439.720134788893
181804,16784.87971538687
181813,3376.600310512528
181827,146.35363114291516
181831,13.294265722486484
181840,9014.790105843253
181846,22953.758802845976
181862,212235.97496145905
181873,2719.86232281679
181908,149.79213304863464
181927,53.45440352625794
181988,14.364319965144228
181992,47722.26881181219
181999,0.0
182008,0.0
182016,0.0
182018,0.0
182024,466.820965387544
182025,257.1659747910233
182030,10663.98126153741
182035,104.46561770803591
182037,189288.10022891336
182075,11.36594116110956
182082,1.0127449644411968
182084,309.64768458093226
182101,21.09799352623279
182125,9.942330556975943
182131,907117.5424330389
182153,1333.5452250615676
182155,73321.3393950271
182173,4500.202507094433
182184,290.6435327924938
182187,873.9990634582731
182202,21.675337663052098
182213,8919.969002856065
182217,111.40422020976149
182245,217.51675734808785
182250,5.152219169957391
182262,2070.495887637085
182278,2240.83605437484
182301,1.02927623122604
182306,3900.089781095643
182339,2531.192748152699
182343,598973.0601204115
182352,1655.819212631969
182362,0.0
182371,0.0
182385,0.0
182393,76.20073266196302
182395,8.565346303097035
182407,143.16994610734469
182419,0.0
182422,0.0
182424,495.3244214691902
182437,28.375606280885826
182458,34.49025439068109
182464,20.283333996047823
182466,0.9940000455752657
182472,10.323819645871193
182488,92.17420254606014
182495,949.5981017223531
182498,1186.8865727488146
182521,1.0093710358648629
182531,9.965766361769319
182540,1.0173160382980415
182541,18.37070360248244
182542,29.775456109758455
182568,112.54844788023203
182574,1265.1987524142048
182599,2.1754621622843957
182612,125188.44973739907
182614,495.7033920672772
182617,91.8676573287679
182623,23.710137417921647
182634,452678.0500610739
182638,20.36638913224611
182643,834582.5472549365
182653,18828.13370381636
182656,155133.549665036
182674,38.52597379676065
182677,71.61753494715207
182690,445.2713706451462
182701,10569.52965051352
182704,6112.422734284134
182707,34.26800296080381
182723,34.57454545474906
182725,66.07016599621203
182735,26239.506782449578
182736,1417.45026481131
182748,36.35814618208463
182757,8.759616643638102
182765,438.1552368863676
182773,0.0
182780,0.0
182784,3439.6454219347243
182791,4.048747945664486
182793,6.021506695272652
182794,0.9836249779194686
182807,0.0
182820,0.0
182823,0.0
182835,4.943368957681334
182837,23444.10741177977
182841,7.039202688684465
182852,132.44669226424134
182869,1.0246087717238392
182874,13.613977136981646
182906,125.50159164911513
182930,8.878960045451386
182950,354.4640518352386
182954,1.0716382644802347
182957,11867.724148193965
182978,103.23193757150601
182983,178.03396804051604
182988,6461.461370856922
182991,56264.715442677814
183000,3486.332475755343
183017,57.80057522006564
183030,10559.353188627689
183033,1093.4154320875577
183048,423.2300446925988
183052,6247.47302140225
183057,1564.908697704416
183061,16752.33336451565
183062,524.509010762242
183068,569.761955358671
183084,5.106203773589629
183085,1797.8213339912113
183101,3970.057661597151
183103,14736.782401173577
183112,16.545465151927047
183117,146912.70248718665
183118,0.0
183125,1163.8796832375613
183153,28.582586638008994
183171,181.40723407884443
183219,5597.072843315863
183221,22654.454195426864
183224,914.4989491880623
183234,1120.404436220563
183237,131.0946832479339
183240,14.688930060647944
183242,5.155902961112737
183243,3430.4742650433654
183244,5866.207950070766
183258,28.97672930961176
183264,6.903108519763857
183279,134.45582462527406
183282,2573.182686948734
183286,4572.584722253112
183287,296.03318532901187
183289,54912.410689619646
183290,160.07561144140374
183293,521.7156319515769
183294,1040164.1804826277
183296,33.46365980045755
183302,50.884203765297706
183314,3606.6941766135624
183339,9.892113293355486
183345,25862.3579974858
183363,419906.2527533756
183366,3209.589351211362
183384,14.239607465858802
183390,22.01883457468009
183400,12.840734408061627
183407,78.04618345254873
183418,24.79058286413805
183430,890413.6083922705
183435,592.700403593265
183451,2774.808048954665
183454,47874.72208709492
183457,59.44515364546838
183474,380931.9526838421
183480,74.59150683971508
183488,417.4382944528579
183489,237.62318394798052
183503,4410.627973549088
183508,154136.19525912253
183509,18.669051459902885
183521,1.9578055129252505
183523,8.406052532893753
183531,5949.671230834404
183533,486017.3812278399
183538,33.30224896547401
183541,153054.9279219129
183543,1365387.0339688398
183547,1985.1261482460602
183569,1.0427046954130506
183585,3439.3707495298777
183589,1.716996551647382
183593,0.0
183595,1540.5366201696272
183598,875.1620254372853
183599,68.20445570417483
183620,4132.235130713532
183624,0.0
183625,0.0
183630,59107.01866359736
183643,1180.4739112867294
183644,0.0
183647,65.9679346513195
183671,0.0
183675,31.525269450882817
183676,78877.07079177871
183687,0.9607725262568524
183692,718209.1882677206
183709,367.8448499824805
183720,3335.5109307310263
183724,70.611593305967
183726,63368.63780256445
183737,29.771830146554777
183740,713.6089742910796
183744,4.138341399348432
183747,55445.36866491179
183767,0.935402973229446
183774,673775.8290910455
183779,210.22032606239176
183811,1.015063076917726
183818,35031.10127510798
183851,11.330887505543439
183869,955.8938875669928
183926,730.8710713603809
183932,29.610679330538705
183956,5.759785387607735
183957,30.185584947576938
183967,0.0
183971,0.0
184016,0.0
184022,10.61681738937249
184033,104.5644654118549
184040,10.202035172127697
184042,30.40514694938986
184044,22.41238409291297
184053,8815.753209213522
184056,1.92663936203325
184094,11412.068268775267
184103,6.4409215111757145
184107,0.9953978963244202
184114,2.0505388429390865
184144,4433.986020826681
184148,2444.7962830466786
184150,5494.863883241626
184154,830479.53743676
184165,0.9370898659329586
184166,72172785.06311947
184173,679.5908518970996
184189,397.59133500430903
184190,221483.57344566582
184193,3076.6301276202094
184194,984.939403243302
184212,755.9795346067021
184227,1031.263206093568
184228,1670.616490969038
184238,1816.7723936201128
184254,566.2413821933877
184263,34262.83120207661
184267,3138.1350892252626
184290,283.7468760712338
184291,236.89246650067201
184294,3991.096413315898
184309,147791.05405864932
184317,365707.1526965033
184319,0.0
184337,0.0
184345,444181.14140172466
184355,267.4572045908
184357,1.0725158124270346
184366,563.5738314492926
184387,0.0
184390,1616.98593150391
184394,0.0
184401,0.0
184407,27668.416801204898
184412,82.87646955880692
184413,175.2005345696197
184420,1.0234608378877592
184426,1697.5463757966795
184429,614.9932281971046
184443,262.11724057590254
184446,644.9065569184534
184451,655.1063748324865
184452,597.7704412554564
184464,454769.08528200653
184481,5474.984349508351
184484,4189.819036107249
184509,27184.683707332828
184514,261290.73261421523
184515,99.34671448018405
184519,310245.4325328203
184529,11720.477177118251
184538,52.00620901212537
184542,250684.38898125675
184551,258.9743994003875
184558,46229.32696630119
184566,292564.32435605495
184570,65.65201135423294
184571,28915.1050259448
184573,274.7129788097713
184575,155.56292025711375
184594,3.1461607249574675
184619,19081.57882880245
184629,35682.572711578745
184636,42.915634920961026
184643,26.70037644658493
184646,567.5789993916409
184652,770296.5888251525
184655,72.81749656155193
184678,133.247086945771
184691,9296.994587614601
184692,20.395298702483693
184755,5520.330947396018
184758,106.16631339495932
184761,29782.67345422299
184785,45.388689123530824
184815,231.36665513685557
184817,4317.80240149868
184820,0.0
184852,0.0
184875,0.0
184882,91121.65368613663
184889,0.0
184893,12.730461228402215
184905,6496.441511974806
184913,201.68712202770547
184914,5395.80896946055
184916,5671.893226879354
184919,360963.9370270283
184934,1368.9215423687906
184966,18.90919712912171
184971,15.833971826037425
184974,9.063540386058829
184975,74.13703997373435
184991,0.9379650769359444
184998,39.204667597965454
185011,8.817751743019414
185026,6252.612444046027
185029,3.8459395753082326
185030,29.512074692476137
185032,378859.7298443066
185036,788.5309841653002
185047,36.25403320285804
185082,419.6549936601097
185104,31.521715134117965
185108,1841.6741480364117
185111,249.34777895373136
185124,126613576.10475472
185128,15.229388311527327
185132,80.12743156585891
185158,22.337869650568454
185172,17.343902741076644
185179,20.738581421686412
185192,44.4253694903706
185200,535.8375490199847
185202,17364.532132684082
185210,803519.7476184556
185218,35.80826892211407
185221,1969.290206125917
185233,125114.04087748408
185236,753.905616940043
185237,11998.222871692296
185241,80.44551398238579
185255,274.0874548937165
185261,6491.960290644282
185262,29.957386102694635
185280,18.890228080213042
185290,14.187350169020213
185297,420.32349382819143
185309,115.60947545608988
185314,3435.057877214678
185335,7104.264143825048
185347,10543.19607518189
185352,4.753400575316741
185358,2837228.2521317787
185362,1901.59073098192
185367,804.6149604833519
185381,1283.4631910726227
185392,6254.38679056579
185410,963.1787465449399
185430,84690.15150759883
185433,25.471829963678356
185438,118375.88939091933
185447,1763.4895153635605
185450,11.305256199316851
185460,0.0
185470,197.00974599980148
185475,3226.778276871763
185483,227.1268168284511
185484,1393.496916457331
185486,7325.785411566717
185489,4180.121006910085
185490,186.67533689676875
185524,0.0
185525,975.6462743122585
185526,1875.307594533755
185537,257.87054791888295
185544,17167.210268250565
185545,2.8665146978172493
185548,1659348.3173622345
185563,507.15225554230335
185575,204.00441217072566
185576,14.832636766080585
185587,0.9666174902278495
185588,26.53810577315183
185591,4649.096645713171
185596,1190.967276911304
185599,352.7519650263729
185600,2831.8598451418425
185622,204844.94705114464
185639,303168.36508749076
185655,158.51213325104086
185666,1007.6495484917318
185667,314411.76884433074
185676,21.911310313983854
185680,127851.72295854114
185683,2872.8700031995354
185707,1.0858285318368448
185712,585.8689127974131
185722,1.0155267329303528
185728,13837945.55873834
185730,220.36353859868638
185733,418.0650060389086
185739,88678.59223919331
185741,6908.346029508397
185750,2826.19657838312
185753,5701.159122603098
185765,2793.6092875536233
185770,351.7942749400408
185773,487.81934508640677
185815,77862.07810967654
185822,62.43458562288192
185825,50770.628675425374
185832,10378.317430395082
185839,7265.131049407694
185859,14.474870680256865
185880,25240.211411758788
185893,691.3492345321096
185907,4338.409202918976
185909,4462.360767224068
185916,11211.232581694076
185920,3870.2837687480346
185924,14.60895388563495
185939,1359.5142687008354
185941,1568.8558854417277
185943,148.60861154816055
185958,1531.2789565197095
185964,751.4801386305966
185978,3915.3461012256325
185982,59177.697191215484
185991,0.0
185994,243.36901212747452
186003,0.0
186004,2424.7942844303752
186014,0.0
186026,3224.929265715618
186028,7172.712666630114
186041,22573.179730533237
186043,7729.324986362319
186048,26.51580963395336
186051,25.306866653428028
186053,3789.7130886421855
186055,6491.782988894793
186056,9127.75018978441
186061,217.24542681880197
186075,91883.59854464546
186080,389.17417403482347
186103,378.6318804638134
186104,22830.804838825585
186106,437.45831594294236
186110,7585.667922772169
186146,515.8651411368198
186162,50698.75535284778
186170,8593.971210351232
186174,45183.53245373753
186215,67860.59067547925
186216,1894.841518705335
186225,30165.614378995695
186234,60.86854008035558
186243,2.848609456861478
186250,4626.0832510156115
186262,13.88185289555353
186283,12869.926723306009
186286,103.90870352192051
186294,17511.098127329613
186297,164776.97851022647
186304,239400.11694556553
186315,165.16411222157706
186317,2488.5402149399524
186325,11.184936902667726
186327,2061.0274102925587
186335,132852.38118946238
186337,614.2556223268955
186355,167070.53105659518
186368,4879.226305248244
186373,30832.113184364982
186399,0.0
186407,18.91651500142554
186411,187.6053618583514
186422,3207.700134882871
186425,0.0
186443,338.0164899624097
186460,0.0
186461,17642.33372591561
186462,62.826075026161924
186468,0.0
186494,0.0
186495,0.0
186518,294.1552544970996
186527,79106.28069800792
186540,233745.3274201886
186541,9.120380558375826
186550,3827.276382153859
186556,352284.8045101084
186560,22.410547569809196
186561,14835.405612631477
186571,13761.602016813518
186576,12098.05752317215
186586,50.95175166707651
186607,20061.930101410606
186622,247.09853698618983
186624,95152.9282233796
186632,2.0523119121581357
186655,88001.0871522635
186657,6214.124612531943
186659,324.99233067256324
186683,162.26361283252746
186696,2040.1175183803446
186720,19421.732289713327
186734,5250.507206952643
186757,228309864.1927733
186807,8428.287759044648
186821,136274.63075816608
186824,55903.27395795508
186830,402.8786735326661
186838,1465.7654227701062
186839,399.8601256949544
186840,6.137917058863263
186845,377.05326648050016
186853,85571.03686596222
186887,4612.993900193488
186933,0.0
186941,2688.9885003850573
186942,76654.85776497588
186946,439.9721448860378
186968,27.082235578287424
186974,345.504452050466
186983,0.0
186984,0.0
186995,19184.656441317547
187020,3180.459206871474
187021,433799.7929857171
187037,9140.395921358475
187038,31.789267822357875
187062,111.65505347237975
187065,1858.8964357773798
187066,6027.222211621378
187108,298.5229406851959
187109,12600.855717780863
187134,8984.467231064178
187147,12.464864015232651
187152,79.24824627675176
187162,79.08719141482517
187166,136.64994342278828
187168,59.36540524112525
187176,11902.879889062559
187182,383.13863734213766
187187,302.99571817596575
187189,60.048238567095595
187190,53084.687599781566
187203,266694.67234844837
187227,704.0356792972557
187228,2845.916870450511
187235,201.20109526076547
187239,431.19279270795926
187246,2555.7796017061323
187249,37.2778262293801
187252,9821833.391687015
187261,363.44643630407757
187273,5250.402710360881
187276,5709.765244796832
187301,4264.664712593503
187302,19.945587804268577
187306,3126.8712983632313
187314,49.22865171141531
187317,19528.2163795866
187339,34291.69118396985
187348,1681.416826043605
187372,382735.8891234616
187383,189.12878836740097
187404,0.0
187419,0.0
187434,21.9332050171595
187441,41637.894977892094
187445,2271.7875022577414
187446,73.81194816240107
187455,23.44414337621253
187474,0.0
187496,359.97927940764845
187502,27.330858606730956
187506,6403.204641136235
187508,667.6790729698905
187509,333.56887412395486
187533,1878.9068768857246
187534,4685.061996692592
187550,2761.4974479409907
187558,512.6292332481496
187559,746.7175516656043
187576,2424.503450696805
187579,76.52359084546364
187582,7872.205602337673
187590,789.7324929989953
187633,1897.7330332629133
187645,389.0446847663248
187653,13335.226659765136
187699,12285.05252299164
187733,1422.906600258652
187736,34701.59103440257
187746,117.9086492126807
187771,596.3812019284958
187778,101.9761526264966
187784,2504.4657403334645
187800,282.71297230177896
187813,9188.728029966172
187843,140358.04737731034
187844,4.77450800116977
187846,15.167401391088742
187847,320.9812120496278
187848,9596.111018689904
187850,191.20799766744608
187863,20667.720821686446
187874,68.7858078202084
187878,256856.3769675014
187886,185.07270705470327
187890,0.955848080543972
187892,10037.928917807634
187895,1792.2968217166192
187898,964.0173047503768
187902,1037.154028148332
187924,59298.30647499451
187927,370.4793004383919
187931,82.92835892512153
187936,430.5752733447088
187938,4778.290054439351
187944,669.2487980397514
187947,33.40478350379262
187949,1.013492452723014
187954,2789.7822353901365
187958,0.0
187977,1518.1689273000152
187980,47.02437435351133
187991,829.4572662563401
187992,15074.418978384183
188004,480.86903815596605
188015,6394.531976634679
188021,10740.161907832773
188025,103.73241984512838
188052,1028.359673928438
188063,1622.284137331619
188068,787.5708878063084
188110,134.64203628842426
188123,152989.89188897435
188124,451.2367343207975
188127,2224.0060457119303
188136,1903.1375646597712
188140,219.1732924003027
188147,45.2324260033225
188153,27752.210168180303
188167,15052.422053858436
188196,66258.34672923693
188205,55.45135415139638
188225,15959.684089384087
188230,82.07378696592185
188231,958.8837144296322
188240,92.61872360621457
188248,187954.45681870778
188309,187.6874397768898
188332,1766.3167650678813
188349,219.0461619588154
188357,1715.4819413260711
188361,3711.7022032204786
188377,7831.379126344565
188380,9515.540309587783
188385,31.229339716628928
188387,517.5650015991343
188391,3683.9426111990037
188414,3672.1497703470227
188422,177590.31756956174
188426,102.5842781844029
188430,193.28843144009366
188431,194938.45793243498
188444,173815.59992873366
188449,5206.257154962723
188484,235574.3790803203
188500,155030.70653413655
188502,13893.719869161427
188512,1178.7987151391537
188523,1005.9985232760893
188550,63965.92091217296
188576,153016.45107744177
188592,34098.12572442063
188604,17055.99599133297
188616,403.4864172677435
188646,488.29644117932855
188652,13539.6696248537
188675,1276.2475420723729
188681,92868.39542711685
188698,1.9479018306965061
188718,191059.20911863088
188759,1037.4554565245753
188763,356238.6793974486
188767,1033.0752681227486
188848,300.6571210558369
188854,2811.4876575727903
188869,8183.115975334864
188872,2748.2213592606086
188888,110.11761497260574
188891,1283.4125604425763
188902,10.186154456576581
188911,1.9478820399391423
188928,3027.3103042138546
188933,19.357944427518518
188935,22276.09501723508
188939,539352.2608722753
188941,9178.496955462682
188947,5.802026943280553
188949,2.096727518629666
188958,14913.774291706623
188959,2.1080495286134195
188972,7838.6974827242
188978,2434.8066288549076
189000,325.2101196789399
189016,9146.196013974892
189027,2266.4404536844013
189033,1215.0852453741402
189034,366.9231324904469
189037,11420.419835606746
189044,26394.70919990743
189045,149.8370430110785
189056,1094.185023485023
189062,434109.9348929769
189069,50.52309806744186
189070,15661.291908782037
189092,10197.765206169774
189096,68376.67695422946
189109,166.94176726575597
189122,11553510.984609166
189138,180860.61760593596
189144,18916.313523366684
189161,894.1662472763471
189187,13.969190523748274
189188,368247.2378132126
189191,0.9684607731386772
189192,829.3745528055621
189209,624.6751004804466
189215,3896.4915955857427
189216,12067636.81734404
189231,6.2763708764302
189232,239228.8259346669
189233,95128.36663715186
189255,89898.82770448229
189271,55622.661652169474
189272,486.5993677714814
189309,167.42576763954577
189333,3.0528805736715303
189354,8116.190227901726
189369,376.4941001394439
189385,2.098061614256425
189407,205.4616910388502
189415,1502.4030705628913
189422,379.41037231900344
189441,402.71321580395346
189446,4548.048546662003
189472,2086.526810186551
189509,23.28675775094358
189514,10103.452207600074
189529,2275.006336191177
189530,9416.748994367823
189535,56668.4521246685
189544,26.957713807692574
189545,1876.5877206770174
189570,515.1757663138301
189573,105462.21828249648
189574,215.09940477622544
189578,3749.1736558929583
189592,75629.64897893152
189595,3814.7604791818635
189610,53028.45778464204
189626,104248.78205282798
189630,145067.3166832849
189654,3546.327368731579
189661,230.88721245420157
189667,2584.366611951538
189694,717.9823520773972
189699,7064.912853624105
189704,365.25459226201696
189706,663.0968098943956
189720,6935.19884661635
189742,10452.143245742944
189747,78311.19889917783
189759,5352.577120931038
189788,794.6747311470256
189818,39743.91426364621
189838,0.0
189859,141405.89688641398
189878,904.923848944527
189884,0.9235492827859451
189902,29997.774729072797
189910,4446.879161164023
189916,13534.341749336918
189940,3987.3493510802223
189944,169454.82548975185
189946,220.25362898565206
189947,599.1934715656836
189983,6428.2241129529975
189985,4818.380093661066
189995,7091.756825373785
189998,20674.975509394768
190059,70.55313021278243
190063,16654.27720616412
190095,92.34138390412639
190107,17458.664030106727
190120,10.41933834626753
190125,70.20060959487317
190130,139826.1659588129
190147,298.37065158632777
190187,260.54757385165874
190192,655.4442893561439
190197,115280.30098871345
190206,181.9202777238051
190208,30555.949576459836
190225,1070.3618992151166
190232,80582.20121109541
190256,270863.16450879077
190275,288.04332746312684
190276,863.6879710604161
190279,1960.4097688590432
190301,28.89875717272175
190309,634.7368825985774
190311,16675.803957035623
190335,9660.41456322648
190342,2104.6358337415754
190347,4.119188152060733
190348,117343.88338769348
190354,15551.60661239843
190367,7861.578768115827
190369,47.84018813310516
190371,436.1084467749384
190375,4860.309497437058
190381,7961.4497060370495
190382,31.042302181630777
190388,31.631616872043306
190410,27.04109455283163
190417,4741.826260460994
190444,66.22014440410494
190449,1885.9346453093012
190451,2354.3856329089076
190457,6634.7880784972685
190466,10154.110831904181
190467,316.34615584461915
190480,668.9750678033853
190485,12992.666299250115
190489,24796.683840284903
190503,2977.843766161111
190515,15.930062315963237
190530,390.88913479296485
190539,100124.10022697425
190555,3205.7431107822217
190562,11699.75618561391
190569,6210.610274347148
190577,225.95185325841504
190592,272.6945312082714
190598,2873.7143152145018
190600,4455.7485597793975
190603,8496.72001857968
190622,499.8559570749853
190630,44817.7254732281
190635,6948.995358015802
190638,375.6839599644213
190640,112452.81570638782
190641,5259.766743083663
190647,13251.145197885755
190672,97764.84493831256
190703,154606.79147103828
190708,667.9670020616022
190711,3074237.4962205514
190747,15203.355585752626
190784,3778.3680246753092
190791,1712089.3106554816
190802,21989.300985818965
190824,4487.136995764656
190826,6435.919310051113
190848,14073.186462290616
190885,242.67202815537743
190920,12000.764877911575
190945,151365.1645860249
190968,202.9131789925694
190973,14571.45273483527
190981,996.1684367298902
190988,172720.3722439747
191018,14.440436324293039
191027,6522.654048370395
191032,17549.795707761095
191033,2615.9526853608863
191049,386.73893428413237
191053,169.78029841962365
191055,182615.29027710055
191091,370.84509299856404
191106,116714.18570450081
191113,189013.2276064616
191121,1051.0144488056387
191138,0.0
191164,15.485893099196941
191167,14965.900346850725
191168,1292.5626972221519
191169,6092.594602099554
191177,1557.1336581685036
191191,18203.1216750975
191214,550.5488467833309
191228,170.35289614307337
191237,379649.635150055
191253,2006.0563038580476
191279,47.2929745908689
191296,16040.81960503991
191298,2062.577382915581
191343,633445.2267254695
191362,5374.216742890529
191365,378.398677379917
191373,186.51599013249037
191376,57318.25150298021
191383,687.4731574745529
191384,761428.0864179996
191386,6600.247379405554
191395,1.866535743509623
191403,105.97130322361656
191418,9021.100021268767
191421,2280.7652788588543
191487,129641.4101515291
191502,306318.4138757814
191503,24.33984376489081
191521,5599.368496280873
191522,32137.119373001988
191537,89.14459958113271
191540,18.90563031364635
191545,4196.311858039157
191575,12.910838095857823
191579,234.32766035807356
191585,21.26055235051755
191588,9.046087531633937
191602,99814.37946233794
191609,121.73304134197235
191611,920.6043444923049
191612,49312.26906262048
191621,7605.8121204855315
191629,11896.327007526836
191632,5141.608644912619
191633,3147.3447991963462
191651,0.0
191665,323.9452382822183
191669,52955.47460958879
191686,9156.225475281066
191689,3495.079764568114
191731,1460.0332966134713
191734,108.2845037607171
191738,15.616067207698718
191740,17669.765768629375
191743,1550.5958067286626
191753,5.134506618941267
191788,38553.13297124969
191789,27.867417079198574
191797,152.95290492010332
191808,1701.6333901187754
191813,375357.7476824365
191836,25216.514796402505
191838,69204.47768190147
191845,266687.6232758296
191882,107584.69856324139
191883,171.0157641727233
191890,572.0175278744905
191897,35273.10561597794
191909,105.35433099345185
191915,3859.0546223490924
191937,1501.1061919542594
191985,289726.7183655536
191997,313.86429828099836
191999,742.9832393246256
192004,678.922087475854
192014,160236.65571924316
192023,258359.92951799976
192024,5272.730220419743
192028,51288.111082046955
192040,443646.43401287514
192053,1537.717229549912
192076,1388.7435042866073
192078,147.9958579820631
192094,6008.7086972831985
192095,7716.667782966811
192097,101.61407022605651
192103,3185.5143329073717
192107,201.31022861440084
192113,13850.422352731763
192115,1959.6255293581405
192138,397.0736241740333
192139,1415.9080012813074
192153,261.4194404674628
192161,2242.3483837871586
192171,652.5993553929648
192210,77.63350962777047
192213,61233.73449907808
192215,429.378713741894
192226,16428.05293265521
192238,16.20749691287917
192248,2.0461675092572853
192249,57631.950935196895
192265,3184.277984156906
192271,7.530855581299274
192289,8.722742261755567
192302,152769.4394291334
192315,27393.862176805433
192336,361.7083515392356
192338,770.0363171499473
192345,16951.790025424027
192347,3516.0014166066794
192352,1109.95887405068
192358,0.0
192364,164.69463660656652
192376,467.9341568146739
192380,15673.53068501204
192387,36882.78928414591
192392,118.03012592791742
192396,12.679053460214837
192429,151.4985907144661
192439,22.475779655361887
192449,44421.780260143634
192452,2557.590766117246
192484,4988.350840029386
192524,95488.13002445958
192525,22032.411513469582
192539,139.35470785995318
192541,12.427523397610226
192564,13726.804780513354
192565,14069.897829276902
192575,5205.901244336228
192584,10259.977454902986
192590,142.122389407604
192599,86040.77850803542
192609,65.57800997865742
192649,69.24716712624834
192673,11789.058533133759
192730,1438.0812220554549
192754,11485.622589355482
192762,2509.1192939380358
192764,42978.39821201098
192771,465.74289377183317
192806,94.94697664294924
192808,93.0343843854334
192813,40248.95199887461
192817,109.94322674455152
192838,7.975619905844861
192842,34.421454388090815
192846,8836.90134614252
192847,51.708307910574796
192865,36668.34115386627
192881,54417.00245388997
192886,27907.438683346867
192894,5128.00009907236
192902,5323.403088185987
192935,117.44960533941371
192958,1664.6060767162385
192973,82.77100213530908
192981,18864.744386978884
192989,298.33607706329985
193010,0.0
193032,21.724047952829014
193035,2361.8236987087153
193054,12023.64513759376
193059,11552.533981228346
193079,35.501569629200915
193105,29750.655932413832
193115,75.46084334671825
193116,2109.2512151981905
193140,212752.27607116924
193143,739.6695667968995
193144,564547.0092662042
193162,1943.2913515206599
193177,55173.18138564116
193178,9910.585760207867
193208,282.66919982605907
193231,2167.932848033848
193236,1789.7967932863496
193242,30.498497306599052
193246,128035.04420723772
193258,2788.087893975911
193280,17351.087392999525
193291,123.53659854506316
193293,262266.37905323366
193307,11612.986377186799
193308,151.58658483747516
193314,236559.08252622056
193315,11678.109184094812
193316,259318.0358513476
193327,1547.3524069304956
193351,161.75250787821247
193356,710.2760781522958
193387,66457.55067925631
193393,15679.538038741492
193406,1228.0509219743415
193408,47.98606544189881
193416,14.980926809150219
193418,87.91747336367531
193422,9633.141354692636
193426,520.2521871994351
193433,139.98367493609612
193442,1145.0911538274538
193446,133.37971818621583
193448,611.2573935103155
193452,61482.496503247356
193472,126.60809764036819
193476,10.175839279227558
193481,78.46729980680779
193486,184.37181651559314
193489,482.673731345011
193511,528.7525148563844
193520,19.851516726924242
193523,73.437568143805
193530,122.37072708994822
193533,2791.364705642401
193541,22.955694309524837
193550,437.97892520986096
193551,74.93763954421368
193566,201.3868625562088
193567,25.153247596636998
193569,8716.383073552628
193570,328.5801205681024
193575,1572.541527851143
193576,60.45159682896246
193579,333.71319617312764
193581,4.040404459285687
193587,259.8013712192225
193590,6818.46283947698
193603,108.88523818369524
193611,5498.504786123965
193622,125.13539386483532
193628,635.9325209386508
193637,852.3052218222332
193638,11.353519328081488
193642,53.209463399729245
193643,23.04332668383511
193644,27.541280423873054
193648,87.44262833534353
193650,90.85945962880099
193660,69.8182689157061
193663,33.85016896659595
193680,27.383605664759823
193705,39.24725888131887
193738,635.2213572812681
193749,258.98548143138197
193756,222.1744030718816
193771,530.3613055011758
193772,68.39805768486396
193775,174.1991741322617
193777,153.38123634614044
193797,16568.09891982929
193799,251.86445359430553
193806,589.0664431164491
193807,19974.372595767178
193814,567.3702095855466
193819,64.4369980837065
193823,25.166132696702128
193829,61.73596372552105
193845,251.60677956206032
193861,87.39912660519195
193862,712.1125387232747
193868,185.01316953455213
193877,56.1525048840484
193887,319.0937382569256
193892,51.98968996162361
193907,65.06829975155111
193909,106377.43868001772
193921,11128.72736444197
193930,101339.12113940819
193933,31.41542867243591
193937,215.11201878872396
193945,61.37041456213684
193949,47.27748052343854
193954,25.479618629792075
193980,164.7946057205266
193985,139.076763482377
194010,1207.3331653908099
194022,128.07314369244853
194027,398.2033358948681
194038,42.52845036824388
194049,5.035393493414174
194051,218.71726743702797
194062,66.07702656102798
194065,77.80604445005649
194076,146.01054694303184
194078,2.1594392768992274
194085,4090.152590905845
194094,143580.64835852562
194112,244.05803474108123
194119,74.11743772418174
194123,61.434555812214164
194125,16674.901060132383
194128,294.87755988204924
194132,50984.56389883574
194138,396.2415548131802
194164,7371.561836961165
194173,2550.595899760593
194184,257.49563006400894
194206,485.6016031902483
194217,332.58964851022347
194229,392.7145816775753
194262,162.7148106652569
194276,1586.8146037985048
194278,1800.2430839841127
194282,311.4126586774895
194287,40.820533586156635
194291,104.40412020554187
194299,2129.1474831370615
194306,115.94919183124718
194307,100.92310553644369
194319,1195.4025193358375
194325,275.67956551814075
194326,34.752053269987634
194369,127.03454771870132
194399,64.47476369016044
194404,20.88713618120618
194407,149.26038778486162
194423,397.33876235797555
194436,66.36081919654175
194444,569.2615950495409
194468,194331.75592441397
194471,49.5861934194828
194472,83.84696229259768
194479,906.6453420238438
194491,452.24504686998415
194492,244387.76784412924
194512,1062.1788239885323
194514,7909.636495289646
194516,640.4326473548384
194523,292.51662211729445
194528,2237.9156646687447
194533,115.27747642575778
194535,82.00295766755316
194554,158.30672245557878
194571,98.20709313444557
194577,31.31008830310421
194584,689.1158807260528
194588,100.71316538515741
194658,252.9198759914159
194660,19.283341676570036
194663,30.02494333955004
194677,257.43737670649375
194682,83.82533318760926
194700,62.04021882254765
194705,7.3671559149030905
194713,15.607226563978362
194720,64602.373606049834
194721,80.67702507398664
194733,19.04870590538882
194735,164.15871216099882
194740,77113.05240299106
194745,18.99906535778704
194756,28.341133184647873
194762,4.071053567014014
194779,22.08754765672458
194790,1.0853198363014904
194808,89.01290845648822
194837,27.536224659665578
194846,28.71315240937902
194856,125320.33742517632
194857,97.05749948121627
194876,428077.0908470106
194886,136.06511207165983
194893,591.6320814474216
194902,13806.432014925886
194905,1.0272980754828616
194909,0.98090654160798
194916,0.9906709951563047
194922,26.345824405107816
194954,198.6422811527978
194968,1362.4597268983268
194973,253.24898859244848
194977,8259.563130468317
194982,1460.4233026897632
194984,177.5415011520736
195000,217.73594339678812
195001,10.12846260492603
195005,2045.843577806356
195012,236.74945817744148
195017,42.653127775020685
195018,420.4256242823847
195030,9295.501996897578
195042,89.75221492805403
195065,17791.85754242657
195079,1.0095906985527352
195082,51.11538362263581
195086,205.2463208244972
195088,37.08335726394582
195097,1017.3239461405213
195106,282169.4303357484
195110,102.31761572207722
195125,292.45911988200044
195127,95892.82671125312
195139,10.098674760176714
195202,6414.184668869562
195221,89229.45601168381
195229,1002001.71768407
195231,93128.5739786784
195241,76178.37671130539
195248,54012.54066541848
195250,0.9513770246176549
195253,85.0884415184174
195296,71.31513126648927
195325,266.39990396513326
195326,1887.339542356734
195333,554999.9963533027
195336,1.952615180457798
195342,4.288315275615104
195344,241.32119606542557
195371,1716.5531122554048
195410,41588.09748603332
195437,5.1780353272536646
195479,386040.7920104173
195491,7.332550293418258
195495,55.97797191540944
195501,37909.66548219565
195504,36.229538609424814
195517,144839.33213492035
195519,49.71089749433874
195524,90.40163541708694
195535,874.6441467220473
195537,554297.3067248261
195559,2905.400194436605
195564,439.9218965971652
195589,1134.390668185438
195613,632562.6778140247
195623,710865.8383207193
195642,197231.4769799846
195653,2764.8040856083717
195654,631.6729228921478
195666,70.48624432873675
195668,167874.33821184933
195672,23.099364767724914
195684,756.2299935247497
195685,158.73084565470307
195695,43.2273308162413
195696,28291.345110530092
195699,24059.600499256125
195702,3699.6163426753715
195714,6299.558384475262
195719,4696.664792379669
195720,172303.1880870473
195741,40.27560906884179
195747,96.52892392262214
195771,284214.2801662331
195776,18550.19716849914
195791,1562.594489648158
195803,401.72552110003426
195825,7696.17616805308
195827,301071.97203901754
195828,120.04217747701789
195851,4023.7591245136846
195856,1341.1266197951902
195863,28920.802998317988
195883,19.125383852557206
195889,250.35772965612847
195897,206979.54648924473
195911,5137.937673050812
195916,32974.33239437497
195919,196.39883459973566
195924,5004.082934955328
195951,641.6101269191469
195952,2715.278065954952
195980,391.60265632357056
195986,6308.184220699984
195992,349.98932749448034
195997,27094.440031727783
196012,281.89610983530474
196016,5643.728310652663
196031,245.10586201257303
196033,329411.73317140574
196034,26.28497632517211
196038,611.2204253928164
196040,8868.21089274333
196044,2686.0581357658425
196063,618.0273459483574
196070,54.847257640894206
196073,12563.199248171288
196075,955.8373206643869
196077,90.18192340534253
196084,22.12691202299637
196150,7731.078180377999
196153,5170.415196003514
196167,149.9498077644736
196198,58.28756249751096
196203,5059.46600627745
196209,1778.4494836772901
196211,102649.2535940097
196214,1363.945096589951
196215,3954.6893270269784
196223,150.94814578029906
196224,54.35447168475493
196226,1684.6086323744587
196236,1056.2720111241108
196256,291255.38436801586
196276,3934.5337048348606
196296,389.37361640250697
196329,2280.19283298421
196336,422809.7396758201
196343,326698.03619185043
196350,538.2075650260157
196368,1606.3176117534224
196375,588366.6727546911
196387,4185.98877866042
196396,3.1556081709754764
196405,0.9729837890231493
196415,4536.741580793235
196438,18.547231526764286
196449,3276.7410276370583
196458,210.27183074267046
196459,56.55666486408189
196463,1519.283561832396
196470,1106.1324996184755
196473,338.44212167152534
196480,2.9308859154460456
196482,671.8529399080028
196502,1766.5758392413545
196513,221.60356488385537
196523,93372.71808773601
196534,14.713707915159745
196539,1.9121423731985865
196557,1057.239459442992
196564,158.99003257855958
196585,498.78968008901427
196589,1554.3240643599352
196595,1.0138277592627263
196600,57.63221608020079
196611,929.0922363986008
196618,636.1244396999605
196621,17.807457083389455
196623,20.05600976978653
196633,1938.475848346215
196638,26.467490558405306
196642,93240.80960594762
196643,3514.8856120999267
196646,52.524896084423176
196693,54.790310861634914
196697,28.493072327277808
196699,81.82083302218018
196702,2127.573268004178
196716,301314.6580201098
196717,134.8102353808043
196718,236.7882080672693
196729,145838.80042039973
196756,81.77617441669386
196779,81.11824335704446
196813,1685.3145761979956
196814,343.13264673842286
196822,12.025438658025834
196824,6.427590822674426
196836,4077146.2582090683
196837,2.0682195771796303
196843,22.23021634834182
196847,1445.2892785624595
196852,1.0037198437073442
196856,309891.37270414334
196861,12.578125246049744
196866,202.16619820170484
196891,1202.545721163207
196900,48.06782978182657
196913,76.99768345967323
196930,334.4018202244942
196977,1380.140032856793
196989,2.1572651644503313
196992,80.01851993506303
197038,4580118.0597558925
197051,191.17428138971312
197056,15.854686021314885
197070,1.0163120030142614
197076,13.067820707964632
197099,5850210.27641634
197100,506.1787580554481
197109,3197.0388867308325
197132,196.42632303246296
197139,198.5845632099409
197151,18557.706693940418
197172,11647.414983752204
197173,9186.567206520509
197174,9.456532573222919
197189,11.075158828042063
197193,1629.7217968526581
197195,8461.246730126479
197214,2.8420717127707555
197228,76987.7757289194
197236,50.48711899842172
197242,31.872035678941085
197253,3391.733730688347
197254,39835.74465829082
197259,99757.21583226699
197265,7.190682603400893
197273,889.5907859359211
197274,531.9124945601543
197276,61065.36521785502
197291,231692.56035304573
197304,7854.182849631338
197305,9978.785226040902
197306,5.806870316131822
197348,154.69892757578813
197349,13.995210866584822
197366,17769.75453857499
197371,1241.2901499236839
197376,33.37726673229637
197411,7.433418567676598
197415,37263.417029313925
197419,14.71377633753517
197424,645.1878016532128
197438,23.951557370301064
197459,70.58348953187918
197471,136215.03051270882
197475,1028.3090694316522
197498,22036.75289046005
197529,192708.26086066457
197535,0.8821832438690737
197541,132370.01622390348
197621,11839.574572858946
197632,285.3487834980048
197635,314.4319975441041
197639,1.9663371403206804
197658,285.1221731720782
197685,44.21958985369541
197700,1057.258809913747
197723,89.6494291432298
197725,470935.66727887734
197746,2.1078430295233135
197747,164.64410047142778
197761,2.0449566658227316
197776,1249.9700570569903
197789,347226.7753205284
197792,24.623396577075795
197795,5268.2294676584725
197804,23.119795659380795
197815,13360.525285443951
197821,918921.6551059477
197830,89029.11985674994
197839,19.66735660133256
197853,178.83060677980328
197855,8516.828253601185
197866,47.767912136301035
197871,20.638185392716576
197880,23.819163816763243
197892,9585.909937895904
197893,122606.57051946408
197895,324.5561098233035
197898,602.0793461760506
197903,105.2435406598311
197918,4111.1410785449625
197919,2.0348386703887473
197941,23.26104927187354
197943,9451.00477414376
197958,2255.1213475856757
197961,352.7830300939684
197992,135276.749184589
198008,11080.422571946558
198014,3.03262391201729
198037,147.7581686439484
198050,9315.993098568933
198055,40.67095600438195
198059,46086.734842012644
198063,730693.2512287471
198067,7.051986718893131
198085,24.40083954527669
198089,59.787130911790555
198091,8361.020489535005
198096,493283.3538383526
198105,4752.7013411380685
198112,190.69754655303876
198126,3993.228038882017
198130,46.67591968685609
198132,248.19283768094093
198142,12602.466867172163
198148,31.679888080869183
198152,68.68024026120155
198160,1408.615612837313
198170,0.9903448426074943
198175,26.018005500148274
198177,62.029234308333834
198182,8582.068344503554
198184,6.210518493741706
198192,0.2546061459578077
198213,66.43938854277968
198225,533552.5245901613
198229,9397.980617717245
198272,230.11307100609017
198300,405.4605104732349
198304,10.958974862085409
198333,385.4302304980413
198343,81.5593502396193
198359,52.30224770011654
198362,1899.466887368945
198365,1566.8892759211762
198372,4.140181566312549
198378,438.6910388821548
198381,1841.3666486224495
198390,13.58059578886623
198397,0.9982859743151001
198405,68.44365685518095
198412,15229.205388606864
198421,5814.106586486232
198433,53.45482051692769
198438,201.09590858432261
198442,12.980597715475009
198444,2930.7197853852545
198453,1.0319721847488357
198454,15.989977253186265
198455,69.98093868896497
198465,5590.908076118568
198466,1688.3658223433656
198467,8.048539167157632
198480,1.9344009567154619
198492,32350.113168893655
198502,656326.4975249037
198504,390.3102957720438
198509,7.449414662346456
198517,2463.2913493451156
198519,3463.286400590698
198521,31537.833012524883
198523,5197.129179558366
198529,72.40824283689832
198579,1486.6010735146835
198582,277358.79596624174
198601,125.2668342525873
198614,108479.44562879473
198631,361672.3136703603
198655,4713.723556740832
198668,108559.77623864723
198670,76.1145748087168
198671,57.305687522395196
198672,23.186932952859458
198675,306.43654106570557
198679,4872.901351544199
198693,47.01330607952827
198700,6715.803680682677
198702,399210.30415096245
198703,1376.2417000665748
198705,227.67226986222408
198706,404.12340679952206
198717,253512.37609862833
198729,39221.44046782297
198737,3980.854850230527
198746,318.0437419496589
198771,418368.5189041238
198778,161.8961508482221
198795,37.75782618185892
198829,37692.26032065954
198840,1705.6695984995824
198844,28.279477026139514
198861,62840.28218652407
198877,358944.53530381044
198886,750.3308968915682
198890,46103.31583852732
198894,6086.055536588829
198899,26.434517684919005
198903,41.0547145132377
198909,94954.96940400869
198910,393785.6751608536
198919,700.5969054967545
198946,24.772289774872277
198955,14.302700775260755
198964,4082.1686804317887
198970,2006.4887880988397
198978,85410.64984900577
199031,2311.040257651343
199043,12525.063340366843
199044,3173.5835642893758
199076,8740.495349716894
199079,493593.1130717658
199080,48.21786503301992
199122,172967.11341963772
199134,5.645810376304578
199149,337531.8946281758
199152,5136.053844092851
199163,4572.618999624375
199165,27740.5449720687
199166,4825.737876061168
199169,907.103044546223
199206,364352.6488668013
199209,199025.17518253805
199213,8.029305124003514
199215,121.7607541332507
199221,2.891047573876274
199231,236.1677106174017
199242,1277.8333264368034
199244,2.7959579323388297
199246,98.50945726435768
199249,3150.7654830183296
199255,239966.3588238275
199273,6011.562887217131
199274,17.03914058437734
199289,5037.122217648302
199292,4610.54689906456
199307,79.92942156915403
199313,244.73961840556743
199318,3199.7151207849843
199320,19210.38291670555
199335,90.47625859656499
199345,10481.033564125006
199362,24.501640808728343
199376,11844.989423684105
199377,7442.086776944895
199391,15.959379195806697
199392,2493.52096476738
199399,384.8236339400168
199406,1158.5120549299352
199456,28.120862393955758
199462,560.7311456979746
199463,100061.62399534327
199467,1302.5038461087768
199478,7.974846193491055
199482,1421.8682351479804
199483,1218.4029533825562
199487,3.935466716344074
199499,126228.31066923669
199500,7.316780323535715
199508,9388.311278225168
199516,59.66890944262412
199524,793.6774050253796
199526,1520.7217600984802
199527,69.10623052253969
199549,600.0279754196079
199577,23970.115203205853
199582,40924.74402912174
199643,186400.47866808076
199651,179.15337045310983
199654,526.6392126670595
199655,61.40638023360438
199656,33956.55477096207
199662,9.723266852846514
199682,789.6335171074188
199683,1595.7315494179575
199694,20.314040712980756
199699,4.058787758739112
199717,4815.346480423777
199725,2.599827054382781
199738,20775.9327949357
199750,2.006145625499644
199758,900.9062959619149
199776,225603.800236972
199790,18.902988976186442
199799,7.217641121826983
199835,19854.167657166225
199845,20.712590637181485
199847,216117.93262009003
199852,287.4387834952443
199853,8.461639466860264
199885,985.3029426195955
199901,1264.0770140928043
199903,195.2301456948169
199927,178.09323011206598
199931,2.742061843398922
199936,1239.0121894556646
199954,771.0709092927558
199956,1448.330169690206
199968,24918.395642279276
199977,168.29344994659942
199983,1782.2372241205644
199985,0.9252374568495239
199996,498.1502489036258
199997,95088.17654147856
200001,1198.475641344008
200009,252747.58585972176
200010,2793.238927047847
200014,252.19004198755823
200035,165.89736558821346
200041,34559.20616398164
200074,2020.6677769902917
200083,295.2988119384945
200094,1578.1004811698242
200105,384.7120657513718
200145,40.51896395766783
200147,24028.14401277907
200149,717.122065414109
200150,314.3795736668395
200153,337.69154930443773
200159,150100.2507903044
200160,3.977226504921672
200164,7.70418271796708
200186,4345.7827453155205
200200,284.0211394622676
200205,1281.2985162699124
200225,28106.667679586626
200227,1332.8575356040546
200231,38.31333573537408
200238,1010.133603347848
200243,996.7620344920384
200245,103.03510546073414
200251,16.32582407727264
200257,1842.0668930307622
200260,19606.54694066474
200267,972.4865801448783
200270,1407.9176874730051
200272,978.1812812655685
200284,1232.5911101402214
200287,3317.15027465323
200292,1916.5226215345624
200299,4170.015244021586
200301,7470.568448253196
200316,55.837353776746525
200359,5083.042966177657
200360,4073.8889185890716
200364,327.39367517235814
200367,876.6427249232744
200379,1366.9409914712508
200395,0.9406825878654959
200405,1544.6288030226056
200415,3676.642250242093
200425,4753.782839405174
200436,9462.653014704858
200441,9423.23158458976
200449,331.93702636862065
200452,4.850860491105122
200456,531.0313609300733
200467,374002.7914396108
200471,17.120011326848523
200474,0.9225970137579742
200478,65.87806230514863
200487,13.028590287928074
200501,4582.441129121106
200510,1480.0594021390584
200537,2093.1615677735826
200546,1080.8341085691084
200547,40.606886937191696
200555,1558.3764209091153
200556,517.842491728383
200570,28.90160009784786
200574,4472.045854216064
200586,52.929495086296924
200589,12.588507220841343
200592,322.24007874475626
200612,699.8803459667583
200614,30089.56548460507
200617,191098.23202833507
200619,150.5367193585024
200629,5902.364908554643
200639,2142356.414443982
200662,557.6714000400392
200668,92.32572893030633
200677,14722.216105276862
200691,328.1675669336469
200698,511201.26318306965
200704,1000.7301620490283
200705,12.797523498310257
200707,9598.110581280942
200721,1250.1467163898512
200722,345.8627925575449
200728,51.868192779406726
200743,533081.1902623965
200753,1700.3493095128201
200758,25.068973922037006
200761,4663.268838052781
200774,578765.362047471
200775,1150.693364851637
200778,3139.740964057804
200796,237.23846708165044
200806,3.2194433491829697
200823,7.019157684481461
200825,1342.4916422538904
200839,14.13914043780912
200861,5066.057769692652
200869,645.0305435309772
200872,12028.730516363143
200878,2.894064775208869
200896,725.0385187906948
200920,512.1730928749325
200963,3485987.9657110544
200973,152.4042555043627
200982,2191.262805840043
201018,302.71159643295584
201026,61.707732305983086
201078,210.21036157889893
201082,9624.998727507598
201083,68.27313029378038
201086,70.22093265268752
201095,0.9630799414906589
201125,228.28141081021664
201129,9367.425524967783
201141,81.87253707282095
201145,44.488629799701634
201149,460.20202751625925
201170,610.9011239990696
201175,9470.13565154039
201183,4434839.719010179
201204,83.36778789549251
201205,278.15062897263994
201213,98.25220097921603
201219,913.1752241840209
201224,88476.76061565755
201225,14815.71044464818
201227,618986.689793706
201233,58.133512768539944
201239,416.71574420925873
201276,6280.09012204723
201286,1635.6678437949913
201294,590.7776209756212
201323,934.1928830781003
201340,634294.9129349416
201342,788.7033319352346
201347,8151.812388822982
201353,330041.74495678244
201354,267.65402192882897
201365,39098.10054866266
201368,392524.1481301811
201373,15.018162530098662
201375,156.1175424245355
201380,210400.4977340207
201382,27.559274263495098
201384,456613.9411286022
201385,82.25002800220764
201403,2232.77783603633
201413,2265.3146545661875
201414,87.0125645673212
201423,2582.651608907686
201427,7465.736867711261
201436,3037.7578961076606
201446,7964.845393770954
201448,7.159503150513663
201454,384.35630532066455
201458,1352.3004743418383
201467,4811.362310094293
201490,0.9174062123943645
201502,1591.9247828150235
201509,1957.910304001795
201517,44.948915175008416
201529,4845.809755291579
201530,4.07799433930591
201539,2071.4154800859687
201542,19.673385900716976
201553,2881.248756365353
201564,7164.8427071679325
201566,13.321153866800694
201570,1871.1704730474414
201571,10.650274980232918
201581,1553.0218919305892
201586,301.8862114418996
201591,166.77362649720467
201593,92.34683930698723
201622,14.905837976352018
201653,622.0907459952126
201686,2866.45464270876
201691,1901.30380359142
201694,1855.572054715537
201710,59133.426931029826
201712,1444.365649858035
201722,97.58270452028505
201760,201.4421166251246
201763,104.88977007275659
201771,304.85341112621535
201773,1413.9104156022017
201776,2582.244036698232
201782,75.20459169533702
201790,1403.9189004141733
201798,41.297829253317516
201802,1.8731074083491424
201815,2.8644423404399975
201822,259414.01219852504
201835,202861.79863312346
201859,2.045603816612667
201872,246301.94037930027
201873,27.215916177355194
201878,21775.24912720798
201885,205.7241647386033
201902,12190956.975325037
201923,12177940.940754501
201936,271.66613002808737
201939,4.663711496508883
201945,20978.826129135454
201948,1234.2383260231222
201949,7.512056886161352
201950,25.89906264218144
201979,147110.15063155594
201989,212.12914250117026
202006,2.278998345900732
202013,26.88150746910128
202034,2.004717301079088
202057,172.5347622635026
202059,11.597287080556569
202060,56.0069298583376
202076,13.412799414271007
202082,307750.37488833134
202105,173.73808598270517
202108,350501.47926702164
202117,39.11665574788677
202126,11.50839182316063
202132,2738.6514868530517
202140,74.75466890227153
202141,26.886986033224716
202142,7.18625585258362
202152,1914.6566713978466
202159,3193.9021093436245
202171,5.658171073562649
202189,36.008761232850226
202194,2.011068476669879
202201,21.369435217881918
202207,2.82729234105193
202211,93.5907047457804
202255,9.063108543442818
202265,22058.544046004772
202278,744334.5446480648
202281,48.65423959283413
202283,238477.34234876325
202289,11319.697463851453
202291,8.335832331465344
202318,2034.5944486140545
202326,562.2415305728264
202329,1985252.1899032698
202357,4012.5367799425358
202368,343.6855747256402
202374,569.0544173490225
202392,6.152212085947603
202400,3.0374786336524906
202407,10447.409215364429
202428,219.3009570997355
202436,1571.790301211488
202453,128202.03699995442
202464,829614.8563057701
202468,1203.1736169254773
202471,18185.213756364286
202473,181638.26068740583
202489,15.081239921225185
202498,18187.511531382956
202499,16438.02788393408
202501,0.9432228322906121
202506,2031.4197942626274
202524,15.45060184714284
202529,89.75193911728437
202539,5.173145451382451
202543,2314.7088732031343
202558,19.190741532309055
202591,277.42311885567364
202594,18932.59440082929
202598,1467453.984645901
202610,36777.31251903155
202626,452.84460754045045
202637,6892.019550839533
202643,275.5220295728599
202648,4.148331040220002
202658,166688.2948241118
202666,4.3618171657907965
202668,850.3406220108224
202674,1012708.0048010167
202677,39.629190406095574
202699,6.264159102826215
202706,853.8825731648928
202709,2151.236840122161
202718,1.1398387042341371
202725,183729.43609701388
202729,28214.038436353083
202731,33.46817268601854
202732,4421.101517596774
202736,739.4857123438708
202743,4977.071533990441
202747,5.914143149059849
202756,1.065233407389257
202767,536.2740273015378
202772,386.4181111558967
202784,215471.07558555872
202799,310.4186433412626
202822,202.4764397234288
202834,7.800357151896425
202849,2795.158677064047
202866,491.7533986577544
202911,458.15908178699755
202916,710271.7664955647
202933,306.7806859909955
202937,1938.3575369522785
202940,672326.8117702322
202963,711.6792874047625
202972,105148.01929297028
202985,9220.985671768674
202993,1980.8325262232643
203005,7731.998647330336
203027,1.8540436186703093
203030,1580.5551811589496
203033,12127.744207828078
203035,949.0118482773087
203042,10402.205581568642
203044,660.6294213640456
203058,61.030135446212405
203060,2838.2671756348964
203083,28493.224943165143
203097,189.22971138650203
203105,201.5692783726577
203120,1769.659988920053
203158,292.1642541723911
203180,629.3845116096745
203196,3317691.6110223066
203200,5.057051932098779
203209,789909.3453915073
203218,28092.67892014224
203220,283.02229207092006
203221,0.9527709880605888
203233,124.00702751814309
203252,15.222904467802207
203259,3019.063523009335
203282,412.3274986677389
203285,188.6216732833319
203288,5.005360411549117
203294,3726.020168990972
203310,3145.990652836748
203314,3274.1926481104956
203315,4274.315678772167
203319,18.98097758896162
203330,464.5455733655547
203341,0.9684848394763612
203353,1.0121312488988545
203362,266274.80557801086
203372,218.49431392045142
203374,24.03040205716022
203380,3960.511893622823
203407,4.087961243583806
203423,1032.725190736951
203448,90.28388658337924
203450,363652.65261604957
203454,6311.670971116284
203478,2.8522995576120995
203480,24.598441808346077
203493,13.719339868952462
203501,81.29268866912966
203502,7.382233735223499
203511,388.4118336440237
203513,5069.009294673788
203520,5.026575302039688
203524,7.711289559046743
203527,1.9819418929002595
203556,275597.6798924438
203563,542.33408889698
203564,32.22127007250507
203581,14.796852976443319
203585,26280.9572159885
203587,65.88191180599438
203590,248.17061649400284
203597,242166.75238937754
203598,60.90460723651748
203612,34.46707992571074
203621,685.7046879928462
203647,8338.955901728339
203650,53.08104545130225
203651,687.6795940294111
203658,16.376753963210334
203681,20620.970599881097
203684,11553.775682348047
203693,118.88965759328636
203701,6520.562872331866
203702,3.0153264380485227
203704,217.12565746095336
203710,322.57608664518415
203712,1.02236083318742
203719,2.6128106670996885
203725,6208.3369330236665
203744,343.64738843140185
203772,10.266347323614227
203776,1289.6478247132836
203777,13.129044642977794
203789,4.646228407447252
203795,351.0878721820397
203800,10379.390146827449
203819,152.50469145797027
203821,47200.52534678105
203829,6765.234133245506
203838,42.87791437487389
203839,358.0114597201237
203847,86077.94591993562
203869,33.2523561798868
203886,5537.811994509147
203902,10.369035912788707
203912,6806.828554228396
203914,213.76967202192822
203921,185.994840387287
203922,7215.906838362659
203925,27.148397234931707
203932,419.6726071764589
203933,6890.387385835315
203949,84215.02844993748
203956,31.08582791305869
203971,15.374798549196827
203974,451.05310627389025
203980,8460.549487695762
203984,12044.281633448563
203991,12.1868082649722
204006,28.25157481783238
204033,13582.876172941631
204037,22356.87588543807
204039,540.3808101588595
204040,11916.988349441055
204041,33.236469073917306
204042,624.274792793618
204057,120376.75090743566
204062,1.9127937348838944
204079,2633.541434698249
204086,345.4063613581168
204109,2446.9598217791213
204110,58590.64986884409
204113,1721.0109980904715
204139,19353.48077530053
204156,962.035666926203
204157,2979.372931460085
204174,120.45896421574405
204192,7858.959326314064
204214,112.2972470784638
204242,103.80423957581067
204253,942.859553643695
204303,1062.8521949436913
204311,108.54499234454622
204315,134.98136246979087
204336,41.44658805165929
204359,1913.8649899786085
204369,1.0511812773280633
204381,46.94863681011215
204383,3887.2790281525877
204407,180.8293044317641
204410,442.34432632060026
204411,4.133307386000066
204416,175241.48420803674
204449,15.524526556032503
204469,3.8215912297313053
204473,78.64350991165179
204475,3.0832318124185445
204491,27374.087975684066
204493,5.9092944480235285
204500,3299.4992400558945
204509,516692.15775290405
204516,240.76349922408482
204518,1563.7537144708358
204523,395.9560473492262
204527,3.087733328150742
204537,4.42024309943803
204554,1.07515217722109
204556,316.80434378159583
204561,266191.0010760526
204574,21170.210844680583
204585,263.113745053584
204587,119117.37277516346
204591,7435.865315013546
204600,18612.76686764765
204602,1793.042872385575
204605,8365.53982301332
204608,503750.0714479363
204622,8.708840807748713
204632,190154.3944732706
204634,558033.672521612
204661,5425.450236766422
204674,9.881351890446744
204693,77330.25250992818
204703,3930.4418756455984
204706,249.33999093562971
204711,68039.69325498847
204744,65130.44186674172
204785,532700.0238604738
204790,28.192981172811695
204796,122.77453035544848
204798,84732.75576250369
204813,33342.17382020245
204818,6159.071465618985
204825,88022.20470212416
204827,96.10625586170454
204858,68991.9723588962
204876,3317.0505956945935
204905,386.0857163111397
204909,65.80552665170545
204912,54493.52886109578
204920,36627.547925456354
204926,19.118810774851998
204928,615.8304241822574
204944,70.06394843931778
204949,43093.66043767241
204952,5211.542414808933
204959,215902.34623209425
204976,175.10768776626432
204982,24003.23806478503
204988,20003.942426232665
205000,511.17009203933355
205002,65486.058665033466
205004,54212.103803909085
205006,97.15444697503358
205020,359.3638520116865
205055,366.76146802933954
205057,132849.67722909973
205075,197158.00578098724
205079,297.68478318931847
205097,10287.871239786335
205098,8.346726723399279
205112,6255.139466910609
205117,1.0773198407369533
205132,0.9733371983198704
205158,18421.143970894962
205166,2.904795388359849
205172,137653.720224596
205189,5.55948652413547
205191,5202.211960573706
205224,177.41765028883046
205242,238634.10629550443
205245,67377.0492065328
205255,203351.01500181496
205262,982.4754967297177
205271,4650.652128496706
205273,19900.360320973294
205277,32.16423304069293
205304,14.013355005651537
205310,58.30948809383488
205321,30.968118021534274
205332,431.0446035516665
205343,123.55558391372901
205345,679.1316683191744
205355,21446.367953966284
205371,139.53408068776346
205383,21996.25524657443
205394,6.848009255470062
205397,42.457279601751644
205412,3406.0098010611378
205441,749.2108398476427
205451,31.432756456349434
205470,297.27451486638137
205477,12804.246007314263
205491,277.2577485403117
205492,352905.8884454815
205504,113.38389044034454
205520,0.9680708589069514
205534,92.07552069447273
205546,4888.251685793219
205548,1379.4222242364212
205551,22.01495364660201
205568,4200.442788603002
205597,1868.0080489768113
205614,6109.595604046964
205620,2126.60475878945
205633,6.0195991924989265
205643,233306.39591998982
205649,2.0114198089381365
205658,1482.254734869451
205664,213950.86823768742
205678,437.6732259140174
205692,153172.59071052662
205700,715.2168219732578
205712,2349.797735022453
205713,2989.095678711276
205716,420.1873743849886
205722,1344.107673750025
205730,35.0088799142387
205734,3745.231214904192
205737,1806.9112307110183
205745,98.43659288115465
205747,973.8927250496264
205748,4.052302318218438
205750,925.6108819963146
205754,3208.869712832989
205762,2601.503409214284
205767,152614.16593635752
205789,28.295874726567273
205792,1476.0412531110355
205821,36.35167961722759
205825,201340.78130797597
205839,3219.1409415545727
205842,2196.926192376984
205844,2710.2987844899912
205849,1727.9025501502292
205867,2222.560705895987
205876,222862.7732650489
205882,517.3244834595977
205916,1311.1043699532313
205928,1.8695701394306192
205937,1925.9247118147446
205940,37.412154226431895
205944,229.32348456984613
205964,1454903.2418504655
205996,417724.3678366918
206011,2415.7382907946435
206024,2066.313310351935
206030,19.33122995884796
206034,16.935475184877554
206074,511.30580989285846
206075,539.2911439012988
206077,2213.6268985255815
206093,1972.8720004433128
206108,3844.1639657289184
206152,4760.84914315087
206154,721423.9302896725
206161,88540.76764254153
206195,5192.516054850531
206217,780249.0154863893
206219,36310.553849930475
206236,66833.68955292951
206251,225279.1674565599
206257,849.1757029501069
206277,1029.3039374366356
206279,9887.67513181279
206281,239964.50233733753
206288,23554.591067973743
206293,62037.91155278219
206304,767.2894868386544
206313,682.0556929392244
206337,11289.14792645293
206346,87.92040923485281
206364,6622.092878652584
206369,310711.07577603473
206372,6872.9857545227405
206373,2280.456577993774
206374,590.7181742721292
206379,875.8505173599542
206384,41534.98658962219
206398,32448.41593794108
206409,159.20193018641737
206410,764.1772220147399
206421,3414.052819368827
206450,437316.85130483407
206452,537.894201214103
206465,2618.4265352483303
206469,742.4297281468022
206493,507.49012323920755
206494,339.56617338001325
206504,165071.60347270695
206532,362.8618994706557
206542,13.10093750358395
206557,816.1350815723949
206582,202.4387931204777
206583,187571.31294961568
206590,77.3733352764082
206591,1.0278247828992615
206593,513.33319206395
206618,1764.6628768903533
206619,3.199825117285301
206625,92445.36807003706
206631,193.59423238248436
206635,149587.2348686549
206655,10.312194277565379
206667,46141.317172858326
206669,4.820076779187831
206674,51.85067868679308
206694,10905.522267281944
206714,12.60137170959781
206718,6362.376388959511
206724,17968.023856307645
206728,5.178679779217389
206733,9.275849504113387
206741,395.17018191938615
206745,192.1089201869145
206757,6.407616142278782
206766,317.7853959300404
206768,49.201724944692955
206769,92.67294221842117
206773,215.63048110038454
206784,261.0571473157197
206793,12555.641218666535
206794,692702.4466500634
206810,132533.7244851445
206818,5770.6889694969395
206824,210771.9585831345
206842,125463.85591793848
206847,8790.878677640127
206856,177355.99008254654
206863,7386.441334254289
206886,14608.13689996937
206891,1203.5870638982778
206892,3.170820772761072
206906,406192.7999946608
206909,9769.657825186117
206912,56376.46963800915
206915,32360.813582959374
206925,1.9164263659198613
206926,455.8179031302318
206932,11688.256306125384
206938,482574.06140063104
206962,4108.572486143029
206963,1958.4869488858417
206970,27.80283518427282
206988,10337.577179091551
206995,113095.19144923001
207023,38811.36723902388
207038,3328.8610253498628
207039,535252.4236532395
207067,826.3934187090823
207068,104171.71222002285
207069,1.0252658021240213
207098,1.035689683397654
207110,15756.313920734528
207114,9587.303030254074
207118,6.273113397682513
207121,7563.8194333481415
207125,47.38384317796684
207127,178.4149728988248
207138,905.4276325674048
207139,314.77973656258143
207154,39.07705699187283
207156,42003.31113471223
207159,38.795054095274686
207167,1239.5232402170907
207181,4784.172824868355
207183,1988.7244683003594
207187,5.217408438298497
207194,2785.5074115226053
207208,317286.60015136364
207236,1022989.6832100265
207264,1564.1852008146202
207267,23661.471408954607
207271,2641.5051129134213
207283,53150.76189008553
207285,114.68911337584268
207295,643.2937095536794
207315,239.42987582841886
207328,17358.967890508793
207341,33.62662586176465
207367,1865.7059837681777
207369,58.89843017622651
207373,2403.331858466213
207377,19745.27533452323
207386,708.4596654635258
207403,1986.1743852897232
207411,635.5946119531739
207426,79.61514348699743
207441,744.0463362670745
207465,129.08013393176867
207472,151.2081615166582
207475,189626.12957360194
207481,1269.4787771375934
207482,16286.117217188437
207500,15910.68648572168
207510,123.8808705482385
207513,23.14547205869611
207514,205054.62619563277
207518,633.3778478655738
207519,11265.323949982263
207523,125.0331125528388
207530,18657.71436449048
207536,16.778771862096328
207552,3.074405041978095
207558,245932.73792210984
207560,256938.6468434527
207561,3624.8479914334807
207570,25.650591629223204
207576,232.34699772484396
207606,8.052849676736285
207611,9127.456561685787
207621,2812.333047136046
207637,44.95313140422826
207665,182318.2012675737
207680,1510.3718158321794
207684,41.30262851420953
207686,7649.289231977407
207688,9.085091235189518
207689,3535.70921943256
207696,6.353072032844819
207713,53629.72028981734
207729,8.880429588104045
207751,53510.05020492565
207774,0.9916195770915357
207784,80.8399685882276
207789,1.9579736164207175
207793,4418.558193231664
207802,170.3005077651127
207806,2891.2347014608117
207828,595.147432150273
207833,5198.789774365183
207854,4187.988455876875
207865,742.0503353679974
207870,1974.6229064027648
207896,86.8308714432043
207940,10.250921069523775
207955,1627.2074084271321
207995,56341.39001002648
208005,386.38786381581167
208022,287118.0638932955
208040,6.183260401967487
208044,387.1822326090348
208056,10.894084981179839
208059,159.36678087966317
208063,127.88176688428982
208075,320.6775383123884
208107,78607.14055177428
208111,1849.2720357680234
208114,108.70328442324033
208117,291824.684929522
208120,1.919959513529092
208127,26.771641052313512
208151,1326967.2455334163
208153,14.358938620298908
208162,512.6456468046607
208184,73.99660554757595
208232,679.4110831354476
208240,33.29968145608479
208252,552757.8838547693
208270,330.6916857151661
208280,41.83874147925458
208302,15.65588681884712
208308,450.93910618583726
208329,12.323131010390467
208337,6111.284683365031
208348,10130.433766475222
208367,52.54768547939723
208379,149666.40103403773
208381,6.6322472505203
208415,19.05606837252903
208436,8559.146227529056
208446,18.88546728319786
208468,6065.280551450645
208472,6.51869237408091
208481,628.8315121311444
208489,196829.205583669
208503,469633.9836533015
208504,104.42364633333192
208517,5.785146216551687
208526,10604.595864873716
208527,7855.78722566802
208529,217184.2921419377
208531,9.97441732437715
208534,332.8072279320126
208537,682.1469386408556
208545,1028.0946451402658
208581,14132.207644067481
208583,55.186679854906146
208587,13313.939401472406
208592,470858.1553295994
208593,76.30969669617721
208594,220.4980755396449
208597,615.8544513533137
208602,4102.140507003116
208609,231.65765958654575
208618,1259.2648105708824
208621,102.49746300391205
208626,5158.792924724821
208627,11216.520397496412
208629,37.30558188574534
208637,328287.6354445211
208638,338.7819757527263
208680,171.001883867289
208683,56.26022316261396
208695,868.2253857628042
208698,200.91647226065948
208733,33.97948597135096
208736,4356.254416908694
208751,21.1485798859478
208757,4287.873599054438
208780,8359.304219510961
208783,13311.754987916465
208808,3917.2552815319204
208811,418135.19475360226
208826,3269.977549160212
208835,394939.9650976177
208848,61651.47834011897
208852,14.333230562846909
208863,5594.318834969072
208875,61175.13201550467
208877,17.32091305502159
208885,401203.42050505115
208898,2809812.300897284
208907,24.57850050319655
208914,114.45029332844632
208931,71390.09002932557
208934,420018.75985758
208936,35075.39855039419
208953,1209.93757910516
208974,106.65457833066537
208979,5.531218528143103
209000,193.3945376802191
209013,1571.6163865736762
209019,4.984564516272424
209021,11150.285537599679
209036,3.5007401344190643
209054,6346.5743064006665
209055,393587.02557733026
209058,228.43541529715387
209059,2081.5020405868263
209066,296996.63750383543
209086,22.93988203550693
209099,1785.1672762065623
209106,4588.741236574134
209125,228.3680191639621
209127,1593.0354063082739
209137,4033.587005536662
209139,477859.41461283126
209154,904.9554076631758
209156,6.7454901913399645
209160,550.6442974747059
209166,5298.15564737223
209168,1778.0656259632256
209196,270.52626327706855
209201,381343.74401291605
209222,52.41265727152524
209249,70784.17797653854
209255,5061.0023858337345
209287,1120.5097312221048
209304,223073.3451631952
209307,36.87934985004852
209320,1612.8491039715132
209349,2.002185764349757
209356,241870.96063626074
209357,23.25038056982188
209363,44.00326822334846
209371,32.23745414011151
209388,29919.498889894367
209405,5.917119021265076
209418,509573.56237126514
209420,1428.163475184154
209447,106015.9879532919
209475,544.10219069871
209489,13.995461154441974
209492,283894.96783973166
209509,31320.485515836866
209519,3.0426918118885373
209530,578.8787569018257
209536,85656.80032800543
209539,605312.6410284243
209550,2758.129398088398
209561,515.1049699085211
209571,434.9517982786026
209572,52.06723428614923
209604,1419.7576726187103
209615,10.02579687093242
209650,3334.58762806623
209675,10190.624353045812
209677,1854.6887616863523
209681,371696.38808843686
209684,72066.96661447546
209686,24307.376409057008
209704,4009.819404935894
209718,157.12640569243004
209720,262.0329103830583
209724,579.4103610512116
209740,181.57484423738848
209744,372.05741914340473
209751,153.34535421141402
209758,12077.712761794668
209763,143768.39893238878
209771,844.2699931959236
209773,107.39402685973727
209786,152694.0163449241
209791,650.4264752874986
209822,1498.0718960204142
209830,3.0430046322203124
209836,779.3553434771288
209837,259.68673963802195
209846,1759.9273043487703
209859,165.74311300249119
209863,9.915448491237374
209867,1722.4090414720908
209875,156.82108894706408
209880,16987.505261514405
209887,208050.08439666335
209911,775.6043098844337
209917,886.8058242770826
209924,1238.7606035524575
209941,26.23623408172279
209969,68.70402275710101
209995,3007.142427481227
210005,3217.595858146646
210022,5701.821364692945
210024,15.66526549643032
210027,4914.854780269763
210029,66.1189058926785
210033,32768.67880643519
210039,271382.38028265786
210059,29.64467702995436
210067,29.42333851477965
210080,142.40908148341072
210095,10374.758676154175
210113,59.318838892128895
210122,6031.268704327075
210148,711.5019163396595
210176,1.8986432165356772
210195,28335.117016943423
210196,15836.932441309327
210204,8668.962814374821
210220,11702.603083680002
210232,17.874836772156335
210244,13.24822404920757
210260,7343.926665206751
210285,9.335345993504731
210291,7434.315647400004
210296,842756.1489476667
210306,41.195839877949346
210316,15.173830609210565
210319,1719.365440523813
210321,1801.7272219612146
210334,6.707323367132166
210338,7219.308504987108
210341,196.4121582202689
210345,9574.51072677935
210351,163865.3301833052
210392,4.614661836966858
210393,1187512.1369599309
210402,585.3659468618746
210409,63646.04897337012
210416,1.9052250467871998
210421,616.3865335829145
210450,8552.369462037497
210469,320990.1159263736
210472,13018.68132168436
210477,2.064868341050549
210481,213385.47115739612
210489,74.37852214764035
210500,352359.6389131225
210506,4236.876691000692
210508,1704.0696474136753
210516,334.1260776325608
210522,3207.2626113029664
210525,474.8641381778809
210538,45.63444638177237
210545,290424.62821716693
210546,12964.031818503072
210567,9510.26426423443
210569,3811.5464538497586
210576,12254.939031460584
210579,523.3680646745954
210581,48.23749765796609
210588,16.85746871907797
210623,7169.751563513157
210646,46.67919281257443
210654,369.96319883293245
210658,84502.07713870183
210664,8885.618547819135
210666,8590.97053716529
210676,11571.19943030395
210686,2026.8349350391454
210687,546.8472760636859
210689,42.29142820264675
210696,3452.111299835584
210698,10400.900034484417
210715,95.26172367245617
210722,18654.062228727966
210733,266772.8491356376
210740,4842.277581558154
210753,2185.023418461646
210763,201.10592804321234
210774,2396.2699993293268
210825,283823.50488843245
210828,63.9459540544552
210829,65549.03415232064
210830,207.98049200992853
210847,480.1581361689344
210871,1356.2234584849812
210875,2.091374237553846
210876,29294.345025767736
210880,1.0360037900753643
210908,180.18832217320326
210918,1134.0526681590875
210919,11244.072586278919
210936,231275.75057404046
210946,224.0574487955337
210965,818.4853699988587
210980,822.8111669109823
210997,1610.7248653140746
210998,66142.62574712803
211031,2.0450379938293324
211032,5964.18520546244
211044,1276600.3232562141
211052,83146.29026068973
211053,126.09013273258232
211072,11956.8282447019
211088,52.3531243108644
211099,472.7953427108011
211101,1448857.673752861
211112,2586.8664602331546
211114,145.25032719558786
211118,8.922038163838943
211122,13.530461869904313
211134,13238.059349668405
211140,30.49512667442253
211146,48.163850925300025
211168,302.5685785461271
211173,68.60665377147961
211184,5372.761558103453
211187,585.1694208393254
211189,65840.49122341158
211195,77672.24976324113
211209,54419.585465623204
211213,4686.197025171857
211215,297760.27289667097
211219,64.76546855068062
211236,345480.2521342354
211246,14920.764154898377
211248,206.10811076145936
211250,2062.0109673626016
211251,2152.920984508686
211257,26942.285779589663
211270,151.49623336470395
211278,111263.95905931696
211288,76.81776664304732
211311,7478.518320450793
211314,49.75000759026351
211319,13.289384157331515
211322,74732.14131950078
211328,6391.768627586816
211335,10880.020450932398
211336,153.8373252725734
211340,49.835752748676676
211343,87132.15051821421
211344,15422.758127586343
211353,1056.2813971586997
211378,17836.835671289973
211402,2746.321289041257
211406,8.698278429471815
211419,8647.082616776857
211431,504.68126758146457
211434,275.40175557078754
211436,11.777476373122022
211454,5.093685749725062
211459,219.46956517102453
211478,1944.5685811036049
211482,163.0923303427601
211488,453.53401272279757
211492,66534.83532353907
211505,367.53642083082883
211513,423.8697821635626
211514,4021.9128343530992
211537,25817.40818823187
211549,37.85173747160946
211553,56666.2619067258
211588,7437.5111934340875
211589,5.776067698404648
211629,280943.3796732754
211640,74.60512037643481
211658,1332.6354233574643
211680,329333.7808680392
211689,406555.5499285129
211698,16212.250281261935
211726,115.02861123566005
211737,590.581584022223
211741,689174.3387966005
211751,0.966238150598387
211780,1121.183944998606
211788,442906.5412750331
211793,183407.42869211597
211797,1.57579143369201
211812,11.01787665744581
211814,3.8977549560596625
211819,6396.912762215353
211825,630856.068008459
211852,264.4008708137911
211860,598.4739433784428
211886,9866.58069672576
211887,191266.8093518443
211889,509220.06170773995
211919,496788.105583608
211922,598.228923950453
211925,4457.7553314503075
211935,415660.5684973966
211937,2154.1637839640216
211948,46.82454773783376
211980,826.5923807740827
211985,9.951533337808492
211986,3.171547894716441
211989,69586.69816395083
212015,8325.030837516058
212017,1.0244668414352878
212024,554530.1487516032
212040,786.6960706442715
212052,43.63991824207382
212081,2.9778031547736297
212088,1146.1665207439682
212095,6062.355250015312
212097,2690.462871950881
212117,14521.151848698863
212120,4751.470059947038
212124,74042.18175048745
212129,0.9450960455925411
212141,15.876129582529991
212145,40371.65775899267
212150,277425.5790212028
212158,11.421752880746675
212166,10.390687219880702
212168,154.98240349982166
212179,1749.1380049417774
212191,1923.8155591016307
212203,0.9940014477419508
212207,6.446287030554347
212230,5.357989442259554
212232,7503.877045920493
212237,99.89187074514065
212244,15514.019227119017
212247,1463.3978421650036
212268,74715.5495100557
212272,125404.9332266181
212279,0.9920859669427006
212284,26076.438105746303
212288,5.884173325717953
212298,233291.94655385363
212301,56.56052138615554
212332,4.037070992128033
212351,383.14942316121875
212366,1664.808206997358
212373,3.826054188505652
212381,9419.643548495058
212382,2282.775802025374
212389,10663.211871477954
212409,6.084014419143289
212413,3196.3485290831327
212419,10113.85832869784
212429,318440.31336277525
212438,21131.081422204883
212443,5414.473014464491
212445,24823.96063756015
212451,9101.169646839775
212460,384046.262957159
212472,2416.0162572585637
212506,20869.813013805397
212507,15.297629631423234
212530,9.41524546215147
212533,1775.4137113111265
212544,15210.29547544504
212550,17605.76006971579
212555,254.40975157977832
212562,161.74158030333683
212563,169.91066796268782
212565,33.79572116366617
212570,0.8994820255352106
212576,8066.5022238787
212580,3770.388630021889
212584,2472.5257741516357
212600,297.1464629553578
212618,79004.23569897414
212621,39634.49712107898
212669,13.562099924812523
212674,347.8357754761702
212676,2570.324448659779
212689,744.8537341141177
212695,248.92519589759007
212707,902655.9987934092
212714,62657.91028121273
212718,3586.0244807042545
212727,219468.25194203548
212746,6369.404776077903
212760,8.8922160726994
212771,19377.899170994977
212773,2181.6594012960954
212775,10522.593619062662
212781,5871.043112830398
212787,19.01138092619706
212789,17229.98689688628
212799,8161.643252656362
212842,164.08299622764235
212847,5364.94646559902
212863,816.922233981823
212870,4678.043864187452
212874,10973.942316402705
212877,3536.262205200161
212879,874773.0379997591
212881,754013.6658574283
212883,960.4518708544896
212887,1099.838208431958
212899,6477.050319388085
212900,111.59546293578033
212904,1277.5238571286086
212906,111.38819242342545
212921,1694.9562671044207
212926,1102.9236239387326
212931,454.22219611035723
212948,2302.7635777900537
212949,3811.136885953019
212953,975.0719724433064
212954,189193.82447769234
212960,6039.2969101230165
212969,1521.5394801625284
212972,84.13764469849727
212988,117265.32620430617
212992,6454.511978756406
212993,226.2240544799118
212995,23.048817684474994
213000,10651.218862966167
213006,4075.9277144789085
213015,93952.59536734386
213032,1013428.7955077908
213034,50.73921744087265
213055,159.225512903741
213061,66.42137195514103
213063,357.20588468478627
213069,1197.6115053450583
213093,23962.8681310654
213115,299.09509945336146
213120,197841.4310729532
213141,32193.658043811854
213143,63.92680690313058
213152,17353.400814090703
213154,10759.15778346223
213171,136.56388151107194
213175,4148.116732976825
213182,114.3308151052851
213192,38.400952695351656
213215,2374.419458212588
213221,67.42172349119025
213228,37190.83826422851
213244,38880.5150487095
213252,415327.5646100367
213266,7.019893034699283
213271,3350.953179624468
213274,442.24781974120197
213279,347.7884709962607
213304,679.1990340561414
213338,7.943733463024203
213342,3453.6004458526563
213347,759.2548759772726
213358,4.167810617994867
213371,380.0931637294987
213383,13324.960848498327
213387,15.668635923638973
213388,20715.66936190882
213390,106.95002831482503
213406,3855.0435244308137
213409,452808.09259602526
213437,32.428086621792964
213447,54.88482567060632
213449,3912.96457753467
213461,2420.1790893616358
213470,6347.964948030592
213471,1284.393578782863
213485,155.85328000112614
213511,37005.43866169892
213517,19945.700502329848
213522,7906.825917478587
213526,14.012995775266193
213539,12.669608099819992
213574,166.4264292491634
213596,197444.9221090256
213600,3573.071942478972
213601,7519.341909601013
213604,168.98945460437247
213625,1953.4601651694843
213639,642.2985081880739
213642,267794.8049292106
213653,9.018512683800655
213675,13697.03872554275
213685,75.56633325090907
213703,7780.897227031367
213712,1619.0057290675995
213731,8796.876464160689
213737,3245.3438632839393
213739,11553.814317930004
213744,1167.5002387752304
213768,63.16560130799608
213793,239017.98517655622
213797,305.9160713492936
213801,822.8023591927183
213808,418.3317365770352
213812,5983.906228642521
213817,12435.423535215274
213838,319.7812348766904
213841,1466.2981268356486
213849,1470.4010810101277
213851,43.528572921175886
213889,3467.9188753656813
213890,13223.655551696836
213895,982.0626871940099
213899,19548.52303043927
213901,21.10135991879134
213914,32.783993212409726
213920,638.093917452767
213928,16.496496352942163
213930,8514.638272671053
213940,237.26360474768262
213972,2076.2253540566753
213976,3681.14055263209
213977,1269.6823406420474
213994,11719.079430766114
214004,160460.40852449916
214012,64201.000803788455
214016,35.54914514209113
214026,1267.9771451668564
214028,3.0798656194951515
214031,27474.456983156826
214052,1366.8324252292193
214054,25.44125111935155
214055,1751.3817305749255
214060,34307.5500383605
214065,48.41216241357293
214070,171.68043444712742
214076,522267.39848014124
214078,701.1548573500108
214079,11156.418943255205
214084,2785.415931210028
214095,21.316034553193436
214098,161.2701742655618
214100,95984.24647027988
214104,18.24551625921491
214110,45341.40541749388
214113,41.07834417889724
214118,15995.664262373399
214123,800.5248031634404
214128,2338.9617497241834
214130,14.535947783874189
214135,90.97656673380983
214140,500.4266568301179
214142,21.199188419502526
214150,27992.39104965041
214161,95.5402039246286
214176,107751.41941558784
214185,560.7909329586296
214186,50287.028917150536
214189,14132.788386723487
214200,2498.1723817454936
214203,138896.9086374759
214211,54.088129912540126
214214,10.175180030562563
214220,20790.428731134696
214240,152.16130188614025
214244,3.8346994144002955
214247,12520.25282068216
214250,1025.930594561701
214252,38.94898002783091
214267,340.32685681291156
214277,637.6875582773819
214282,18.40900177199538
214288,3.7145249333045736
214315,0.9226723796626123
214317,5206.781651850199
214323,1607.5817105146407
214326,65.25400639677505
214327,451.3557184084925
214329,73190.41911864036
214334,16748.61852818842
214340,78312.36955400043
214345,15677.564750215619
214347,2491.288890060643
214348,1628.6012498151183
214378,7287.378650059394
214383,9009.896021676988
214384,84.63317106850654
214389,102282.48192509021
214393,1325.1828099481822
214409,1833.6608370597844
214420,32.97094811323093
214422,2510.842398024487
214425,830.2428443216509
214432,15320.288717364825
214460,14.69895656297443
214461,139059.03367021537
214476,372.7120237081595
214480,475.3086198117574
214500,285.23247687737893
214503,2870.544973567746
214513,35.04255049042496
214536,131.90506016323255
214557,8.803299514574153
214565,110.11528797171565
214574,37.26156736005705
214576,16146.82487155107
214577,0.9751853749933465
214579,182.7434880077038
214588,404.7674140846221
214610,3.1495007646675948
214621,161.4134297309591
214639,607.7854935069565
214643,2660.0734428763913
214648,1109.2294574285406
214649,46326.927410734854
214651,98.78160753506448
214652,68.83654506074468
214653,160713.4591837329
214660,10499.525081391168
214661,49.77507543567924
214664,6421.036059745225
214666,15.169150290320474
214667,135916.27025197062
214690,74.20082928775011
214721,108.38648290437166
214724,4.384213993232368
214726,20.181239989810965
214750,3190.777211459696
214770,2268.0208570435134
214782,477551.72275327414
214788,14.926400810878237
214803,278.12218169443946
214819,508702.9853083298
214825,6934.221633553055
214830,572.7188677144203
214840,17351.698708648168
214846,22582.07197919336
214869,1050.3342595753522
214870,55.15119661638921
214876,10044892.635088146
214879,6099.805642295804
214889,266.4290502081252
214890,2.0128010246146193
214902,779.9589584054645
214906,414394.3108822559
214911,193.85397613222514
214920,143.05148203380173
214934,290.99353732190923
214957,334.6974765422023
214961,151.29258382061295
214967,9.94216006672634
214990,142.5231886215619
215001,10.563544768601933
215012,1030.469696108757
215030,10616.763416284675
215032,326513.79468810756
215037,1486.5903976064656
215064,6616.695295820386
215067,1146.099563111307
215089,224.86500941144368
215100,749.8723469292945
215105,100.58633010899294
215107,41062.29657469845
215111,25268.27425874244
215114,4586.405839964303
215120,899.5201900626239
215147,2673.1606462656814
215161,14781.668230789044
215177,21929.952685263517
215185,6412.462181617516
215187,318.5854543371053
215193,35.64565567878421
215194,117.6698048028217
215195,7873.002199332484
215206,382.98642653687324
215215,313.5837389130749
215221,4825.069108127211
215229,5.106514571995611
215237,3691.5041250085596
215245,17433.046563106484
215265,4.134806464708074
215269,391.2876567881315
215278,77.94312012834484
215279,2706.3412440303878
215295,1326.4050072111627
215296,28618.904043836454
215330,7.97364407055722
215334,20.96558430837191
215340,154.83882894446188
215347,23.156839097793153
215352,54.880365201744816
215356,19.376975938148288
215360,444.4778963889695
215376,29.421375556819868
215379,1.0264886104129385
215394,1786.4754265964707
215402,147.8449466952961
215428,36.04916832014011
215429,4.195765488602932
215437,1755.387918877591
215441,5.403176421345788
215443,1098.7086829221048
215453,17.811959366394913
215455,4072560.630913333
215463,764.102742532773
215479,296.80861126001076
215484,83.11335815107712
215487,3919050.325080709
215499,2841.45220723551
215503,572.6940623317679
215505,110.97738273665819
215536,393.4004227983368
215540,5.9439311547863785
215545,8.644146857472535
215561,297605.40444753546
215566,39.264781059049824
215569,1.013721791649614
215583,258.0523261524347
215584,10.041793126692408
215587,538.1538185577954
215591,2130.397575253245
215601,507.0847083894448
215605,30.371661764966177
215610,224.15949447469424
215611,75.51868850282443
215621,368767.84055657353
215662,962.041185835912
215668,22.529173259900872
215675,17.613773787161165
215681,17.826667244342534
215682,7.304243982063793
215687,27054.511776232288
215694,414.62949114784993
215700,14.125291130057592
215709,4017954.4649003474
215711,15.01483259626265
215717,1566.7036968319142
215756,13468.344416125292
215765,1231.4141476996087
215766,8440.377507010195
215788,6527.8419542517895
215790,7964.258685834288
215791,40.96558630629294
215807,6461.194796520254
215823,2.14842702224642
215828,157.36301769801895
215862,12026.428580408767
215897,179.62169921148123
215902,3.9840541963120626
215903,5091.021988648176
215906,2003.1141061073222
215913,50981.348055319286
215918,207375.87183142707
215926,2.0184879989573523
215927,649.1705695631409
215935,535.9567936583072
215944,5220.686160142472
215953,14945.688763382399
215964,186809.8318082922
215965,195.5662228661287
215969,562.6483369311501
215978,470.17611196669907
215984,22025.79648060596
215985,983.8277428759675
215992,34.9465448478663
215996,5906.751872482261
216020,2.143723508946633
216072,287337.8723544657
216080,38833.85156365036
216093,4.657217442456853
216094,32177.443991357493
216107,8305.189435236201
216110,3493.352276573569
216123,3022.380682163492
216137,14895.739386822786
216145,120.86319029900172
216175,446.1100631492523
216181,2.1581948923452368
216213,1515.4192657704868
216237,3192.8878601014617
216238,1198.798605640499
216260,1968.975926425653
216275,8.500219913003004
216316,3137.4548642326577
216330,123.57053332345858
216331,37.492667335867786
216336,49.29390995556898
216343,40.34848858465338
216345,5.380853327365634
216353,2225.161930042001
216356,91.89734689698028
216367,1931.282470236949
216372,1080.0621931577543
216378,3669.8492402500533
216388,129636.27104530833
216394,24.346296844310952
216400,68862.79608503076
216405,2038.8282653164956
216415,5.290751748959299
216420,116.44097155713038
216422,2678.646270794904
216434,1916.5965389011571
216438,2650.324220827067
216448,1328.287781273823
216449,115.53864612760246
216451,6.070169541421448
216460,3555.071844286776
216461,405.6259090823343
216463,5240.988041589633
216465,2063.3186812920812
216467,466.6582243551806
216502,183.48525948968737
216533,237.96028338224284
216546,81756.03836425784
216575,106144.3716166587
216592,225434.81030373287
216601,5.087237371704191
216604,57.114701891264446
216614,1108.6119181328677
216642,375.0341475887207
216650,67823.78823072357
216655,179.25077531389348
216676,349.7918703721896
216688,380.6293403583445
216695,361988.51125597855
216697,64.79212168726171
216729,3.8542762442398293
216731,217.63877442487308
216737,973858.7112127964
216740,70.9596972933494
216749,163.5018841282259
216750,289.8719511738503
216755,503.2883047163788
216785,704.6258405728285
216786,2.810481375678463
216798,533.6001225863376
216802,46.63707823632279
216827,2413.946667827194
216856,42663.829000752536
216878,3812.717499789034
216879,98.52191533593324
216891,93.27166498578012
216929,517.2091682459229
216938,2.898790584270211
216942,148.10281648624095
216975,122.21743940260447
217009,2803.862759711833
217026,9.338437157742378
217035,189.5042963439755
217042,38.806955953774455
217061,52.78036298613148
217063,21.06258984371172
217065,378.31150559278035
217084,409323.1952565045
217109,456.2883901323204
217119,7.43103449722488
217131,580.7509183993562
217136,71.51112498815527
217139,1790.0899267405223
217147,21.61598109337667
217164,29.168395039137486
217165,34.11871462017014
217174,259.36598523153845
217196,559.8808592733315
217197,5592.934964670327
217202,55765.47975984198
217206,861.0234143843225
217223,28079.698596007405
217227,10.083291609826219
217230,2762.8969898616083
217235,7672.184729957713
217269,52760.57668588971
217285,73.45447780271195
217289,2372.3859776273466
217292,10537.37041125748
217302,3777.345997645767
217320,958.8559548959944
217326,61615.33343780192
217330,5082.726478508245
217332,807.8966978765201
217341,2820.9950304248864
217350,3898.627527739159
217360,2493.9975258827217
217366,24.1489602736146
217375,15937.302201244978
217376,98.27594819894031
217381,84699.55451947609
217385,2271.0153241689786
217386,9244.710378854717
217416,16659.136135021858
217428,397.07321194133846
217435,21465.053232682916
217461,242.16202242261662
217480,110.7185669043557
217501,36.37484870888108
217503,2.9988856183115753
217506,2579.896052710249
217512,118009.49872905258
217513,170.9101675425
217526,117827.53741047088
217548,291.15997745528574
217552,5.894511478851072
217572,2156.2609769655055
217576,17454.24631922546
217591,7.765462171148751
217594,86.31586898212421
217613,6.072660865234779
217633,19004.672381531647
217634,114.95938271616924
217663,120997.76831441182
217670,407518.75469427754
217693,2424.446692547992
217698,258645.98188533846
217709,25.01074873682647
217719,393.79323950977914
217727,38597.76514634728
217729,98921.70606678289
217730,2.8084899496981732
217760,0.0
217763,3853.6316656415174
217766,130.8748013228167
217779,17184.648822192525
217785,263.518832266112
217830,11.37316408290171
217831,365169.36913204775
217838,23.71132088736537
217852,8377.700282725467
217870,24795.353555653342
217883,36.97634661227409
217905,1.094488784574209
217908,17265.63489495514
217909,2762.2000915533076
217915,65.60777206313456
217922,2070.4764684265133
217931,53.284881848782774
217941,1736.1201318280305
217949,6669.128840223003
217954,98.80136850695989
217966,128.9335680438459
217967,40128.525016141524
217971,9290.424721935318
217976,699.7180967066274
217977,3831.435781178071
217989,75.9212300604374
218002,2025.956215791213
218003,393604.0254235452
218014,1260.6609088567327
218027,6141.872017156935
218031,44059.77867216635
218061,3961.988037043514
218064,890.2821979892213
218065,60.332270000986064
218088,672383.4251628488
218108,16.578881008858236
218121,1636.1905640940643
218135,83345.41571122398
218140,592.4865609947469
218144,257.2291507832937
218145,6.081815756353663
218148,197708.1847441781
218150,24.706640198724603
218169,20728.86113847936
218183,34993.02267160294
218204,158.7703238064524
218209,52433.93797480388
218215,222441.80843694456
218233,69.18802182403924
218240,205279.0443656868
218242,432829.28707582364
218251,23722.036382562674
218269,355902.83913804323
218323,2.9960935740776486
218340,117799.87503612487
218341,78.21795080836637
218355,41.08051451997219
218382,11.236703089081095
218394,1.097915532143099
218403,346500.453175397
218415,106474.98546828057
218418,865.1898193652173
218419,143.59446765612645
218423,14.482913530506156
218439,438.56465288733915
218446,15020.530584450187
218453,679758.634574073
218454,22.314922402589154
218463,409.41905550789033
218469,163.61160102450378
218474,2.0527559627996843
218484,5.099991970665444
218487,1136.5251639784963
218498,2.1184510931923795
218510,0.8792769930101949
218515,3.8688812650261584
218517,3477.7294873338737
218525,90.27030948005005
218537,156718.70894582
218547,3.836154707352624
218552,1209.508135114061
218556,5.485178560393029
218567,4773.022878708015
218572,210879.42607469976
218586,3.2361458733708006
218593,359.6960263547951
218596,77.31636676910871
218616,2136.029177635433
218626,3.090744563440799
218642,38.86107972974641
218643,950.6945631253511
218653,558.6212429571943
218703,4.146249328943928
218704,46383.1450834492
218705,188.44309476316351
218722,31.735448712949573
218727,298.9465715156432
218746,241368.80063988137
218751,726.5709727011804
218761,5.998020366628826
218768,197967.6385839294
218774,5262.251979382094
218781,30328.715540661782
218783,248553.4656141581
218790,8.588163669496081
218791,305.2646606870552
218802,7.464139003763049
218804,1389.7845625450714
218806,3317.456709146712
218811,240115.0442422708
218825,163665.28778703016
218832,1571.4422488298417
218834,1657.8057243230055
218839,253.40305353493463
218853,303638.18818517687
218854,80.14615106540273
218855,7.132112658964523
218871,14.493852150449364
218880,30.680124748132837
218889,2648.6962948352293
218908,14.227132591302016
218913,6.060884055519752
218944,2083.256648721032
218953,735.7235711526893
218968,1121.9488143966607
218972,1297.928942455965
219002,78.7887040734721
219015,1780.1280337829885
219021,92.66788559003945
219026,1.8619983076098872
219029,175.66803337208356
219052,1161.1036264232594
219059,244.2390623905478
219068,0.0
219070,2.7535471973513834
219073,100.39145296339575
219074,513.8421804035219
219084,2.206138774770454
219095,884.2973815409805
219098,143.22071346366027
219106,138455.8037707112
219128,21.32369001652099
219136,250022.36009451866
219139,8.361009414449764
219141,48.85948581822019
219147,39721.428086537286
219154,376.2406326342598
219155,81298.89392466377
219166,146.09951915578333
219168,0.9638053685422194
219169,32653.94684052182
219175,37.412253257007045
219184,61.401729542511326
219189,63.14371121760636
219191,155.6618921776239
219201,35.29385324917874
219218,8345407.678464793
219231,282594.42238206515
219239,115.94887933890843
219251,85609.57372996313
219254,329971.51016648446
219255,219.177929258784
219278,355252.1390723935
219299,349.7410299751701
219317,39243.060081182346
219324,19.0837869185462
219325,320.7842590588424
219345,420.0075366154466
219356,32.746673797946364
219358,111.50514650038511
219365,6478.90932069045
219371,185370.49175695106
219375,644.0980197905616
219391,1514.1132285115953
219395,2.7420178993266173
219424,271395.532537362
219437,1.9384764774489556
219439,3818.544877866436
219447,6871.121724564734
219459,3697.584118155562
219478,4.230961088941221
219503,4757.1626134461685
219510,4.005287527128209
219513,3.2585077479151656
219537,4.16232274202794
219560,28775.005439781296
219567,19.52104459343263
219588,1073.1738379249784
219590,29.635436208985816
219593,11355.947173194128
219600,211481.84817168702
219602,128.65314678521818
219608,1879.5748568276822
219638,1045.2205524849971
219657,207.39210390217997
219658,586.6327879871714
219660,322.26694808022
219671,1399.9358736439078
219675,4960.926868558212
219677,1014.2036425891027
219678,3180.447779693756
219683,95527.39403746546
219689,374.5903575501241
219693,12287.014998125405
219699,35284.02533552434
219706,706.8177870475918
219712,46.241785001861494
219719,0.9704304960882402
219721,415.88764075479617
219728,12222.757336184766
219732,3.232922791368699
219741,37.453268797921176
219756,37247.357956731656
219768,1150.268250106579
219771,32.27818280542633
219781,4940.242801096052
219807,5251.895571400209
219814,4.184570492526698
219817,11138.349596224698
219818,10523.852756789007
219823,1471.2873028133295
219832,1833.6483096801971
219842,3.126264171682612
219872,0.9038125070694565
219898,32990.413974130155
219904,1131.6986267423677
219906,109.01707262147892
219923,16.215443867520335
219932,2515.6862708507006
219947,32.66418964973911
219958,675.248814247005
219970,46.55690634408966
219976,15738.433709111188
219978,37.720641749461514
219984,547428.9947354209
219992,8.386401452444764
219999,7.665601432589782
220004,9475.70060603847
220011,3.043093431706657
220021,3560071.578518489
220048,43405.815964669615
220053,1.0123283501777465
220055,300.16459148956744
220060,576094.089675776
220093,230.07118072504858
220097,33.73849335212168
220113,21.327355108129055
220169,14968.16766995193
220171,4.307446641401015
220176,277.4780113247829
220188,43737.80779249434
220192,2099.1714564889476
220194,212725.85264584253
220196,3910922.891552667
220202,569.01205460048
220203,83.43668816746556
220216,2393.2763118457797
220227,101.5240404599458
220233,69.38570685350321
220238,945.5638912345306
220242,3482.8742674892446
220274,6.7222844395946675
220279,3577.356989785225
220282,12.34393759217045
220308,46.439565380995965
220317,1.9970424437672467
220321,151.86143661004638
220335,433.15761075486483
220344,132.00073841749818
220363,155.1748652023654
220368,3.9824157970813028
220375,1820.9679348131485
220392,98.22725173679788
220394,356.85263684081997
220408,338.79884778305006
220422,1.13193177419478
220425,1554.288160712686
220426,393.504596163532
220428,391.30015710192765
220429,508.867585580288
220431,557.6840405229082
220440,53.41440556472425
220445,6.042737238297658
220449,1.0284989889358893
220464,577.687102590491
220473,0.9753725725125698
220475,278.0178670212494
220504,372.86945701291273
220507,11.167289225739122
220508,13.822142785486587
220509,797.2910292898011
220510,48510.55981669403
220514,61093.91821971852
220535,413.9593160675368
220540,90675.76140820497
220543,364452.01840156555
220545,1081.4278957219076
220558,368.95288229724054
220582,13416226.000095932
220597,54.37929709485218
220616,172.59694160351867
220624,876.828003684927
220627,770.9337302734114
220628,81.8442288179371
220630,194.1449023845044
220639,849.36820817218
220649,74.10925261668069
220654,806.4106274031107
220657,1.006091793936322
220676,554.2157748278918
220684,33527.763066099214
220685,13249915.23858407
220700,41.41717141519134
220701,234.93083043768902
220720,3885.4024357810836
220731,45.43780919422672
220734,0.9661597703391638
220736,211.94033688421965
220739,241.07018684833278
220765,255.0006204924034
220776,1318.2228738116262
220808,27.127092749454206
220823,257.8049501613076
220831,292.3578720817958
220837,21.232943068604328
220839,171.7546051480063
220854,367.474943419268
220857,133.06490804987615
220858,0.8947835545045791
220870,394517.46206557256
220889,3491.6387846637786
220903,42.369576908378825
220933,134.40181720694528
220941,526981.767082281
220953,13.768216354221389
220967,707.0053509550227
220979,9.381031791233811
220989,11.262728291208123
220997,32.57375552294079
220999,507.34995227442613
221022,1.9855909756030923
221040,8747.763081353714
221045,16.065777074559197
221049,1.0321309218823957
221050,496.4182973183273
221060,54.92840435724978
221063,18.189409804577764
221080,7.137859794220133
221084,203.31473791771978
221086,3469094.408273894
221101,36.18673988212415
221122,7648.000664030047
221123,101.27139480770752
221128,175.86020951326466
221136,420601.4489105123
221162,413556.14578998234
221177,43.41215950016068
221180,69.22322461658047
221217,291.42318929526465
221242,3288.204603742871
221243,4963.8849635758925
221258,6.642238285691185
221276,347807.764281792
221290,168225.57319693148
221303,343808.4678003051
221309,2.107560860883332
221326,1818.8117293425703
221330,1.9743977959192798
221332,4184.338983490395
221335,0.9951756393471436
221344,16.225380214282197
221350,1901.066854187561
221353,110275.91886524043
221377,95194.51887822356
221379,69768.479258533
221393,1250.5157527590848
221404,14.624785159807598
221408,3881.383090533658
221410,90761.31264094196
221415,12.982858541034943
221429,54291.53399345163
221449,31.136890412920607
221462,6.607351891339996
221482,221340.44531657477
221509,959.5950631782351
221523,98.7836544023225
221525,2890.14020318316
221535,8474.450366934574
221542,7.336248118358943
221551,1056.108933036737
221556,32.75447429991749
221557,1057.5802924882676
221559,7733.35765680448
221593,95.39234951976023
221600,3350.233141879974
221654,225711.41572359132
221681,0.9423428559010049
221687,573996.6803227209
221702,193346.82127309492
221709,0.9952966500727709
221714,4923.935652166897
221721,99.21708485773243
221730,75.61923627881761
221739,97.82161004689586
221742,5858.901758156315
221753,6041.505846791635
221769,7431.380224921752
221774,4769.4520153203875
221785,208.93486770754274
221788,316625.0957499657
221791,1.0300708302263457
221801,2070.2069576286376
221802,377274.90427728044
221803,98156.34854405
221805,19.196736221937968
221806,40.215808923496354
221814,4.2688371220606
221815,25.305740372654242
221820,4.314816934506342
221853,4.332510959000813
221901,4965.497476329614
221906,317.8951735531095
221907,688.4846928536742
221908,851.5495628296269
221944,1631.469859555076
221973,8.592684679357005
221976,4724.191824844886
221988,6938.927867933672
222003,2.964316166184106
222004,257.2344996720533
222010,13.463650116928438
222029,4107.33459484279
222040,3873.670501139819
222045,5902.173041941452
222051,89676.23909578582
222067,226.33987686969496
222092,11908.760057245046
222122,821.3777224195
222124,19.574131047490418
222158,14.09292436390808
222161,5524.42696636177
222167,425667.5935201803
222216,439.17480225808737
222220,2451.4407131589137
222230,1502000.928422966
222235,348.7158373232897
222249,2.8610335778471163
222252,3422.113894216592
222256,579.1780195562536
222271,553.4258169568213
222277,23.89293889668658
222279,3329.1009129747695
222296,5.372022276982229
222313,1046.4944312559498
222319,35.75804483733588
222321,5107.964383620718
222325,79341.20585737923
222330,4.668610525639869
222337,1476.0572656525937
222349,2581.4591377449933
222396,447432.00069034053
222402,737.1993177666599
222407,249094.23489035972
222410,1285789.9246635265
222414,2211.8123797828453
222438,239.03398933719288
222460,985.9986951485256
222466,533.3802055660308
222473,326.2872631377991
222495,217.68902221394774
222501,63.1253383178626
222504,8.560698810078787
222514,68.46095929081906
222517,5985.135444098524
222520,383.7997335727574
222542,24.40726148026379
222543,2984.9078348175362
222545,812.2213150549707
222557,59.44421769968749
222569,735.71299809122
222574,26.392110254063965
222575,2445.99904703941
222582,286.0748395269488
222583,12518.969266030104
222588,20.373632416655788
222595,134.31500553880588
222600,1107.1627686081154
222623,2519.7542292691437
222637,13981.178378908857
222644,327.2817181572112
222685,354515.32037100557
222701,2390.0358690313137
222704,50.184319153306156
222710,15735.803786652416
222727,2781.672401347141
222736,12456.59560378107
222755,64.82921380742422
222774,8500093.487195587
222775,28.654350121391445
222785,70.59911920660892
222793,294.9843972220611
222811,906.9592161565913
222817,2176.0114954007627
222823,14.585896772613864
222829,8340169.152258344
222837,12.540366294533687
222841,31.243074008612297
222843,12039.248808273334
222855,40.785551520473966
222858,305.2728366716364
222859,0.9536851846767672
222871,32.09656305825478
222884,1.0291218123110186
222889,9832.73717477098
222891,39.02137731792966
222896,65.21132136976344
222899,200.8391139956919
222906,502.3097837742188
222920,31.902543378650684
222929,1496.820007239223
222941,212.60069167266545
222948,14191.48851299701
222975,4.973000840032569
222992,322.7817202526668
222993,483.8597213371977
223006,15.166617563970505
223007,357.4754458269829
223024,1.033613055724073
223032,43.09801387860829
223034,37.54690933371461
223044,143726.91246429834
223048,408.86925940686456
223059,11.060219605806685
223061,457.9878064335387
223104,75.95714711217572
223124,2214.8160117530756
223133,263.36911632961016
223134,498867.3276032633
223169,2568.3124894014645
223170,472.28705120160515
223211,11.97665633055719
223230,13.879499282008961
223231,18.193287928322235
223238,6820.863996091549
223249,59.51094694765811
223255,1464.948587995243
223259,202098.04372561543
223262,186268.3587097997
223308,22.41655636867042
223310,31.607517791888633
223316,3.6832219186655473
223337,122773.04133614231
223338,1.0498737089445886
223383,239213.9696135194
223384,2534.8842021687674
223392,36242.16012038913
223402,2.0293450776151993
223409,152058.86271380138
223411,18.244643640735074
223433,1509.7599059498862
223435,1947.9821616624224
223447,39.75951283426302
223449,264.110061908182
223468,383.85164791100186
223477,34.78483727731558
223485,3659.3543428154417
223505,2513.9433091691067
223536,142.48180886622808
223553,47.664162863204574
223559,1310.8842815827245
223579,581.4444026344884
223591,2025.5557359293773
223606,3.0185144969888924
223618,2928.4782183235175
223629,4.641831765405261
223630,0.9919394376784504
223645,337.9622333697616
223651,88.36310334653086
223656,28164.546781535144
223678,9970.54272420091
223710,1192.1850047032615
223714,26585.601229174194
223720,62453.0705060234
223727,8.315125402524389
223749,0.0
223754,44.16688445016737
223823,0.9625338523688491
223825,8.033237592240994
223830,645.4360123262097
223835,57.2876721497922
223859,127194.47955437514
223863,803.9260926228012
223865,1.051852436558488
223870,6.090684505616073
223872,47619.6252442924
223902,191.37928085332754
223925,139.63187005985841
223928,696.1233897688899
223950,51608.57136656088
223954,111.24203900389892
223968,76070.09354221704
223970,54.8477712742263
223980,982.122387627817
223984,14.175925662298003
223988,5814.426762830137
224002,757.6941293557392
224005,1134.6137055065724
224012,924.4661028028689
224039,1681.4880369967943
224045,0.9987614237563106
224053,6368.515608271909
224097,5951.421815169441
224106,26.906715958838067
224111,7906.43078346613
224121,971.4656761965462
224128,2728.7917763324685
224129,1289.6450825735174
224178,539.6588888476556
224191,7.790994722412918
224193,9691.5711154625
224200,1098.8086551940694
224206,2288539.7250512433
224207,1384.9795166735366
224214,12.116646937966097
224223,1957.3997599745567
224233,226004.38118126488
224245,5107.9066209513585
224263,6434.317407005992
224286,628.2871671827395
224292,61.6300824272321
224307,115.22808907870044
224312,2545.7899172153884
224332,122165.44981228339
224338,10996.312066318389
224342,501.7056770258996
224346,33.48674815897588
224348,2726.0969924854107
224351,552.3845575126895
224358,590.0901475035604
224360,18829.51351088347
224363,153076.50116560224
224367,924197.4750126636
224368,364.26568167499516
224369,303.2191549428617
224373,2.047652229811566
224388,956.9810273875939
224390,40.38149703380353
224391,2.1059172081357116
224410,1154.221713769027
224416,2506951.377638689
224434,1133.423448324796
224435,15592.832071696961
224442,3104.646655897749
224445,3387.578138278108
224455,965.2476756725443
224459,5110.3738631364795
224467,143.55707732060077
224475,63.148751467539995
224486,5010.10914676881
224491,15971.716613010973
224493,1698.2425167233048
224500,48.38130763115301
224526,506.139164578278
224543,2.2303510712994132
224549,404.76734866927944
224569,2.9649246172069903
224573,356.44544309877085
224577,11.582621282570322
224622,2.063133180764069
224625,76911.24502645373
224636,91.28708801005475
224639,112.6049023939431
224641,372.47015165024106
224644,67.62028043197542
224666,193299.936395289
224669,14923.21793801734
224673,34.26279797454434
224690,0.9933185478845761
224692,4020.224612959105
224709,323.4773197726055
224710,215.04207554277147
224726,97.70807817441357
224736,0.9854944177671975
224745,1498.384612281215
224769,3.7882650578147437
224776,131813.57265390005
224783,8.91800079997922
224789,1118.0050345818381
224791,1.0066954875815195
224803,135560.28040788
224829,3166.366276456265
224834,674.3643119081847
224844,131029.10072307246
224849,169.17356286484272
224852,2.8184104352454695
224853,12346.74624600957
224872,59.89199800140095
224874,420.81464257615727
224875,17.27835261747181
224877,141.83145396305238
224880,277.081593848899
224896,395288.018109558
224909,148754.0873893904
224910,315.937303948096
224938,22.957469669129406
224947,382644.0575429252
224951,3.7691396994892385
224953,0.9667272679097245
224955,12713.614574919571
224977,439.2594613718867
225011,58.77309025201396
225029,172528.86513129965
225069,114.58488676882996
225079,157231.18371550652
225119,43804.606800409776
225133,33.904468866276986
225135,4.226929123328398
225137,7718.681616372356
225142,151642.02409264783
225147,645.6621318672053
225159,4025.742977719387
225168,86.98387806887426
225174,1.0062702831793127
225175,239.91024878866642
225187,417.0423231121625
225192,1971.5438845493604
225195,109.08518579601987
225206,8.891472190933218
225215,138.7843028687305
225223,109.43454379405831
225237,247.45611699319625
225244,378956.02853752003
225254,50.989451827966874
225257,323.99072690989465
225265,314.44573075013034
225289,38.22184059624694
225300,12.147629364347214
225304,967769.3978459951
225314,4259.326172114389
225352,15.136769416312077
225377,3969.133868560955
225380,3722.48152642119
225386,23.69232690707061
225388,457383.81134398177
225417,5.113316192599279
225427,2503.550256327071
225440,32.58393327507235
225441,1659.9970220147916
225466,2189.4153737961
225469,1368.4547433718346
225477,4262043.448930008
225479,1318.3915397375597
225481,4880.113818292897
225485,233964.83193141723
225496,37.081520495552134
225506,22631.388208771805
225510,12741.795020015787
225551,2608.6921103013897
225553,1587.0116580978568
225571,5649.058453474016
225572,1192.590741233304
225573,23.854876281600802
225585,1050.168434667335
225591,432.3387149724329
225598,135.05436968938474
225608,1.0022600229612024
225609,6357049.726131398
225615,15821.508073376981
225621,1635.699743954901
225627,781.7982433075608
225631,520286.2747803794
225640,115.7882103106537
225667,2815.3304718404297
225673,715.1429841507021
225681,490634.5140731654
225683,525.4243843573958
225701,1297.8928597995584
225704,7446847.187311493
225708,1013.7550419798916
225755,1.890873328904522
225789,652.9661127297152
225790,4980.29738615471
225792,1.068492932357916
225824,2574.823812565762
225825,41.7995765710899
225830,0.9429866298019226
225838,2420.8371561392896
225845,17954.40875737436
225847,58.58951552334703
225857,26.519295127527478
225858,2942.7126574633035
225884,1864.6329848643866
225895,388017.5838829798
225901,6425.892145186121
225915,695447.0296160635
225918,0.908894227571474
225926,1296.785605814951
225927,31.801351288830098
225935,5899.366051124162
225951,12134.735133016096
225956,1805.462044382408
225976,2076.7002899189365
225992,8616.63903310137
225995,120371.75106709325
225997,13570.76211503601
226008,13486.396310927938
226010,250.7301321316548
226022,12641.205790900953
226034,11.16141541092788
226039,14523.43601093809
226041,178422.7902945833
226049,222.037091081758
226050,1981.1527030374355
226064,12915.524022126756
226065,32.48018592130412
226071,9124.72189212144
226083,10019.606919735725
226103,18105.616940360796
226109,10593.460054126052
226122,3356.4299913753603
226145,3341.718859370573
226147,8161.473435806792
226150,3.0376775441283526
226164,8886.929809094114
226166,42.47395183146391
226173,118.28590159078907
226195,69678.0781174884
226205,2632.6063613885945
226209,59.41049152649453
226220,9478.128291038172
226235,10840.05994894137
226238,26.273936249515398
226251,35511.125190072045
226254,35842.49781318757
226258,18.864265519758487
226262,9994.801711543661
226264,39447.58769465854
226271,26.26350932698921
226275,6333.251781670271
226277,1985.517346345325
226278,13408.190627936074
226298,5807.071509154055
226299,15.597344353390705
226307,1712.56220870651
226309,101215.23958479741
226313,0.9748548380508198
226333,2287.6253135418933
226364,6928.469727578076
226384,9833.79476455183
226395,28784.04344020166
226398,115499.10679344581
226399,1.8855413572452886
226409,68995.78403691188
226414,314.0179691692465
226415,2620.129464553473
226424,3300.3569825336463
226434,509.90992871054516
226443,1899.6396789416162
226447,10279.29130977363
226451,13094.839784522932
226472,5066.184195904868
226481,583.8481141027838
226502,9626.01465929895
226503,2289.4044887898435
226512,22.37747133165983
226519,18.336910634188534
226526,182.7351567494258
226542,4.169547623887949
226559,416424.6825280877
226565,1.8874999044160221
226568,43.768640771359564
226581,3469.515722236427
226599,326.3640778640286
226605,428844.54549974116
226623,7106.576255475281
226634,3216.555778952642
226639,15.659102751222445
226643,1.0157577472676322
226644,55.138597735783456
226647,4338.285388954195
226657,29.090169460503425
226658,61.54783340237205
226676,357.65494029650995
226685,13.409225525585622
226698,42.032501166182456
226702,10031.966848690583
226734,3884.7997811963232
226741,13317.616010675432
226743,4582.947988639627
226748,4692.3077692100105
226754,58.47552537610227
226763,170.30397135002474
226767,94044.34213433848
226773,99.7533986823493
226782,10.05300029868891
226786,514745.17885130405
226793,48.333510980483545
226827,3456.2398299678057
226844,201013.54020256465
226848,1201395.4581362344
226857,5811.902987358349
226876,10.680760336595636
226883,1416.2376080793515
226894,1889.0708334105482
226906,1950.9203337822532
226910,1.0326359818274482
226917,44.85662042432717
226924,1526.8856529637626
226988,528.0777519285895
226989,192.86130569567314
226990,855.3348717137839
226992,94601.96591186522
227001,154867.9587541292
227003,11.808511440354533
227021,24.820299347791515
227027,10149.62109706976
227031,17.271494101137144
227047,131739.79391060912
227052,2283.6845494055583
227061,1.037736108061137
227064,4607.637189328281
227074,59266.918132852996
227078,2503.745541302731
227079,9703.317305678545
227122,1152.0666463665293
227123,119160.59813867499
227146,593.2533336097661
227155,5.24117825979036
227163,5.02479050692708
227164,0.9053169190862612
227174,34.9215070471663
227181,30363.64820032291
227184,665.038427616529
227191,12825.395108877332
227214,536797.9327755076
227261,753.0484207103692
227267,2254.5604884790605
227274,2714.159306744661
227278,11056.817846516064
227300,33310.501440028536
227309,108.58345978574211
227346,862.0858325267168
227349,3.151790796359178
227380,49.80419005240844
227383,97.38177843768803
227453,129.58668570221033
227478,199817.23887862897
227480,28.365544190265112
227493,8741.329653364792
227505,2998.2507879317354
227510,69117.96614126244
227553,8996.901850685776
227569,776599.9313566628
227583,3179.0664721926623
227593,216617.07912575765
227599,0.9805141921396688
227600,84737.5281592647
227605,4681.623115434421
227609,694.4770752271334
227613,1.9728413290225417
227622,1922.5024941092443
227631,4056.456558182048
227633,7.2645738424908926
227639,177863.5589121215
227652,33.75030751338913
227676,68012.17433889135
227679,24.564399965586897
227719,84.68336576284128
227720,52.8649449754077
227726,2329.517464527311
227728,128.72134057017388
227752,834.3870106957004
227762,747.73450344795
227767,38.05156473540745
227771,45.03870282277002
227782,20.75035490748389
227807,119.15154766706418
227812,432.937106888711
227815,158.54581242060698
227821,48.08066694230621
227827,41.92771983880448
227837,681.0584057234926
227845,4309.889595694513
227852,30.825108514971024
227891,97.50929154615471
227908,69.04255497736061
227924,257.24416092057083
227942,2327.29913747231
227946,33765.23207135724
227959,1051.8518250140862
227965,821.8431951301844
227975,834.610953531862
227983,201.29459468315167
228004,1004.3691459545215
228011,6.54630926702307
228015,495.9008969625199
228020,64.8496003759934
228025,15389.743874267122
228026,3.6883061234754533
228028,2296.805425381227
228029,21433.789587677158
228036,2.1903084411696874
228040,66.88236225316015
228043,208.18259105671373
228049,1273.3096267021779
228063,23663.321357623114
228069,993.9911458446953
228080,1.9534187984310982
228081,353.938538424243
228084,105.65838240316191
228098,25831.06009385582
228100,455.8194233781355
228147,529.0006679021309
228160,2.9454594961874188
228162,2949.7477487125325
228170,389.36920093223733
228172,3393.4648469406843
228180,1617.6411488881063
228187,1721.950917701624
228190,27.079530195364068
228193,679.5019920252519
228206,19.8176564173816
228229,862.1868154930407
228235,39619.26765731982
228253,40.84245622499129
228259,2068.206335178022
228262,20423.522324892274
228265,313.2960511431219
228266,83825.22296930851
228280,1219.2387896740704
228283,19753.208360318862
228331,8397.152602498158
228339,15.686074089121938
228347,44.226335022802054
228348,1693.6263884980845
228374,4.895710246198669
228381,11.391973392245962
228382,39.70191544838724
228389,1030.461893841588
228390,1106.8758599050232
228399,517.4028392777568
228417,26.954491646152167
228422,19.030569478897075
228427,51.13060539544902
228441,106.24454733144498
228442,3247.450802097888
228443,2.7322737521257303
228453,10.390792224479021
228475,77.79481542025694
228484,595.6435925637116
228485,9150.561429571746
228516,2.872741889773659
228517,6.004323525291855
228548,376.2693584790313
228554,1.0221506774211133
228557,81.08056236977178
228593,1.9208936428927847
228599,267.52254719083766
228608,919.3542790516387
228629,418.23203546941994
228633,7.652430953805816
228640,2.583516307390843
228650,188.45942783118537
228652,250.26931584668569
228658,3601.115816422044
228659,116.55133824347207
228667,17480.3111356869
228674,206.29472172147888
228685,23.714650446535803
228716,79.45996768748857
228717,736.5193641218862
228720,966.6790013486291
228729,38.127282604677035
228755,41847.19180117541
228764,17105.081375282454
228793,2386.334585604612
228808,1065.0874708114725
228813,2.9800481639560354
228817,12.89900498473567
228818,1.107082486798591
228819,39.72985411385154
228834,4469.796598462901
228856,17230.919441591668
228858,388.288852689273
228860,2809.9460043553877
228868,109.48288868234653
228870,49.88941293939269
228882,51.49280186684168
228889,37.95664420797958
228894,171.70563995583663
228897,14809.965575348382
228905,45.17350030837031
228910,21856.34077748751
228911,583.6101909924475
228921,15066.540204131457
228922,15938.891232602255
228935,546.5585882594211
228938,12.981888971469765
228943,8.479560750676693
228955,29.056122448047248
228959,352.51345826862575
228965,67.07133706881996
228968,13880.25656484087
228984,6.626832189505723
228996,902.2700227553679
229008,11.681066472541211
229010,517.0341858996759
229028,95.09247652011885
229032,452.6237048089099
229047,1684.6665694625044
229057,655.6582057560458
229061,333.1713527429347
229063,13.867832962522408
229087,24.65033576621077
229098,650.8017290213036
229100,955.8368641169922
229113,277.89334042377305
229117,2338.461155048424
229147,74.81091760439116
229166,990.1093575193557
229169,30.53951354809982
229180,110.35061347348974
229186,250.54581159330263
229194,134.81533522637878
229205,15.074215189086305
229210,111.79538919572572
229212,5780.2944514018845
229220,14.996810238438819
229246,4.151860925660987
229248,526.5544871854236
229257,3604.080129438643
229271,1897.765968305617
229278,2964.6985981502116
229287,7.564047727657401
229303,1.018102734195045
229304,28.641609295706466
229306,638.5491927355162
229323,26.459328043358493
229333,1287.3881398501387
229362,1812.58844777047
229400,30571.35127179375
229425,7.759828154511495
229429,275.18374938684065
229442,15465.248611288182
229444,96.99319787861857
229445,587.3551826129928
229446,7122.525306620513
229448,24062.403385083322
229451,3.939587617251593
229458,398.7262431582971
229480,3959.229473897702
229484,10.211186269774565
229488,297.23419295370326
229501,141.73809280757
229510,10.757382298074583
229540,756.2586448422485
229542,286.5643609695204
229558,70.56261179270253
229568,1315.0528339526668
229578,50.624271067837974
229580,319276.82224311953
229598,25.435905861162517
229612,235.76182748780232
229622,2805.4767778055866
229629,18.32714184491609
229639,320721.73718999873
229661,18054.197541163696
229674,1456.9511892662192
229690,48865.44944712239
229703,2832.9694921779655
229732,1783.8380868926904
229749,22.11057823822642
229752,216.95201045992022
229769,6.207583614278688
229786,8456.052889329509
229792,1416.0684103652652
229805,17.068095732468592
229814,30485.614562664752
229824,76945.51650093518
229830,0.914254583582081
229836,52.129043516035104
229839,11.232065925743493
229842,13165.481057540455
229865,152.4446498734419
229872,113.90496718161654
229874,3.016011816785912
229897,4.109295187236165
229927,73.64715288663231
229930,47.2530594618779
229932,2.0166056314273293
229947,2522.8843528442508
229951,1.0065903123485196
229955,317.90822542597425
229965,44.33105778896308
229967,1373.7741136672855
229981,401.3044343673504
229985,4465601.805006052
230018,31.047736358895815
230022,0.90643648102873
230027,147591.5315247384
230045,326.22512730316816
230063,30.01511782355031
230071,35.67858347376515
230075,8.273783881350248
230103,52.87658214527529
230124,52.660543983424624
230126,21.73702532986772
230140,31.55770525272656
230142,1086.7560000041415
230158,125.44821712286385
230174,40.94669066709163
230175,0.9297383644312216
230206,292.2516510632366
230210,378.8327595713087
230219,396.6099435931578
230241,6782.743006297114
230243,3.246330709130106
230249,176.97406429822644
230256,68131.03858826014
230266,1.0850518221462955
230269,52.344772511645054
230275,996.4902371482743
230283,1994.8021344153892
230286,290285.89802870015
230294,4483.840547582977
230296,6.342194212702857
230299,1378.7208426892648
230310,1931.9568798946304
230321,34154.30497270834
230348,734.4306012616589
230365,135.0109062484631
230377,7463.762408623647
230378,72424.12445558167
230388,567.0288934103747
230392,156.55604108522851
230395,12.536638967444357
230399,586.4751018579094
230404,337.3962027749381
230407,29570.858839747507
230408,4.839444109921583
230422,668.4089889800902
230433,19162.919089322175
230442,275.89637079382254
230456,618.507154334335
230460,663.0206190053481
230473,21.949702380153695
230480,142.72953207637678
230489,264.907003251643
230516,9797.831411909166
230527,1598.9779647875657
230537,3909.5224990135116
230543,527.9601943140889
230545,2.0111066855583624
230569,228429.40019453625
230583,0.9951651083734434
230589,1172.1353425061748
230596,1011.3011923480591
230610,828.1037046714866
230616,22912.296671732893
230634,216.79921685789395
230637,59.10924613554775
230645,2415.5933039352253
230647,44.16016290823927
230679,1249.5863482502823
230682,1132.9080106168615
230684,22644.080375102192
230713,7451.348486306898
230720,334.2610588097528
230724,7408.668341199496
230735,1784.864021879056
230760,6397.729695471589
230769,497.9376277920903
230770,47.66428059741443
230773,3.9925347500031436
230784,18792.961419792682
230787,2916.14710005896
230796,31393.50593200036
230804,1509.5396743111155
230806,658.9978053948183
230808,1971.2646863999014
230810,19847.22811895051
230811,16.88351291868745
230824,57.33866646180671
230846,4048.660264696692
230850,120.3679123497202
230868,5.004050622938162
230887,4.298904920096569
230888,3110.6751500931396
230897,369.9575503421718
230903,2213.1850970642513
230921,1378.5365355443962
230923,259.5584172218779
230946,138.66833585229008
230970,802.5664433896948
230972,27998.31544711153
230978,15.168561164612928
230985,11399.329432716013
230992,5333.973920879815
230995,267.8337874924024
231020,6806.8188386604315
231032,11460.263323193822
231042,259.5142278239189
231044,79.11905071301665
231045,13329.079441970749
231058,10411.356602446043
231063,4202.662548307505
231064,2.8515157379702383
231066,1.044456229955661
231068,19.757622744967158
231075,282.14063322232784
231076,3724.963814796654
231085,6823.18635798411
231104,27453.905160419872
231121,1030.361786210596
231134,31.836043832442332
231155,420.3693789606777
231163,281.7760930491778
231172,2877.83159135649
231174,1373.579266028149
231188,3609.031010409405
231190,23402.5870927821
231199,628.8884203681681
231206,1699.1842863403476
231225,2274.9837852194178
231229,25443.4264231674
231240,7089.800104109423
231243,666.8899148347117
231257,870.2375026102533
231260,2.032859906718581
231272,26.323091402504183
231278,12528.949791244628
231280,5.738066974374167
231285,5.308265500075525
231291,36905.163569053555
231298,882.2139509367786
231303,12537.521765941421
231306,1964.8992943591393
231317,943.2963945387827
231330,9996.194798163713
231331,24990.97445296971
231335,48803.98468083856
231344,3738.179497722733
231353,86066.31747981398
231357,70.48771872393519
231360,12162.676647454417
231364,134.1066407641189
231367,2.059626897620483
231368,1071.7583847529384
231369,48.53999081069334
231375,144.8580808910133
231395,26.649872098462527
231404,18.591461320348206
231419,3358.1237073151437
231438,3540.077002903138
231443,73.43697428220302
231452,264.0941974088639
231456,166.68207834551583
231463,35.11212366686168
231466,30.910710394801477
231468,3.9514115337755684
231481,3545.2809565151542
231482,21.537458396258124
231492,83.29581306624985
231495,102.91412188069337
231497,4657.342714421019
231502,5.34466917694089
231503,53.70865501116632
231515,82.4831884860238
231539,121.7191146435359
231546,123.24640093726339
231555,56.62406434494314
231556,60.88674806898592
231559,220.09069095458267
231565,0.9332121899225825
231566,56.30380875345159
231582,12635.217305036045
231591,156.07782932612304
231599,46.28739008252739
231602,12400.74096256709
231603,9.021005111512185
231617,60.120933526933484
231621,586.3318758827471
231623,10811.310820753499
231625,4513.240898113601
231632,153.69344092850628
231635,171.1919906763519
231636,59.49999992530338
231638,364.17386120805156
231655,13267.557588085236
231673,27229.702377851077
231694,16337.77234549471
231710,33546.035317827766
231715,470.96212712330623
231724,19188.435259681035
231729,403.3148094699515
231733,253.4637242555747
231738,8.111821072482421
231740,3735.105732285952
231741,2871.6699958433105
231742,28381.10685445965
231746,20159.905533410478
231750,2335.8336178593195
231755,174.39112372282636
231759,1267.7105363263481
231765,24584.74320427427
231779,1155.3218072487778
231783,13156.50702671456
231808,4.113354533596741
231816,964.0466725877538
231822,269.9124491856834
231838,1515.92631825619
231843,32.23050062791378
231869,13.888759286965271
231876,571.294586300609
231880,1.9728823496252532
231897,48.568389294367876
231914,19.243964410373
231915,4.035452312879351
231921,40.9319059340838
231934,2258.5168824019133
231937,6.29839093592593
231938,56.204730302828416
231942,138.47731697317408
231963,606.1109013270242
231985,469.0230681727306
231992,2393.1119512382975
232011,5433.095216120675
232016,73.74369409847185
232021,106753.8787290575
232028,87.74893333578169
232029,58.64684744061428
232033,3.979940412335438
232036,20.745386659470615
232067,11491.53205257617
232079,276189.6911596232
232082,130.83608214636655
232096,11142.906537196903
232098,244162.3764571811
232107,9.531541033840426
232116,258.0391912979194
232123,2.8540724109534157
232129,21144.63655279884
232142,213.00774565630724
232150,4563.804683702051
232158,16482.967640972063
232160,14.708073056344235
232161,455.9058229672158
232171,5.253049214968783
232175,17.98050656359222
232187,9.426809194887285
232189,115.24600146494649
232196,48.38259726046482
232212,2252105.7342574224
232221,563.4120739604377
232233,41441.15925039798
232245,0.9931337681948919
232256,5221.477046736447
232257,368639.68010907545
232260,12.000761694240577
232263,3.241159088107685
232272,15.468592351189766
232274,53.14769464677971
232283,9.146856945183819
232309,4.904451909674774
232315,1.0006592813353943
232317,74.77101360577934
232338,279.52184809846733
232341,11.911749738845092
232355,2.7643447964436767
232360,435.32068232735105
232363,18.785718018180322
232393,151.802171145498
232401,291504.07066658686
232411,675344.3378140619
232412,7.65894352158976
232413,99.10697531742424
232435,310.1995814743521
232449,8.151844296681984
232456,19600.439878629066
232465,1034.2198997923153
232476,6.039832772235204
232480,400.6780173916842
232482,61.12065017843844
232497,234.26526932219116
232510,1144.9576855571665
232524,18653.811327504827
232527,28464.477741008875
232538,26.855738263171638
232544,1.0901645356248848
232547,14463.152259211396
232556,1584.231839140997
232590,186.34709818562249
232595,21480.25960539882
232618,27.539604670267096
232629,151.10587805912633
232652,192.6828097597968
232675,795.4217218159329
232676,237.0443893830899
232684,19.73962407626586
232688,567.6484041128859
232698,944.2992642738304
232699,394.47445136576204
232706,121.40678469055507
232708,258.7691435485749
232715,16006.24469990112
232721,4.759168979329087
232723,1.8475442861390463
232781,8153.076219815867
232784,10.202365362925601
232785,141514.4956245762
232792,44223.147918108145
232800,827.6424074606782
232802,33.81335626116757
232805,23294.652369981017
232830,69.52689568603972
232835,3580.6502044740296
232841,56257.799798672204
232859,5569.468412281657
232893,3023.5930646401225
232902,9371.05547809538
232906,782.4190062706011
232909,550.9353884942444
232916,3808.085204360452
232933,2765.2948364281942
232934,506.89694037102265
232941,4586.142152393184
232950,1064.1985891653753
232960,2422.4433123186996
232970,6268.625654531867
232973,366816.3774586153
232974,41697.762444581764
232979,28291.879457296607
232984,607.9678359597202
232991,306508.6140849287
232992,8035.2513981890725
233000,370224.8898298867
233013,577.5055819337214
233014,30398.60228881505
233020,8082.577780354023
233026,430006.74446797377
233033,1691.095857098606
233039,4443.046120231999
233060,10761.076476355885
233069,40246.19763519737
233073,38.707482346309995
233079,113641.72538108208
233099,20458.03626046324
233106,343518.86975914973
233157,9840.568235067558
233161,83.95254965979282
233168,81.73809269501389
233182,876.3128203608708
233184,505.29501659829845
233190,54.96307491129213
233192,20925.49808963462
233195,194.7063359231685
233196,238389.51372307108
233199,407405.5353378566
233217,22633.519967967266
233223,78661.950909902
233224,376099.3588385752
233239,42318.8814961319
233241,47.59654076683987
233258,96.41588686918251
233267,235203.46768996285
233316,5389.448586187549
233318,1155.239590536913
233320,482.0054221671166
233323,76466.58340723251
233330,36.6898522657341
233337,1.0514026788173587
233340,1892.6524943341208
233361,5708.610420366697
233395,79483.52191906616
233400,7217.90988169749
233405,5301.8238046425695
233427,514.2336772146405
233430,44.07001971227473
233431,23.898714805524193
233440,1475.521360457038
233446,33703.17162693285
233450,681643.0023357215
233458,7.299623453471156
233462,859.9782270217797
233469,172.76867215157554
233476,2714.7470495871057
233477,262.99147800236733
233492,658.4838451496513
233503,9574.011204641502
233524,10851.714483974476
233537,35.23105271533615
233544,406.51501708833564
233545,3525.112461694751
233549,657411.893582669
233560,79.22282349893415
233573,17082.09436344575
233583,786.5163268457022
233590,8463.750540744684
233592,651102.2277829368
233602,1165.0873070550222
233611,2713.0672917802626
233619,704.3292151098212
233623,1143.4453875419044
233627,8813.761939489075
233629,486.3837700443496
233634,745177.1789979666
233636,1519.3910220452203
233653,3350.23010000475
233666,209.67198123841317
233670,4.200494533517318
233683,8294.10140427451
233695,59.17566584916379
233701,37.3883826104555
233717,231.11873579432464
233725,74366.34991754305
233750,1.8994889409913478
233760,8.552058396244743
233762,641694.9296113314
233765,48675.91108271813
233786,5.073273862475044
233787,19966.889590617575
233802,138.91051708156854
233804,225.45652311588694
233816,15.548727805869515
233819,12.036983807763676
233841,227.8010925106131
233848,142.41281901528924
233858,15.628054765431726
233876,518.608809449522
233889,20.67881049445413
233897,22.840192306083907
233899,131.86948110543238
233903,56.21011146775383
233908,1.0500330197186012
233917,31.753292614985334
233918,545.6792319238124
233924,5252.694296856768
233927,5.541574875724641
233947,3860.6068840811135
233951,1183.021312757184
233964,11.078041510442464
233967,412.39499801391446
233989,12180.892797896478
234005,128.27881768626585
234022,360.90607715418093
234029,989052.1560915515
234032,943.8248623244702
234049,12.140493991670716
234054,24.730648318682647
234071,116.20105100603017
234082,0.9709400594778194
234087,81.03501678996219
234088,10.77267339712314
234104,3229.003027164191
234119,17.245782068681965
234123,78.76729518184464
234124,136.7935779999182
234126,6.305931774717179
234134,13668.682964821182
234139,132.1740915739537
234143,1.8928741313460935
234155,104.84814625777561
234178,386.1793298393708
234180,18.054779036938648
234184,202.2105899720271
234202,5.269444352770267
234209,327.83018239791653
234210,47.413360219261854
234219,106028.1556678917
234220,19039.88064462259
234236,43.02683692399346
234248,125.71028184806657
234249,929018.9205697819
234254,102.21272453346958
234276,49.82491315460571
234300,2.5871473870773145
234310,283.02661604375584
234376,311.62357641885586
234382,35663.1014785755
234384,247.566195919733
234397,1073.4879730432358
234407,473.1939516663682
234408,808680.835006949
234412,1119720.3091757942
234422,67.32469314183426
234436,35.44588327226423
234452,1172206.1492567135
234458,59.566276422822995
234462,18.1623666326316
234472,5.268876916629833
234489,50964.00284654958
234494,208346.34193680785
234502,3076.185044493923
234515,1646200.3051088732
234522,119884.64767075921
234546,3249.055693863129
234552,462.86913572240553
234553,1230632.3193975457
234555,27.14084634380314
234560,60.03073998905922
234596,70.37297030215592
234597,226.66938266545333
234598,20.759340599656014
234605,5999.466431124822
234610,3315.3697766450055
234626,15.900685852464044
234648,365.00340115223213
234651,1367438.0632206367
234654,1056294.5481295218
234656,3.1091754881277467
234657,195.9295139492255
234664,316.5670352205567
234679,660.8791748997967
234684,30757.716554253282
234699,69.23338208438751
234702,33.17368215346769
234715,382.02945327954484
234721,64.06901324188016
234773,6285.856336591981
234778,11893.190773314487
234796,6.510231008363987
234798,714.5939528034869
234799,1679.4082508315778
234811,67638.27380059125
234821,5.310025361461235
234836,5.898112114144199
234840,100.05058765424498
234883,90.03464256835352
234889,1814303.6481134063
234897,809.4328798631818
234920,7.153877263510935
234929,28188.78198666602
234930,8.25892369879004
234957,86.6584654563793
234960,5222.608710433042
234969,23.401155515787337
234982,639.2680641530203
234985,1953.650121174309
234999,73.56516699896557
235000,24.274593002822257
235015,160.80084466955603
235048,607.5122220932216
235058,10486.121281416716
235065,1.0302294102022471
235069,236095.2312896337
235079,22.799048598536412
235084,9.382325528472405
235087,11653.16782543746
235112,205.91192534705806
235113,103.96362409947054
235135,72929.22115527662
235146,15.071448712316547
235147,97.871166680439
235148,8626.99230457246
235165,1617.4820361615164
235178,73.55226468892432
235192,489.8577785336069
235206,1649.424469360546
235220,5623.871501795227
235233,405299.010297783
235257,81.03603421677727
235259,99.1913285648573
235265,2483.65975794877
235275,5524.416630745809
235276,3275.831544752647
235285,121.88004084293325
235301,850795.7208432187
235328,55259.11665812121
235330,256.12882444299146
235346,27.53458360918554
235349,31007.32508391671
235351,81436.63700951452
235352,130.90588356446497
235375,4883.940477147756
235386,53791.09611875164
235390,70.50192758241954
235417,564.5372974835045
235421,529.8308692285519
235442,3844.653426320236
235466,261103.73501772608
235467,478771.6964589785
235480,2.0510474779003216
235485,1280.6708385205652
235513,491.75109592784156
235516,4.012486125392568
235561,1027.4809095656624
235562,4966.482822633777
235563,280937.83270374377
235568,46423.83949585877
235569,1.9783216121041172
235574,1847.4732795893697
235599,36109.20896675401
235616,4392.597546928773
235619,43841.52360316505
235622,66735.63290786871
235623,332.7791399490838
235638,3311.699279419086
235643,243.66139169799138
235645,891.5289886171084
235653,134.87116707972498
235654,4.742291333797048
235656,1607.9297025674186
235660,208.18662064962774
235673,49.74623002330904
235681,9333.471389044495
235684,138.76199228695492
235694,746.0449889005984
235708,145.47633987500006
235742,1.0920561702792644
235753,371.4257840611664
235754,791.2986807157374
235786,3223.1600835230156
235789,485426.1020746928
235791,2651.6722328093288
235794,1127.7623860858264
235804,1005.5481167922565
235824,18358.659912674662
235828,2606.8532527387824
235841,60.562151091439134
235847,33685.3347939717
235857,148098.25113775083
235859,20398.746153962733
235863,1401.5138579459267
235867,40.799467777296734
235871,1113.4725667532457
235876,277.2091283735564
235883,2681.2886970841055
235885,139.17203803379925
235887,1.949466586758914
235892,251.8733434155679
235906,267.316537732532
235908,379.8412426472638
235920,86716.10559875867
235933,1251.520418522962
235936,224.75305323899534
235965,356.50086179009287
235972,212.92981310380992
236000,52.47969404783143
236016,508946.7144846527
236018,13804.359267123555
236032,6.751622590607952
236038,117695.49030474333
236040,165.32914327005182
236047,79785.08579350829
236048,994.6060096696474
236058,2796.776251167458
236068,30139.36645351237
236073,5675.820142962719
236077,13428.365593487672
236092,519.1161483788775
236093,734.5934260695822
236120,336.8772846877929
236136,289.34108276888236
236143,127.8471146814369
236153,131.07730587765312
236154,49237.748285282985
236156,10615.557433673692
236157,4.416022032439665
236159,5694.6707524879275
236161,28754.568115923754
236183,462.92705015015616
236192,6441.35918637673
236198,174.52080565499628
236223,6236.210818707615
236232,18.86991277613673
236238,550.1768468958486
236241,126.21423559690888
236251,146.2005065298105
236262,90.66182108466691
236273,112.86508015763573
236275,18.10147760819167
236284,150.51210430760506
236291,40.93523222940748
236346,517.2915366049793
236363,0.9926053955823809
236383,24.344432399476744
236387,71.29209093054273
236392,128927.84825108337
236419,114.39381470365817
236436,30641.64303185265
236449,85292.87631560609
236463,8.793192190834093
236465,35604.7732883377
236469,1.9726778282551256
236482,14.729390639699654
236484,89045.3110728714
236487,120.09895100020383
236506,410.3674287363112
236510,693.9917873054097
236525,3408.5212758296375
236535,5.697777362677631
236551,4451.721148863993
236571,7.722664367530419
236582,2895.8107568708597
236596,201.61472222749916
236603,50091.316458853056
236614,78.92206022739798
236617,1033.8887416670552
236627,921.5093693854325
236628,51.90076260510639
236631,153.3882852619879
236632,37.77362407563239
236640,51.58535962720853
236641,5905.246669361889
236642,1400.5465514081077
236652,129161.53167912291
236653,2.04878076717881
236691,72.06896316265515
236692,31.494337215973815
236708,191371.42265239215
236720,3440.049141469146
236732,11818.640788723857
236740,40.71381332306763
236745,12.988112181785677
236758,17570.891007941776
236760,224436.08509534464
236765,35.07390740350205
236769,48.98085317879651
236788,28.610979298113214
236826,387572.9136578382
236846,40930.682312570745
236888,144341.27388677673
236889,73.93315433904722
236890,2299.426673795834
236929,34172.167168881075
236936,44903.4194218339
236941,430.3289558908746
236956,1642.9659859255971
236957,325304.36141917453
236967,37448.140119164906
236975,22.439056728332748
236981,115518.99651257691
236982,27192.949644065124
236985,7570.767911168216
237007,2451.34691401767
237011,733979.3964577337
237013,3676.2298635731927
237014,447.4011402518365
237020,2333.465177508023
237024,19.026439409443505
237035,21.49862739912659
237044,2104.395923612057
237050,315.4247184474163
237058,368.5687786797875
237064,95.50142799766267
237093,1056.977745527159
237095,712.7926827781841
237119,1796.1459190786875
237120,134.28553869741486
237147,3904.4809637411354
237161,448.07150817674045
237168,185.8494621855823
237192,638459.3121413304
237200,148.3129433199485
237211,1109.0372930894325
237222,438234.77921835636
237226,47304.063970913994
237233,17.01228132442602
237242,23.269768092820144
237244,1250.4901526893375
237249,1939.5484052203244
237254,390471.8290030845
237311,259520.1945331798
237321,2957.120910800874
237324,2608.415908979318
237336,51.50131751930222
237349,274787.7872469143
237350,457.69448323738385
237356,408967.2881794028
237359,95.82584422522555
237361,156.96222596113662
237362,2876.5559474554475
237366,30.101005042133337
237397,371066.91155841
237405,1047.1959199900382
237407,138.56056867185734
237408,1013.4946864462478
237419,662.1819677969869
237422,99460.21267097599
237444,161.50795220959975
237451,31.175165669364127
237456,207.2414664703606
237477,410.8267990820315
237485,13.920159932579345
237492,113619.79405919698
237494,64.0552205224604
237500,596173.3324183044
237511,295.56513358964986
237513,157.65809314798358
237520,699.7040630107659
237543,39047.06637759841
237547,750.29131612826
237548,136698.2933637655
237556,1973.162167578136
237563,19.467751208305316
237566,28.993323107967566
237567,46.55629337204223
237580,148918.44162024534
237586,523393.17260752077
237588,10.715332080953289
237597,355.23746673392066
237605,13468.800724746532
237612,1.0694136292009901
237614,1.0419528332175976
237648,4230.598710438829
237674,3607.2832851926423
237677,329.1877642831404
237704,333.6522504640773
237717,105.55107288885219
237745,38.037523811490225
237760,526468.7452583768
237761,16304.427008587585
237768,58.35235956346328
237771,21.241021188397262
237772,775.4031978759541
237779,84.28425520371675
237782,314.565010098828
237786,643567.1469235747
237799,17543.402887958084
237804,21778.894186620095
237809,134.1332243285727
237843,146.99290435500174
237846,859.6007206168277
237848,686.1707987124846
237910,2.003974321606051
237948,1558.2866356438276
237949,5.08012315625661
237969,1720.2503635529363
237971,131.7894196034349
237973,709.9234260868245
237974,10.032978294407208
237982,24.17454763391938
237984,32307.3421663482
237989,697.1416769069605
237994,781.2117212620224
238002,29680.449385827476
238010,117084.86183522675
238017,134492.4010331341
238034,271.2179112536974
238046,1026.1321478615803
238087,134463.0768118868
238094,337.52284386328665
238100,2.0208808537994423
238107,757.9425167567995
238118,393.07495324520085
238149,113.45576786178488
238162,79.73178171015438
238166,64.17302277517545
238172,19.778312437943686
238183,2636.912211312079
238199,122460.78975033753
238216,1.0531635657702285
238246,99.69461433586312
238251,514.8691010267876
238260,150.91838282188593
238263,8.66217516200023
238270,75569.70659765713
238283,13.354453258877285
238293,91192.85511267044
238298,64223.2458749467
238300,3.8424852796358135
238305,1933.372787334099
238317,192.80776271067313
238324,11245.621715275833
238348,39731.466747249586
238354,262345.4018475995
238367,814.1127496417861
238375,847.7737800348865
238400,562.5778075046171
238408,25604.345980961763
238458,34.669618090170886
238462,55987.44729331995
238470,1678.9590456698695
238513,711.78377010602
238516,52.26824429086858
238523,43321.60079126125
238534,2666.07916696716
238551,29.438114337863617
238556,74.48135396948646
238560,38158.79614151065
238564,952.6339741302446
238591,669.2289856756547
238613,21573.171987585716
238622,18.352926417498196
238624,31.18205280107344
238626,618.4509637421452
238629,5369.78836551947
238630,491.2170051276093
238632,72.12399360820253
238644,2881.922608712875
238645,526485.9612574162
238654,12.23330745587079
238679,1267879.132122386
238680,23771.66549199368
238710,220.12063678215597
238714,41.67108043859333
238718,7967.4087272631705
238721,1022.8793379964354
238726,14.68545632351101
238798,47.11782521792913
238799,511528.932921628
238806,12.112916101572035
238816,212.4357384098664
238821,1100.9368942506624
238824,43299.907417138325
238825,740.4067702668966
238830,14.709224553102697
238831,12111.009571187038
238849,532.3199117519194
238858,7022.4978721750995
238876,776.7574280116982
238887,128.26420232071126
238888,110.24461706250285
238892,192.07776118909115
238901,401747.1368172535
238902,69.49771478214035
238905,192.12946042496594
238908,34.37871523996028
238913,91.30634480977254
238914,632.3679809719317
238922,816.3952691142362
238935,914.9545539382028
238941,15373.677295756517
238948,567.1663344583822
238962,6606.83833338187
238970,45317.81070938548
238976,150.27693001223346
238977,9582.599175920956
239003,7599.890480171849
239016,15084.752391000879
239029,1738.7120936952995
239031,30612.39830144142
239046,7932.570007527876
239057,15248.68924686784
239069,419.31575228664485
239072,423.9824269939954
239076,47.66716317054559
239079,2265.21927101075
239083,1255.5699567962977
239084,81.34665639980074
239089,124349.1251568293
239091,205087.9566867682
239105,9827.329026492227
239118,35445.250791496335
239134,392.90403547219194
239146,5828.612231585278
239185,9.53933320817919
239200,19130.27193043187
239221,52802.242362223835
239226,327145.3655396896
239233,85.62516150394187
239235,8368.112890425376
239254,200516.32874718859
239264,37.345149948952546
239276,41814.55004333602
239280,49.603088482528285
239284,40123.09353019695
239290,10543.85905600506
239293,31175.28177119349
239300,4614.356053473239
239310,255087.76759775178
239317,229036.49176333164
239322,10.949146190127824
239323,359.2868154191795
239329,34.78133994834308
239339,3860.29282421114
239341,437.15341463485987
239343,138690.1069988694
239348,42.71214904977546
239363,286493.55837230064
239367,20.29158107793623
239368,2089.686983820645
239371,2417.8973697400393
239418,225088.8014264324
239433,56.06014351796311
239435,2552.1162393767204
239466,38.98344984154139
239470,423.09938906444154
239475,3269.7299467994235
239476,119.134227680953
239481,382346.0643052218
239484,14678.64219158289
239526,92.89841026194122
239538,121.21649699128041
239540,429528.04634813603
239561,228134.90964045326
239567,244348.0773400065
239597,2006.7677984497868
239604,464721.2246342745
239609,513750.9665637626
239610,1565.9560684501246
239631,8748.800907858364
239644,70.46727743105507
239655,10408.524896726523
239678,1334.7298743683925
239679,28259.24146092271
239684,11.894059759898294
239696,582323.4587352491
239720,75.87335781603102
239730,1152.8598497011685
239731,521.1878438512605
239736,19515.65781920672
239742,3754.3488212658126
239764,1232.7578305497436
239767,273.4060578100001
239788,1377.9920677879613
239791,501536.492374054
239804,7340.591596916096
239811,25135.78588817121
239827,18.78470048590603
239831,1151.399739963655
239872,338.52427384685825
239879,1300.9228727357402
239882,357.9453588859928
239887,10.452943719166052
239890,648.3619093256092
239924,215.39279156704555
239927,209.71010046842437
239941,3883.5378710126265
239974,849.5297266930122
239977,317740.4375323438
239979,16456.034676705098
239995,653.0245048411907
239999,77.08887292875069
240008,718.0103117631049
240013,13568.499433459188
240014,0.9498050692861028
240020,15390.210046521908
240023,489065.30242512637
240029,2391.319511422399
240038,10.686361793638357
240040,421.02480960453505
240059,1945.2722209581366
240064,54720.84583593672
240066,75.88240368194185
240071,1505.9342190422813
240081,362.9957757069138
240087,1270.2003946712525
240104,74.30430495382299
240110,2.002876747770854
240112,4305.787552672283
240139,597.9549625102077
240146,388.2777942089128
240149,2389.1408365957363
240164,1557794.3147393526
240166,43635.04934323783
240168,2096.450339531244
240171,1814.0956985450393
240180,377.72107901957554
240190,1069.483797939774
240193,362674.77052745194
240208,32.51285431978251
240219,1.979296571639952
240230,19182.115162919254
240234,1608.2365115643627
240261,15161.071554992375
240262,528.0214633813877
240269,1971.9424818239963
240278,1273.7237211024487
240286,34.8244806334104
240293,744.7229072633628
240299,37924.82070679434
240304,178.04459829335724
240334,31.310601553901886
240343,28847.503588787185
240367,279.8171435191824
240368,543.4798249166683
240401,360.9497643662047
240418,26.129993808266036
240424,65.81187841074903
240432,2712.718864980231
240437,55.78342148176277
240449,1296592.1065478683
240450,44.43672218513976
240463,21.20030882403996
240472,1365857.2965893669
240497,260.59300679521743
240514,600283.2336984072
240528,828.0735587856979
240536,6.365019081185828
240540,59.41363294807684
240542,2371891.058555262
240558,100.16157300048434
240567,284099.2266099165
240589,3.0262389795088156
240626,1901983.170546481
240639,1186.1506840036961
240685,5220.687219544003
240689,356.730841295557
240696,45.86381156160799
240697,994.7183946533056
240708,346659.2965012904
240709,641.6130987602743
240716,3095.637792487
240718,5301.3321626232
240744,390447.1203838484
240760,814.5946809465366
240769,328.2379139567144
240782,172784.10625759544
240786,576412.7659222296
240791,8721.390506442047
240798,10174.247501779455
240803,17.828239925020288
240810,35267.45101644786
240813,261857.4275767807
240814,13074.894944183601
240818,75845.81723361688
240833,18401.70501915887
240838,268465.97656610125
240841,126.31706459037493
240843,9320.645220451783
240854,35101.63869438156
240859,127.24340738060738
240876,15093.432088541329
240907,514.8680073501753
240910,176.1459157360179
240915,7917.523552817681
240919,76663.31584212
240928,156.36042741932408
240935,9982.517889938103
240937,56.673812613781664
240943,133.4927575465902
240957,496.9253963224121
240965,3790.2017427860565
240995,85.08941385510593
241001,8104.292506166619
241011,176.38804657666097
241013,224.12049298798323
241015,14943.136946339355
241019,24.94717854027555
241022,44.42954095203066
241026,5196.608031856683
241029,4726.298811305414
241049,46.27831250759322
241058,5743.133113733672
241063,8870.803691541065
241069,874106.9128827145
241077,13914.747209546129
241090,11522.049257748038
241094,754.831319601533
241100,3042.040579068331
241132,4146.726335877964
241133,386703.73153120716
241150,891.0033655098216
241162,282.64823095047643
241179,41.96214571056322
241196,2022.6862891999122
241202,202.85225732495212
241215,93.31320070143786
241221,224.32596068002817
241244,6965.409604718724
241246,1389.3522062611185
241257,10979.920991494571
241260,14582.953586217433
241264,44846.42005916682
241269,1956179.3405914712
241276,134.23205515896743
241277,16072.740062541825
241279,1933.683303499458
241304,1928172.6892795684
241310,11735.84028092876
241311,43.044246002019506
241316,1164.0300010414878
241326,534516.5797066357
241346,13296.860693474597
241349,5514.603924472556
241352,16018.844968365094
241358,132211.1450162228
241367,144645.23372836364
241381,91.70377430592762
241383,10088.482158931372
241388,3902.592414923947
241406,6.039267815543077
241407,1737835.9096348602
241431,15109.048009639871
241436,89435.41869986765
241437,206.66051990114133
241441,916.9297458572031
241457,1018.7135364630948
241476,14.384452435509086
241481,3698.6773083382313
241484,322.3051306041559
241500,253468.85258349113
241507,10.711483973373852
241510,1813828.3230610075
241511,3539.71360094308
241515,648.9926040104303
241535,236167.60324295226
241548,6151.11372786589
241580,954.9848688628323
241594,103890.8277291154
241602,195609.7879642868
241618,1331.172283775856
241620,58.40381201515173
241631,25045.963819887435
241637,1593.9240126606426
241649,273.70976956262274
241654,7555.707277852103
241741,6981.455364355795
241770,2767.774928872374
241772,347.46809137777416
241782,304.0534753811323
241803,20.364494063719714
241829,7.377056261898898
241831,579.6340500384568
241834,216.75567642645657
241837,88.28354925663096
241843,370.1340171934034
241848,11980.027328528102
241885,304.79961488952534
241916,2.9089629485506983
241929,733.1794827379297
241936,20278.035155343405
241937,2080.8170381604928
241938,201.24238485506925
241942,76.69581894048298
241965,139.1108756985267
241966,689216.2050059042
241977,127.53376944660191
241984,12.222675576037542
241988,105.74936367618902
241992,671.2606299461132
242006,18083.244504847127
242008,140.51659322855278
242011,33.4703970695499
242016,11.369028395982944
242019,299.8011003813809
242029,645.790543575109
242047,32.795751077935456
242057,14.748784706171953
242064,347299.8004228933
242065,565.014265102276
242071,5.071571345165938
242072,242.07976273336075
242081,5.2977004297426324
242090,3519.099440248238
242098,27.10872756695522
242102,101.7954344491127
242107,4548.733343917149
242132,6965.190360438737
242133,60.535564464307924
242158,742.1303287512446
242168,83.22250678726607
242178,76.51091759800244
242185,2641.725301291115
242192,578864.7581066361
242202,57.6819734399633
242206,49.99842084538882
242209,97.20678925314134
242212,33.71620519629619
242216,16940.96001657452
242249,27.762393914226905
242280,613.3531173245208
242283,3283.3262199737424
242288,774413.3185978177
242292,138.60345952984846
242295,15.96853644384224
242298,206.83458557038182
242307,18.85902655584897
242308,120.22837758863712
242314,41844.757442305214
242336,72.14132361657138
242343,207.81609631717708
242358,456.40449308024995
